id,title,description,availability,condition,price,sale_price,link,image_link,additional_image_link,brand,product_type,mpn
20804,Rabeko Zero Non-Stick Kookspray,Heerlijke smaken! Bijna 0 kcal!,in stock,new,6.95 EUR,,https://thehealthhouse.nl/product/rabeko-zero-non-stick-spray/,https://thehealthhouse.nl/wp-content/uploads/2022/12/cooking_spray-italian_herbs.jpg,"https://thehealthhouse.nl/wp-content/uploads/2022/12/Rabeko-Spray-Chili-facts-600x600-1.jpg,https://thehealthhouse.nl/wp-content/uploads/2022/12/cooking_spray-butter.jpg,https://thehealthhouse.nl/wp-content/uploads/2022/12/cooking_spray-chili.jpg",Rabeko,Afvallen > Best verkocht > Cooking Sprays,AFV-007
21472,Dorian Yates Blood & Guts Pre-Workout 380 g,Geconcentreerde Pre-Workout 380 gram per pot Verschillende heerlijke smaken 350mg watervrije cafeïne per serving!,in stock,new,29.45 EUR,,https://thehealthhouse.nl/product/dorian-yates-blood-guts-pre-workout-380gr/,https://thehealthhouse.nl/wp-content/uploads/2025/09/dorian-yates-blood-en-guts-380g-cola.webp,https://thehealthhouse.nl/wp-content/uploads/2022/12/nutritional_facts_blood_and_guts_1_1152x1200.webp,Dorian Yates,Best verkocht > Nieuwe Producten > Pre Workout,PRE-027
32319,Ricoded Fit & Focus Boost 120 capsules,Extra energie boost! Revolutionaire formule,in stock,new,24.95 EUR,,https://thehealthhouse.nl/product/ricoded-fit-focus-boost-120-vcaps/,https://thehealthhouse.nl/wp-content/uploads/2023/03/RICODED-3D-Fit-Focus-Boost-120-vcaps-2022-e1670671611120.webp,,Ricoded,Best verkocht > Nieuwe Producten > Pre Workout,210000004200
41183,The Health House Creatine Monohydrate 100%,"Creatinepoeder met 100% creatine en 5 g per portie, voor je krachttraining.",in stock,new,14.95 EUR,9.95 EUR,https://thehealthhouse.nl/product/the-health-house-creatine/,https://thehealthhouse.nl/wp-content/uploads/2024/06/wmremove-transformed-4-1.png,https://thehealthhouse.nl/wp-content/uploads/2024/06/Scherm­afbeelding-2025-08-04-om-11.03.16.png,The Health House,Best verkocht > Creatine > Nieuwe Producten,DEA-034
45196,The Health House Platinum Whey Protein,"&#8211; Maximale zuiverheid : meer van wat je nodig hebt (eiwitten) en minder van wat je niet wilt (vet, suiker, lactose). &#8211; Snelle opname : verrijkt met HydroWhey – strategisch gehydrolyseerde whey peptides voor een razendsnelle opname en werking. &#8211; Hoog proteïnegehalte : elke dosering levert een indrukwekkende 23 gram hoogwaardige eiwitten .",in stock,new,39.95 EUR,,https://thehealthhouse.nl/product/the-health-house-platinum-whey/,https://thehealthhouse.nl/wp-content/uploads/2025/09/platinum-whey.webp,"https://thehealthhouse.nl/wp-content/uploads/2025/06/platinum-whey.png,https://thehealthhouse.nl/wp-content/uploads/2025/06/nutrition-facts.png",The Health House,Best verkocht > Eiwitten > Nieuwe Producten,EIW-019
45304,The Health House 100% Creatine Monohydrate 500 g,"500 g creatine monohydraatpoeder van The Health House, met 5 g per portie.",in stock,new,34.95 EUR,19.95 EUR,https://thehealthhouse.nl/product/the-health-house-creatine-100-500-gr/,https://thehealthhouse.nl/wp-content/uploads/2025/12/wmremove-transformed-1-1.png,https://thehealthhouse.nl/wp-content/uploads/2024/06/Scherm­afbeelding-2025-08-04-om-11.03.16.png,The Health House,Best verkocht > Creatine > Nieuwe Producten,CRE-010
45508,Cellucor C4 Pre-Workout,"Bevat cafeïne en beta-alanine (volgens etiket) 30 porties; portiegrootte volgens etiket Mix met water; innemen vóór de training",in stock,new,21.90 EUR,,https://thehealthhouse.nl/product/cellucor-c4-pre-workout-30-servings/,https://thehealthhouse.nl/wp-content/uploads/2025/09/Ontwerp-zonder-titel-36.png,https://thehealthhouse.nl/wp-content/uploads/2025/09/Ontwerp-zonder-titel-37.png,Cellucor,Pre Workout > Stim Pre > Week Deals,PRE-025
45602,HYPE Pre-Workout 300 gram,"&#8211; 200 mg cafeïne per serving voor verbeterde prestaties en alertheid &#8211; 2800 mg Beta-Alanine voor ondersteuning van intensieve trainingen &#8211; Bereidt het lichaam voor op maximale inspanning",in stock,new,24.99 EUR,,https://thehealthhouse.nl/product/hype-pre-workout-300-gram/,https://thehealthhouse.nl/wp-content/uploads/2025/09/Ontwerp-zonder-titel-12-1.png,"https://thehealthhouse.nl/wp-content/uploads/2025/09/Ontwerp-zonder-titel-13-1.png,https://thehealthhouse.nl/wp-content/uploads/2025/09/Ontwerp-zonder-titel-14-1.png",HYPE,Pre Workout > Stim Pre > Week Deals,PRE-023
45609,nutri+ Pea-Rice Protein Powder 1KG,Dubbele combinatie van erwten- en rijsteiwit Lichte romigheid en aangename zoetheid 20 g eiwit per portie,in stock,new,29.99 EUR,,https://thehealthhouse.nl/product/pea-rice-protein-powder-1kg/,https://thehealthhouse.nl/wp-content/uploads/2025/09/Ontwerp-zonder-titel-15-1.png,,Nutri+,Eiwitten > Eiwitten Vegan,EIW-034
45617,nutri+ Vegan Protein,"Eiwitpoeder gemaakt van erwt, pompoenpit, boekweit, rijst & hennep Lichte romigheid en licht gezoet met stevia 20 g eiwit per portie",in stock,new,34.95 EUR,,https://thehealthhouse.nl/product/vegan-high-5-protein/,https://thehealthhouse.nl/wp-content/uploads/2025/09/Ontwerp-zonder-titel-16-1.png,"https://thehealthhouse.nl/wp-content/uploads/2025/09/Ontwerp-zonder-titel-17-1.png,https://thehealthhouse.nl/wp-content/uploads/2025/09/Ontwerp-zonder-titel-18-1.png,https://thehealthhouse.nl/wp-content/uploads/2025/09/Ontwerp-zonder-titel-19-1.png",Nutri+,Eiwitten > Eiwitten Vegan,EIW-033
45630,nutri+ Vegan 6K Protein Powder,"Eiwit uit soja, tarwe, rijst, erwten, zonnebloempitten & amandelen Licht romig en heerlijk zoet 21 g eiwit per portie",in stock,new,36.95 EUR,,https://thehealthhouse.nl/product/vegan-6k-protein-powder/,https://thehealthhouse.nl/wp-content/uploads/2025/09/Ontwerp-zonder-titel-21-1.png,,Nutri+,Eiwitten > Eiwitten Vegan,EIW-032
45651,nutri+ Milk Away Protein Powder 1000 g,"Eiwitpoeder gemaakt van erwt, pompoenpit, boekweit, rijst & hennep Lichte romigheid – neutrale smaak zonder zoetstof 21 g eiwit per portie",in stock,new,34.95 EUR,,https://thehealthhouse.nl/product/milk-away-protein-powder-1000-g/,https://thehealthhouse.nl/wp-content/uploads/2025/09/Ontwerp-zonder-titel-25-1.png,"https://thehealthhouse.nl/wp-content/uploads/2025/09/Ontwerp-zonder-titel-23-1.png,https://thehealthhouse.nl/wp-content/uploads/2025/09/Ontwerp-zonder-titel-22-1.png,https://thehealthhouse.nl/wp-content/uploads/2025/09/Ontwerp-zonder-titel-24-1.png",Nutri+,Eiwitten > Eiwitten Vegan,EIW-031
45665,NUTRI+ Vegan Natures Protein Powder,"&#8211; 25 g eiwit per portie – romige kokossmaak – zonder zoetstoffen",in stock,new,34.95 EUR,,https://thehealthhouse.nl/product/vegan-natures-protein-powder/,https://thehealthhouse.nl/wp-content/uploads/2025/09/Ontwerp-zonder-titel-27-1.png,,Nutri+,Best verkocht > Eiwitten > Eiwitten Vegan,HER-019
45673,nutri+ VHEY® Gainer,Gemaakt van volkoren havermeel & soja-eiwit Lichte romigheid & natuurlijke smaak 18 g eiwit per portie,in stock,new,29.95 EUR,,https://thehealthhouse.nl/product/vhey-gainer/,https://thehealthhouse.nl/wp-content/uploads/2025/09/Ontwerp-zonder-titel-28-1.png,,Nutri+,Best verkocht > Eiwitten > Eiwitten Vegan,EIW-030
45680,nutri+ VHEY® Presso - Protein Iced Coffee,"Vegan protein iced coffee met koffiesmaak, 20 g eiwit en 56 mg cafeïne per 100 ml.",in stock,new,34.95 EUR,,https://thehealthhouse.nl/product/vhey-presso-protein-iced-coffee/,https://thehealthhouse.nl/wp-content/uploads/2025/09/Ontwerp-zonder-titel-29-1.png,,Nutri+,Eiwitten > Nieuwe Producten > Spierherstel,EIW-029
45688,nutri+ Protein Pudding  400g,"Vegan proteïnepuddingpoeder van 400 g, met 24 g eiwit per portie.",in stock,new,19.95 EUR,,https://thehealthhouse.nl/product/protein-pudding-400g/,https://thehealthhouse.nl/wp-content/uploads/2025/09/Ontwerp-zonder-titel-30-1.png,,Nutri+,Eiwitten > Food > Mealprep en Dieet,EIW-028
45694,nutri+ Vegan 3K Protein Powder,"Gemaakt van soja-, erwten- en zonnebloemproteïne Zeer romig en heerlijk zoet Ca. 23 g eiwit per portie",in stock,new,34.95 EUR,,https://thehealthhouse.nl/product/vegan-3k-protein-powder/,https://thehealthhouse.nl/wp-content/uploads/2025/09/Ontwerp-zonder-titel-31-1.png,,Nutri+,Eiwitten > Eiwitten Vegan > Spierherstel,EIW-027
45720,nutri+ Rice Pudding,"Gemaakt van 100% rijstmeel Snelle bereiding – romige, papachtige consistentie Makkelijk verteerbaar – zonder lactose, gluten en soja",in stock,new,19.99 EUR,,https://thehealthhouse.nl/product/rice-pudding/,https://thehealthhouse.nl/wp-content/uploads/2025/09/Ontwerp-zonder-titel-32-1.png,,Nutri+,Eiwitten > Eiwitten Vegan > Food,EIW-026
45725,Tyranos Active | Kraakbeen en Gewrichten,"Tyranos Active: supplement met collageen, calcium en vitamine C, in 90 capsules.",in stock,new,40.00 EUR,19.95 EUR,https://thehealthhouse.nl/product/tyranos-active-kraakbeen-en-gewrichten/,https://thehealthhouse.nl/wp-content/uploads/2025/09/Ontwerp-zonder-titel-33-1.png,https://thehealthhouse.nl/wp-content/uploads/2025/09/Ontwerp-zonder-titel-34-1.png,TYRANOS,Gezondheidsproducten > Joints / Gewrichten > Week Deals,DEA-033
45730,Tyranos Active Plus | Kraakbeen en Gewrichten,"Tyranos Active Plus: tabletformule met collageen, calcium en vitamines.",in stock,new,50.00 EUR,24.95 EUR,https://thehealthhouse.nl/product/tyranos-active-plus-gewrichten-en-kraakbeen/,https://thehealthhouse.nl/wp-content/uploads/2025/09/Ontwerp-zonder-titel-35-1.png,https://thehealthhouse.nl/wp-content/uploads/2025/09/Ontwerp-zonder-titel-36-1.png,TYRANOS,Gezondheidsproducten > Joints / Gewrichten > Week Deals,DEA-032
45734,Tyranos Flex | Soepele gewrichten | Sporters,"Tyranos Flex: capsules met collageen, calcium, vitamine C en EAA.",in stock,new,45.00 EUR,24.95 EUR,https://thehealthhouse.nl/product/tyranos-flex-soepele-gewrichten-sporters/,https://thehealthhouse.nl/wp-content/uploads/2025/09/Ontwerp-zonder-titel-37-1.png,https://thehealthhouse.nl/wp-content/uploads/2025/09/Ontwerp-zonder-titel-38-1.png,TYRANOS,Gezondheidsproducten > Joints / Gewrichten > Week Deals,DEA-031
45745,Tyranos Protect | Support Spierfunctie,"90 tabletten &#8211; 30 dagen kuur. Tyranos Protect is een nieuw supplement dat HMB bevat, een krachtig ingrediënt. Spiermassa behouden is essentieel om vrij te kunnen bewegen",in stock,new,35.00 EUR,19.95 EUR,https://thehealthhouse.nl/product/tyranos-protect-support-spierfunctie/,https://thehealthhouse.nl/wp-content/uploads/2025/09/Ontwerp-zonder-titel-39.png,https://thehealthhouse.nl/wp-content/uploads/2025/09/Ontwerp-zonder-titel-40.png,TYRANOS,Gezondheidsproducten > Nachtrust en herstel > Post workout,DEA-030
45749,Tyranos Collageen,"Tyranos Collageen – Het geheime wapen van topsporters Hoge dosis PEPTAN Type 1 Beste kwaliteit, zuiverheid en opneembaarheid 30 ampullen &#8211; 30 dagen kuur ✅ 1 ampule per dag voor het eten, of 1 uur voor de sportieve inspanning. ✅ Voor een optimaal resultaat is een gebruik van minstens 60 dagen aangewezen. ❌ Wacht een uur voor en na caffeïne inname en niet gebruiken als je spierontspanners neemt.",in stock,new,85.00 EUR,69.95 EUR,https://thehealthhouse.nl/product/tyranos-collageen/,https://thehealthhouse.nl/wp-content/uploads/2025/09/Ontwerp-zonder-titel-41.png,,TYRANOS,Gezondheidsproducten > Spierherstel > Vitaliteit,GEZ-019
45830,Kosso Nutrition EIWITTEN MAXIMAAL 1 kg,"Hoog gehalte aan BCAA&#8217;s en Glutamine Versnelt herstelproces Heerlijke smaakvariaties Gemakkelijk in gebruik Geen onnodige smaak- en kleurstoffen",in stock,new,37.95 EUR,,https://thehealthhouse.nl/product/eiwitten-maximaal-1000-g/,https://thehealthhouse.nl/wp-content/uploads/2025/10/Ontwerp-zonder-titel-53.png,https://thehealthhouse.nl/wp-content/uploads/2025/10/Ontwerp-zonder-titel-54.png,Kosso nutrition,Eiwitten,EIW-025
45919,Kosso Nutrition CREAWHEY,Kosso Nutrition CREAWHEY combineert whey en creatine in één veelzijdig eiwitpoeder.,in stock,new,37.95 EUR,,https://thehealthhouse.nl/product/kosso-nutrition-creawhey/,https://thehealthhouse.nl/wp-content/uploads/2025/10/Ontwerp-zonder-titel-79.png,"https://thehealthhouse.nl/wp-content/uploads/2025/10/Ontwerp-zonder-titel-80.png,https://thehealthhouse.nl/wp-content/uploads/2025/10/Ontwerp-zonder-titel-81.png",Kosso nutrition,Creatine > Eiwitten > Spierherstel,CRE-013
45965,The Health House Hardcore Testosterone Booster Natural,Testbooster Kracht & Spiergroei Energie & Herstel,in stock,new,44.95 EUR,,https://thehealthhouse.nl/product/thh-hardcore-testboost/,https://thehealthhouse.nl/wp-content/uploads/2025/12/hardcore-test.png,,The Health House,Best verkocht > Spierherstel > Spieropbouw,HER-013
45968,The Health House Omega 3 1000 mg,Hartgezondheid Hersenen & geheugen Ontstekingsremmend,in stock,new,23.95 EUR,19.95 EUR,https://thehealthhouse.nl/product/thh-omega-3-1000-mg/,https://thehealthhouse.nl/wp-content/uploads/2025/12/wmremove-transformed-2.png,,The Health House,Best verkocht > Gezondheidsproducten > Lifestyle,GEZ-006
45972,The Health House Multivitamine Complex 90 capsules,"Complete dagelijkse ondersteuning Versterkt je immuunsysteem Meer energie & vitaliteit Ondersteunt spieren, botten & gewrichten Eenvoudig dagelijks gebruik",in stock,new,29.95 EUR,19.95 EUR,https://thehealthhouse.nl/product/thh-multivitamine/,https://thehealthhouse.nl/wp-content/uploads/2025/12/wmremove-transformed-3.png,,The Health House,Best verkocht > Gezondheidsproducten > Vitaliteit,GEZ-007
45977,The Health House Super Human Pre-Workout Strawberry Lemon 300 g,The Health House Super Human pre-workoutpoeder met Strawberry Lemon-smaak en 300 g inhoud.,in stock,new,62.95 EUR,38.95 EUR,https://thehealthhouse.nl/product/thh-super-human-pre-workout/,https://thehealthhouse.nl/wp-content/uploads/2025/12/superrrrrrrrrrrrrrrrrrrrrrrrrrrrr-1.png,https://thehealthhouse.nl/wp-content/uploads/2025/12/pappppppppppppp-1.png,The Health House,Best verkocht > Pre Workout > Stim Pre,PRE-015
45991,Rood Licht Leeslamp,Dieper slapen vanaf dag één Ervaar rust en ontspanning 2000+ Tevreden gebruikers,in stock,new,39.95 EUR,31.96 EUR,https://thehealthhouse.nl/product/rood-licht-leeslamp/,https://thehealthhouse.nl/wp-content/uploads/2025/11/Ontwerp-zonder-titel-93.png,"https://thehealthhouse.nl/wp-content/uploads/2025/11/Ontwerp-zonder-titel-98.png,https://thehealthhouse.nl/wp-content/uploads/2025/11/Ontwerp-zonder-titel-95.png,https://thehealthhouse.nl/wp-content/uploads/2025/11/Ontwerp-zonder-titel-94.png",Alina,Gezondheidsproducten > Lifestyle > Nachtrust en herstel,GEZ-017
46000,Alina Blauw licht bril (Nacht),"Blokkeert 99,9% van het blauwlicht spectrum (380-520nm) Stevige opbergcase Brillendoekje Europees Acetaat Afmetingen: (Pootjes: 14,3 cm, Breedte: 13,9 cm, Neusstuk: 1,8 cm en Glazen: 5,2 cm) Testrapport beschikbaar in de winkel",in stock,new,63.96 EUR,,https://thehealthhouse.nl/product/blauw-licht-bril-night/,https://thehealthhouse.nl/wp-content/uploads/2025/11/Ontwerp-zonder-titel-100.png,"https://thehealthhouse.nl/wp-content/uploads/2025/11/Ontwerp-zonder-titel-2025-11-18T130721.185.png,https://thehealthhouse.nl/wp-content/uploads/2025/11/Ontwerp-zonder-titel-2025-11-18T130410.638.png,https://thehealthhouse.nl/wp-content/uploads/2025/11/Ontwerp-zonder-titel-2025-11-18T130445.661.png",Alina,Accessoires / Shakers > Gezondheidsproducten > Lifestyle,GEZ-016
46013,Alina Blauw Licht Bril (Dag),"Blokkeert 380-455nm van het blauwe licht spectrum en laat 455-550 door voor focus en alertheid overdag Europees acetaat Afmetingen: (Pootjes: 14,5 cm, Breedte: 13,9 cm, Neusstuk: 2,0 cm en Glazen: 5 cm) Stevige opbergcase Brillendoekje Testbril in de winkel!",in stock,new,63.96 EUR,,https://thehealthhouse.nl/product/blauw-licht-bril-day/,https://thehealthhouse.nl/wp-content/uploads/2025/11/Ontwerp-zonder-titel-2025-11-18T132722.224.png,"https://thehealthhouse.nl/wp-content/uploads/2025/11/Ontwerp-zonder-titel-2025-11-18T132754.750.png,https://thehealthhouse.nl/wp-content/uploads/2025/11/Ontwerp-zonder-titel-2025-11-18T133028.800.png,https://thehealthhouse.nl/wp-content/uploads/2025/11/Ontwerp-zonder-titel-2025-11-18T132856.096.png",Alina,Accessoires / Shakers > Lifestyle > Nieuwe Producten,VIT-009
46025,Alina Clip-On Blauw Licht Filter Bril,"Blokkeert 99,9% blauwlicht (380-520nm) Stevige opbergcase Brillendoekje Past op iedere bril met de handige clip Testrapport beschikbaar! Testmodel in de winkel",in stock,new,35.96 EUR,,https://thehealthhouse.nl/product/blauw-licht-clip-on/,https://thehealthhouse.nl/wp-content/uploads/2025/11/Ontwerp-zonder-titel-2025-11-18T134657.289.png,"https://thehealthhouse.nl/wp-content/uploads/2025/11/Ontwerp-zonder-titel-2025-11-18T134348.463.png,https://thehealthhouse.nl/wp-content/uploads/2025/11/Ontwerp-zonder-titel-2025-11-18T134539.500.png,https://thehealthhouse.nl/wp-content/uploads/2025/11/Ontwerp-zonder-titel-2025-11-18T134435.261.png",Alina,Accessoires / Shakers > Gezondheidsproducten > Lifestyle,GEZ-015
46035,Rood lichtlamp met Sensor,"Sensor werkt tot 6 meter afstand 3 Standen: Aan, Uit en Auto (sensor) Instelbare felheid 660nm roodlicht",in stock,new,49.95 EUR,39.96 EUR,https://thehealthhouse.nl/product/rood-lichtlamp-met-sensor/,https://thehealthhouse.nl/wp-content/uploads/2025/11/Ontwerp-zonder-titel-2025-11-18T135902.973.png,"https://thehealthhouse.nl/wp-content/uploads/2025/11/Ontwerp-zonder-titel-2025-11-18T140200.382.png,https://thehealthhouse.nl/wp-content/uploads/2025/11/Ontwerp-zonder-titel-2025-11-18T140238.823.png,https://thehealthhouse.nl/wp-content/uploads/2025/11/Ontwerp-zonder-titel-2025-11-18T140311.828.png",Alina,Accessoires / Shakers > Gezondheidsproducten > Lifestyle,GEZ-014
46043,Alina Mondtape,120 stuks: Goed voor 3 maanden diep slapen! Hypoallergene lijm Niet geschikt voor kleine kinderen BPA vrij! Afmetingen: 5 x 3 cm (l x b) -Zorg dat de huid rond de mond schoon en droog is voor optimale hechting. -Plak de mondtape en wrijf deze vast. -Geniet van een diepe en rustgevende nachtrust. -Verwijder de tape pijnloos vanaf een uiteinde.,in stock,new,13.95 EUR,11.16 EUR,https://thehealthhouse.nl/product/mouth-tape/,https://thehealthhouse.nl/wp-content/uploads/2025/11/Ontwerp-zonder-titel-2025-11-18T140522.996.png,https://thehealthhouse.nl/wp-content/uploads/2025/11/Ontwerp-zonder-titel-2025-11-18T140904.090.png,Alina,Accessoires / Shakers > Gezondheidsproducten > Lifestyle,GEZ-013
46047,Alina Neusstrips,60 stuks Lengte: 66mm Goede pasvorm voor een ieder Blijft zitten met douchen en zweten Hypoallergenen lijm Gemiddeld 18% meer zuurstofopname Reinig en droog je neus zorgvuldig om ervoor te zorgen dat de neusstrip stevig hecht. Dit is essentieel voor een comfortabele en effectieve pasvorm. Verwijder de Beschermlaag Plaats de Strip Correct Geniet van Betere Ademhaling -Verwijder de Strip Zorgvuldig,in stock,new,17.95 EUR,14.36 EUR,https://thehealthhouse.nl/product/neusstrips/,https://thehealthhouse.nl/wp-content/uploads/2025/11/Ontwerp-zonder-titel-2025-11-18T141437.639.png,https://thehealthhouse.nl/wp-content/uploads/2025/11/Ontwerp-zonder-titel-2025-11-18T140904.090.png,Alina,Accessoires / Shakers > Best verkocht > Gezondheidsproducten,GEZ-012
46051,Alina Aardingslaken,"Enige wasbare aardingslaken op de markt! 1x 4,6 meter lange aardingskabel met stekker Gemaakt van zacht katoen (100% biologisch) en 5% geleidende zilvergaren Queensize: 203cm x 153cm (lengte x breedte) Kingsize: 203cm x 193cm (lengte x breedte) De lakens zijn goed rekbaar, dus +/- 15cm afwijking is geen probleem. Je kunt het laken zoveel je maar wilt wassen op 40° wassen (soms eens op 60° als er vlekken zijn), met een wasproduct zonder chloorhoudend bleekmiddel. Drogen in de droger kan (op laagste stand), maar bij voorkeur laten drogen zonder een droger zodat het laken langer meegaat.",in stock,new,111.96 EUR,,https://thehealthhouse.nl/product/aardingslaken/,https://thehealthhouse.nl/wp-content/uploads/2025/11/Ontwerp-zonder-titel-2025-11-18T142735.358.png,"https://thehealthhouse.nl/wp-content/uploads/2025/11/Ontwerp-zonder-titel-2025-11-18T142813.849.png,https://thehealthhouse.nl/wp-content/uploads/2025/11/Ontwerp-zonder-titel-2025-11-18T142856.274.png,https://thehealthhouse.nl/wp-content/uploads/2025/11/Ontwerp-zonder-titel-2025-11-18T142931.378.png",Alina,Accessoires / Shakers > Nieuwe Producten,THH-012
46066,Alina Rood Licht Gloeilamp,Stimuleert melatonine aanmaak Rustgevende werking E27 fitting: Geschikt voor standaard armaturen Energiezuinig: Duurzame verlichting Mogelijk tot omvorming naar E14 fitting met een adapter. Uitsluitend 630nm roodlicht Testrapport beschikbaar! 9W Roodlicht verbruikt bijna geen stroom en gaat superlang mee. Ideaal dus voor dagelijks gebruik – goed voor je slaap én je energierekening.,in stock,new,20.95 EUR,16.76 EUR,https://thehealthhouse.nl/product/rood-licht-lamp/,https://thehealthhouse.nl/wp-content/uploads/2025/11/Ontwerp-zonder-titel-2025-11-18T143529.093.png,https://thehealthhouse.nl/wp-content/uploads/2025/11/Ontwerp-zonder-titel-2025-11-18T143606.727.png,Alina,Accessoires / Shakers > Best verkocht > Gezondheidsproducten,GEZ-011
46070,Alina Zijde Slaapmasker,"100% Licht blokkering Makkelijker in slaap vallen met een langere REM slaap Wallen en donkere kringen tegengaan Aanpasbare pasvorm voor alle hoofdformaten, blijft de hele nacht goed zitten. Gewicht: 37 g – Lichtgewicht ontwerp zorgt voor comfort zonder druk. Anti-Bacterieel Wasbaar 23 momme moerbeizijde – Hoogste kwaliteit zijde. Vrij van schadelijke additieven voor pure, natuurlijke comfort.",in stock,new,15.95 EUR,,https://thehealthhouse.nl/product/zijde-slaapmasker/,https://thehealthhouse.nl/wp-content/uploads/2025/11/Ontwerp-zonder-titel-2025-11-18T144149.873.png,"https://thehealthhouse.nl/wp-content/uploads/2025/11/Ontwerp-zonder-titel-2025-11-18T144319.850.png,https://thehealthhouse.nl/wp-content/uploads/2025/11/Ontwerp-zonder-titel-2025-11-18T144406.425.png",Alina,Accessoires / Shakers > Gezondheidsproducten > Nachtrust en herstel,DEA-029
46200,The Health House Hardcore Test + Omega3 + Multi Pakket,"The Health House pakket met Hardcore Test, Omega3 en Multi.",in stock,new,143.85 EUR,75.00 EUR,https://thehealthhouse.nl/product/the-health-house-hardcore-test-omega3-multi-pakket/,https://thehealthhouse.nl/wp-content/uploads/2025/12/zma_multi_test-scaled-1.jpg,,The Health House,Gezondheidsproducten > Test boosters > Vitaliteit,GEZ-008
46238,Scitec Nutrition Multi Pro Plus,"Ondersteunt het energieniveau Ondersteunt spieren, botten en herstel Versterkt het immuunsysteem",in stock,new,39.95 EUR,24.95 EUR,https://thehealthhouse.nl/product/scitec-multi-pro-plus/,https://thehealthhouse.nl/wp-content/uploads/2025/12/sciteccc.jpg,https://thehealthhouse.nl/wp-content/uploads/2025/12/scitec-nutrition-multi-pro-plus-supplement-facts.png,Scitec,Gezondheidsproducten > Vitamines > Week Deals,GEZ-009
46254,C4 Ultimate Pre-Workout,"C4 Ultimate Pre-Workout is een pre-workoutpoeder met EAA&#8217;s, citrulline, beta-alanine en cafeïne.",in stock,new,42.95 EUR,36.95 EUR,https://thehealthhouse.nl/product/c4-ultimate-pre-workout/,https://thehealthhouse.nl/wp-content/uploads/2025/12/Untitled.png,https://thehealthhouse.nl/wp-content/uploads/2025/12/factssss.webp,Cellucor,Pre Workout > Stim Pre > Week Deals,PRE-018
46261,Quamtrax Iso Whey Protein Isolate,"Premium whey isolaat voor optimale spiergroei Quamtrax Iso Whey is een snel opneembaar wei-eiwit isolaat dat spieropbouw en herstel ondersteunt. Met 22 g eiwit per scoop en laag in vet en suikers, ideaal na je training of tussendoor. Gebruik: Meng 1 scoop (30 g) met 200–250 ml water of melk en drink direct na je training of wanneer extra eiwit gewenst is.",in stock,new,39.40 EUR,,https://thehealthhouse.nl/product/quamtrax-isolate-1kg/,https://thehealthhouse.nl/wp-content/uploads/2025/12/cakeee.png,"https://thehealthhouse.nl/wp-content/uploads/2025/12/maxyyyy.png,https://thehealthhouse.nl/wp-content/uploads/2025/12/flipsss.png,https://thehealthhouse.nl/wp-content/uploads/2026/01/Ontwerp-zonder-titel-2026-01-19T165336.686.png",Quamtrax,Eiwitten > Nieuwe Producten,EIW-023
46289,Applied Nutrition ABE Ultimate Pre-workout,"Applied Nutrition ABE Ultimate Pre-Workout Krachtige pre-workout voor explosieve energie, focus en spierpomp. Bevat 200 mg cafeïne, citrulline, creatine en beta‑alanine om je training naar een hoger niveau te tillen. Ideaal 15–30 minuten voor je workout voor maximale prestaties en uithoudingsvermogen. 🍬",in stock,new,34.95 EUR,24.95 EUR,https://thehealthhouse.nl/product/applied-nutrition-abe-ultimate-pre-workout/,https://thehealthhouse.nl/wp-content/uploads/2025/12/ABEEEEEEEEE.png,https://thehealthhouse.nl/wp-content/uploads/2025/12/aaaaaaaaa.webp,Applied Nutrition,Pre Workout > Stim Pre,PRE-016
46296,NXT Beef Protein Isolate 1.8 kg,Hoogwaardig rundereiwit isolaat – ondersteunt spieropbouw en herstel Lactosevrij – ideaal voor sporters met zuivelgevoeligheid Hoog eiwitgehalte per portie – draagt bij aan spierbehoud en -groei Laag in vet en suikers – past perfect in een clean dieet Uitstekend alternatief voor whey-eiwit – geschikt voor dagelijks gebruik 💪🥩,in stock,new,79.95 EUR,,https://thehealthhouse.nl/product/nxt-beef-protein-isolate-1-8-kg/,https://thehealthhouse.nl/wp-content/uploads/2025/12/nxttttttttt.png,https://thehealthhouse.nl/wp-content/uploads/2025/12/Untitled-2.png,NXT Nutrition,Eiwitten > Eiwitten Isolaat > Spierherstel,HER-014
46307,Human Protect Creatine Monohydrate 500g,"100% Creatine Monohydraat – puur, zonder aroma’s of zoetstoffen Verhoogt kracht & explosiviteit – ideaal voor intensieve workouts Snelle energieproductie – ondersteunt ATP-productie voor meer herhalingen Ondersteunt spiermassa & herstel – perfect voor krachtsporters Neutrale smaak – mengbaar met water of je favoriete sportdrank",in stock,new,32.95 EUR,,https://thehealthhouse.nl/product/human-protect-creatine-monohydrate-500g/,https://thehealthhouse.nl/wp-content/uploads/2025/12/creaaaaa-1.png,https://thehealthhouse.nl/wp-content/uploads/2025/12/humannn-1.png,The Health House,Creatine > Gezondheidsproducten > Week Deals,CRE-012
46325,Nutrend Creaport Creatine 600 g,"Krachtige creatine mix – creatine monohydraat, creatine citrate & Kre‑Alkalyn® 3000 mg creatine per portie – ondersteunt kracht, energie en prestaties Met L‑glutamine & BCAA’s – bevordert herstel en spierbehoud Carbohydrate blend – vult glycogeen aan, laag in suiker Instant mix – lost gemakkelijk op in water voor directe inname",in stock,new,23.95 EUR,19.95 EUR,https://thehealthhouse.nl/product/nutrend-creaport-600-g/,https://thehealthhouse.nl/wp-content/uploads/2025/12/aaaaaaaaaaaaaaaaaaaaaa.png,https://thehealthhouse.nl/wp-content/uploads/2025/12/ttttttttttttttttttt.png,Nutrend,Creatine > Spierherstel > Week Deals,CRE-011
46355,Enfusion Cap – Black,Zwarte Enfusion-cap als herkenbaar accessoire bij je sportieve outfit.,in stock,new,29.95 EUR,,https://thehealthhouse.nl/product/enfusion-cap-black/,https://thehealthhouse.nl/wp-content/uploads/2025/12/Cap-Black-Front.jpg,"https://thehealthhouse.nl/wp-content/uploads/2025/12/Cap-Black-Front.jpg,https://thehealthhouse.nl/wp-content/uploads/2025/12/Cap-Black-Side.jpg,https://thehealthhouse.nl/wp-content/uploads/2025/12/Cap-Black-Behind.jpg",Enfusion,Accessoires / Shakers > Gear > Kleding,GEA-007
46356,Enfusion Cap – Bordeaux,Enfusion Cap – Bordeaux is een cap in de karakteristieke bordeauxrode kleur.,in stock,new,29.95 EUR,,https://thehealthhouse.nl/product/enfusion-cap-bordeaux/,https://thehealthhouse.nl/wp-content/uploads/2025/12/Cap-Red-Front.jpg,"https://thehealthhouse.nl/wp-content/uploads/2025/12/Cap-Red-Front.jpg,https://thehealthhouse.nl/wp-content/uploads/2025/12/Cap-Red-Side.jpg,https://thehealthhouse.nl/wp-content/uploads/2025/12/Cap-Red-Behind.jpg",Enfusion,Accessoires / Shakers > Gear,GEA-006
46357,Enfusion Cap – Navy,Enfusion Cap – Navy: een Enfusion-cap uitgevoerd in de kleur Navy.,in stock,new,29.95 EUR,,https://thehealthhouse.nl/product/enfusion-cap-navy/,https://thehealthhouse.nl/wp-content/uploads/2025/12/Cap-Blue-Front.jpg,"https://thehealthhouse.nl/wp-content/uploads/2025/12/Cap-Blue-Front.jpg,https://thehealthhouse.nl/wp-content/uploads/2025/12/Cap-Blue-Side.jpg,https://thehealthhouse.nl/wp-content/uploads/2025/12/Cap-Blue-Behind.jpg",Enfusion,Accessoires / Shakers > Gear,GEA-005
46358,Mini Gloves Blue,Mini Gloves Blue zijn blauwe mini-bokshandschoenen als compact gear-accessoire.,in stock,new,7.50 EUR,,https://thehealthhouse.nl/product/mini-gloves-blue/,https://thehealthhouse.nl/wp-content/uploads/2025/12/Blue-Gloves.jpg,,TYRANOS,Accessoires / Shakers > Gear > Week Deals,DEA-028
46359,Mini Gloves Red,Mini Gloves Red: mini-bokshandschoenen als accessoire in een rode uitvoering.,in stock,new,7.50 EUR,1.00 EUR,https://thehealthhouse.nl/product/mini-gloves-red/,https://thehealthhouse.nl/wp-content/uploads/2025/12/Gloves-Red.jpg,,TYRANOS,Accessoires / Shakers > Gear > Week Deals,DEA-027
46360,Enfusion Gloves,Enfusion Gloves: handschoenen als aanvulling op je Enfusion-sportuitrusting.,in stock,new,119.95 EUR,,https://thehealthhouse.nl/product/enfusion-gloves/,https://thehealthhouse.nl/wp-content/uploads/2025/12/Handschoen-4.jpg,"https://thehealthhouse.nl/wp-content/uploads/2025/12/Handschoen-2.jpg,https://thehealthhouse.nl/wp-content/uploads/2025/12/Handschoen-3.jpg",Enfusion,Accessoires / Shakers > Fightgear > Gear,FGE-027
46362,Enfusion Aqua T-shirt,Enfusion Aqua T-shirt — een opvallend shirt in aquakleur voor training of vrije tijd.,in stock,new,29.95 EUR,,https://thehealthhouse.nl/product/enfusion-aqua-t-shirt/,https://thehealthhouse.nl/wp-content/uploads/2025/12/Ontwerp-zonder-titel-2025-12-05T131535.627.png,https://thehealthhouse.nl/wp-content/uploads/2025/12/Ontwerp-zonder-titel-2025-12-05T131912.146.png,Enfusion,Gear > Kleding > Overige Producten,3268222-11
46381,Enfusion Purple T-Shirt,Paars Enfusion T-shirt als kleurrijke keuze voor je dagelijkse sportoutfit.,in stock,new,29.95 EUR,,https://thehealthhouse.nl/product/enfusion-purple-t-shirt/,https://thehealthhouse.nl/wp-content/uploads/2025/12/Ontwerp-zonder-titel-2025-12-05T171832.282.png,https://thehealthhouse.nl/wp-content/uploads/2025/12/Ontwerp-zonder-titel-2025-12-05T171937.578.png,Enfusion,Gear > Kleding > Overige Producten,3268222-11-6
46420,Enfusion Mauve T-Shirt,Enfusion T-shirt in mauve — een rustige kleurvariant voor je sportieve look.,in stock,new,29.95 EUR,,https://thehealthhouse.nl/product/enfusion-mauve-t-shirt/,https://thehealthhouse.nl/wp-content/uploads/2025/12/Ontwerp-zonder-titel-2025-12-05T171140.153.png,https://thehealthhouse.nl/wp-content/uploads/2025/12/Ontwerp-zonder-titel-2025-12-05T171407.301.png,Enfusion,Gear > Kleding > Overige Producten,3268222-11-8
46436,Enfusion Black/Green T-Shirt,Enfusion T-shirt met een zwart-groene kleurcombinatie voor een contrastrijke uitstraling.,in stock,new,29.95 EUR,,https://thehealthhouse.nl/product/enfusion-black-green-t-shirt/,https://thehealthhouse.nl/wp-content/uploads/2025/12/Ontwerp-zonder-titel-2025-12-05T170334.479.png,https://thehealthhouse.nl/wp-content/uploads/2025/12/Ontwerp-zonder-titel-2025-12-05T170431.016.png,Enfusion,Gear > Kleding > Overige Producten,3268222-11-9
46498,Enfusion Dark Blue T-Shirt,"Donkerblauw Enfusion T-shirt voor een ingetogen, sportieve kledingkeuze.",in stock,new,29.95 EUR,,https://thehealthhouse.nl/product/enfusion-dark-blue-t-shirt/,https://thehealthhouse.nl/wp-content/uploads/2025/12/Ontwerp-zonder-titel-2025-12-05T162640.091.png,https://thehealthhouse.nl/wp-content/uploads/2025/12/Ontwerp-zonder-titel-2025-12-05T162735.177.png,Enfusion,Gear > Kleding > Overige Producten,3268222-11-14
46508,Enfusion Super T-shirts,Enfusion Super T-shirts — shirts met Enfusion-uitstraling voor training en vrije tijd.,in stock,new,29.95 EUR,,https://thehealthhouse.nl/product/enfusion-super-t-shirts/,https://thehealthhouse.nl/wp-content/uploads/2025/12/Ontwerp-zonder-titel-2025-12-05T162210.210.png,"https://thehealthhouse.nl/wp-content/uploads/2025/12/Ontwerp-zonder-titel-2025-12-05T162302.903.png,https://thehealthhouse.nl/wp-content/uploads/2025/12/Ontwerp-zonder-titel-2025-12-05T162353.044.png",Enfusion,Gear > Kleding > Overige Producten,3268222-10-4
46524,Enfusion Pink T-shirt,"Enfusion Pink T-shirt in roze voor een frisse, kleurrijke sportoutfit.",in stock,new,29.95 EUR,,https://thehealthhouse.nl/product/enfusion-pink-t-shirt/,https://thehealthhouse.nl/wp-content/uploads/2025/12/Ontwerp-zonder-titel-2025-12-05T160605.838.png,https://thehealthhouse.nl/wp-content/uploads/2025/12/Ontwerp-zonder-titel-2025-12-05T161528.527.png,Enfusion,Gear > Kleding > Overige Producten,3268222-11-15
46534,Enfusion Blue T-Shirt,Blauw Enfusion T-shirt als heldere kleurvariant voor je dagelijkse outfit.,in stock,new,29.95 EUR,,https://thehealthhouse.nl/product/enfusion-blue-t-shirt/,https://thehealthhouse.nl/wp-content/uploads/2025/12/Ontwerp-zonder-titel-2025-12-05T160046.585.png,https://thehealthhouse.nl/wp-content/uploads/2025/12/Ontwerp-zonder-titel-2025-12-05T160303.226.png,Enfusion,Gear > Kleding > Overige Producten,3268222-10-5
46548,Enfusion Basic Zwart T-Shirt,Enfusion Basic Zwart T-Shirt — een zwarte basic voor je sportieve garderobe.,in stock,new,29.95 EUR,,https://thehealthhouse.nl/product/enfusion-basic-zwart-t-shirt/,https://thehealthhouse.nl/wp-content/uploads/2025/12/Ontwerp-zonder-titel-2025-12-05T145602.779.png,https://thehealthhouse.nl/wp-content/uploads/2025/12/Ontwerp-zonder-titel-2025-12-05T145700.475.png,Enfusion,Gear > Kleding > Overige Producten,3268222-10-6
46564,Enfusion Basic Groen T-Shirt,Enfusion Basic Groen T-Shirt — een groene basic voor je trainingsoutfit.,in stock,new,29.95 EUR,,https://thehealthhouse.nl/product/enfusion-basic-groen-t-shirt/,https://thehealthhouse.nl/wp-content/uploads/2025/12/Ontwerp-zonder-titel-2025-12-05T140136.692.png,https://thehealthhouse.nl/wp-content/uploads/2025/12/Ontwerp-zonder-titel-2025-12-05T145330.701.png,Enfusion,Gear > Kleding > Overige Producten,3268222-10-7
46574,Enfusion Basic Geel T-Shirt,Enfusion Basic Geel T-Shirt — een gele basic die direct opvalt.,in stock,new,29.95 EUR,,https://thehealthhouse.nl/product/enfusion-basic-geel-t-shirt/,https://thehealthhouse.nl/wp-content/uploads/2025/12/Ontwerp-zonder-titel-2025-12-05T135407.952.png,https://thehealthhouse.nl/wp-content/uploads/2025/12/Ontwerp-zonder-titel-2025-12-05T135521.895.png,Enfusion,Gear > Kleding > Overige Producten,3268222-11-16
46590,Enfusion Red T-Shirt,Rood Enfusion T-shirt als krachtige kleurkeuze voor training of vrije tijd.,in stock,new,29.95 EUR,,https://thehealthhouse.nl/product/enfusion-red-t-shirt/,https://thehealthhouse.nl/wp-content/uploads/2025/12/Ontwerp-zonder-titel-2025-12-05T172250.425.png,https://thehealthhouse.nl/wp-content/uploads/2025/12/Ontwerp-zonder-titel-2025-12-05T172400.242.png,Enfusion,Gear > Kleding > Overige Producten,3268222-11-6-1
46626,Enfusion White T-Shirt,Enfusion White T-Shirt is een helder wit T-shirt voor een eenvoudige Enfusion-look.,in stock,new,29.95 EUR,,https://thehealthhouse.nl/product/enfusion-white-t-shirt/,https://thehealthhouse.nl/wp-content/uploads/2025/12/Ontwerp-zonder-titel-2025-12-06T111959.181.png,https://thehealthhouse.nl/wp-content/uploads/2025/12/Ontwerp-zonder-titel-2025-12-06T112050.731.png,Enfusion,Gear > Kleding > Overige Producten,3268222-11-6-4
46642,Enfusion White/Black T-Shirt,Enfusion White/Black T-Shirt combineert wit en zwart in een sportieve tweekleurige stijl.,in stock,new,29.95 EUR,,https://thehealthhouse.nl/product/enfusion-white-black-t-shirt/,https://thehealthhouse.nl/wp-content/uploads/2025/12/Ontwerp-zonder-titel-2025-12-06T112349.464.png,https://thehealthhouse.nl/wp-content/uploads/2025/12/Ontwerp-zonder-titel-2025-12-06T112641.624.png,Enfusion,Gear > Kleding > Overige Producten,3268222-11-6-3-1
46678,Enfusion Black/White T-Shirt,Enfusion Black/White T-Shirt: een zwart-wit shirt voor een contrasterende Enfusion-stijl.,in stock,new,29.95 EUR,,https://thehealthhouse.nl/product/enfusion-black-white-t-shirt/,https://thehealthhouse.nl/wp-content/uploads/2025/12/Ontwerp-zonder-titel-2025-12-06T114640.095.png,https://thehealthhouse.nl/wp-content/uploads/2025/12/Ontwerp-zonder-titel-2025-12-06T114752.321.png,Enfusion,Gear > Kleding > Overige Producten,GEA-004
46698,Enfusion X JOYA Shinguard White,Enfusion X JOYA Shinguard White: witte scheenbeschermers uit de Enfusion X JOYA-lijn.,in stock,new,99.95 EUR,,https://thehealthhouse.nl/product/enfusion-x-joya-shinguard-white/,https://thehealthhouse.nl/wp-content/uploads/2025/12/Ontwerp-zonder-titel-2025-12-06T120359.270.png,,Enfusion,Fightgear > Gear,FGE-026
46703,Enfusion X JOYA Shinguard Black,Enfusion X JOYA Shinguard Black zijn zwarte scheenbeschermers voor je fightgear-uitrusting.,in stock,new,99.95 EUR,,https://thehealthhouse.nl/product/enfusion-x-joya-shinguard-black/,https://thehealthhouse.nl/wp-content/uploads/2025/12/shinguard-b-1.jpg,,Enfusion,Fightgear > Gear,FGE-025
46713,Enfusion X JOYA Shinguard Blue KIDS,Enfusion X JOYA Shinguard Blue KIDS: blauwe scheenbeschermers in een KIDS-uitvoering.,in stock,new,48.95 EUR,,https://thehealthhouse.nl/product/enfusion-x-joya-shinguard-blue-kids/,https://thehealthhouse.nl/wp-content/uploads/2025/12/Ontwerp-zonder-titel-2025-12-06T122431.096.png,,Enfusion,Fightgear > Gear,FGE-024
46718,Enfusion X JOYA Shinguard Green KIDS,Enfusion X JOYA Shinguard Green KIDS is een groene scheenbeschermer in KIDS-uitvoering.,in stock,new,48.95 EUR,,https://thehealthhouse.nl/product/enfusion-x-joya-shinguard-green-kids/,https://thehealthhouse.nl/wp-content/uploads/2025/12/Ontwerp-zonder-titel-2025-12-06T123416.624.png,,Enfusion,Fightgear > Gear,FGE-023
46722,Enfusion X JOYA Shinguard Red KIDS,Enfusion X JOYA Shinguard Red KIDS: rode scheenbeschermers in de KIDS-variant.,in stock,new,48.95 EUR,,https://thehealthhouse.nl/product/enfusion-x-joya-shinguard-red-kids/,https://thehealthhouse.nl/wp-content/uploads/2025/12/Ontwerp-zonder-titel-2025-12-06T124913.181.png,,Enfusion,Fightgear > Gear,FGE-022
46726,Enfusion X JOYA Shinguard Black KIDS,Enfusion X JOYA Shinguard Black KIDS zijn zwarte scheenbeschermers uit de KIDS-lijn.,in stock,new,48.95 EUR,,https://thehealthhouse.nl/product/enfusion-x-joya-shinguard-black-kids/,https://thehealthhouse.nl/wp-content/uploads/2025/12/Ontwerp-zonder-titel-2025-12-06T125541.172.png,https://thehealthhouse.nl/wp-content/uploads/2025/12/Ontwerp-zonder-titel-2025-12-06T125541.172.png,Enfusion,Fightgear > Gear,FGE-021
46730,Enfusion X JOYA Shinguard Black STARTER,Enfusion X JOYA Shinguard Black STARTER: zwarte scheenbeschermers in STARTER-uitvoering.,in stock,new,58.95 EUR,,https://thehealthhouse.nl/product/enfusion-x-joya-shinguard-black-starter/,https://thehealthhouse.nl/wp-content/uploads/2025/12/Ontwerp-zonder-titel-2025-12-06T125541.172.png,https://thehealthhouse.nl/wp-content/uploads/2025/12/Ontwerp-zonder-titel-2025-12-06T125541.172.png,Enfusion,Fightgear > Gear,FGE-020
46742,Enfusion X JOYA Shinguard Green STARTER,Enfusion X JOYA Shinguard Green STARTER: groene scheenbeschermers voor de STARTER-uitvoering.,in stock,new,58.95 EUR,,https://thehealthhouse.nl/product/enfusion-x-joya-shinguard-green-starter/,https://thehealthhouse.nl/wp-content/uploads/2025/12/Ontwerp-zonder-titel-2025-12-06T123416.624.png,,Enfusion,Fightgear > Gear,FGE-019
46746,Enfusion X JOYA Shinguard Red STARTER,Enfusion X JOYA Shinguard Red STARTER is een rode scheenbeschermer in STARTER-uitvoering.,in stock,new,58.95 EUR,,https://thehealthhouse.nl/product/enfusion-x-joya-shinguard-red-starter/,https://thehealthhouse.nl/wp-content/uploads/2025/12/Ontwerp-zonder-titel-2025-12-06T124913.181.png,,Enfusion,Fightgear > Gear,FGE-018
46750,Enfusion X JOYA Shinguard Blue STARTER,Enfusion X JOYA Shinguard Blue STARTER: blauwe scheenbeschermers in STARTER-uitvoering.,in stock,new,58.95 EUR,,https://thehealthhouse.nl/product/enfusion-x-joya-shinguard-blue-starter/,https://thehealthhouse.nl/wp-content/uploads/2025/12/Ontwerp-zonder-titel-2025-12-06T122431.096.png,,Enfusion,Fightgear > Gear,FGE-017
46754,Enfusion X JOYA Boxing Gloves Green - STARTERS,"Enfusion X JOYA Boxing Gloves Green &#8211; STARTERS zijn groene bokshandschoenen voor starters.",in stock,new,59.95 EUR,,https://thehealthhouse.nl/product/enfusion-x-joya-boxing-gloves-green-starters/,https://thehealthhouse.nl/wp-content/uploads/2025/12/Ontwerp-zonder-titel-2025-12-06T140555.478.png,,Enfusion,Fightgear > Gear,FGE-016
46758,Enfusion X JOYA Boxing Gloves Blue - STARTERS,"Enfusion X JOYA Boxing Gloves Blue &#8211; STARTERS: blauwe bokshandschoenen voor starters.",in stock,new,59.95 EUR,,https://thehealthhouse.nl/product/enfusion-x-joya-boxing-gloves-blue-starters/,https://thehealthhouse.nl/wp-content/uploads/2025/12/Ontwerp-zonder-titel-2025-12-06T142513.994.png,,Enfusion,Fightgear > Gear,FGE-015
46770,Enfusion X JOYA Boxing Gloves Black/Gold - STARTERS,Zwart-gouden Enfusion X JOYA bokshandschoenen in de STARTERS-uitvoering.,in stock,new,59.95 EUR,,https://thehealthhouse.nl/product/enfusion-x-joya-boxing-gloves-black-gold-starters/,https://thehealthhouse.nl/wp-content/uploads/2025/12/Ontwerp-zonder-titel-2025-12-06T142259.234.png,,Enfusion,Fightgear > Gear,FGE-014
46774,Enfusion X JOYA Boxing Gloves Red - STARTERS,Rode Enfusion X JOYA bokshandschoenen uit de STARTERS-serie.,in stock,new,59.95 EUR,,https://thehealthhouse.nl/product/enfusion-x-joya-boxing-gloves-red-starters/,https://thehealthhouse.nl/wp-content/uploads/2025/12/Ontwerp-zonder-titel-2025-12-06T141843.491.png,,Enfusion,Fightgear > Gear,FGE-013
46778,Enfusion X JOYA Boxing Gloves Red - KIDS,"Rode Enfusion X JOYA bokshandschoenen, speciaal als KIDS-variant.",in stock,new,49.95 EUR,,https://thehealthhouse.nl/product/enfusion-x-joya-boxing-gloves-red-kids/,https://thehealthhouse.nl/wp-content/uploads/2025/12/Ontwerp-zonder-titel-2025-12-06T141843.491.png,,Enfusion,Fightgear > Gear,FGE-012
46782,Enfusion X JOYA Boxing Gloves Green - KIDS,Groene Enfusion X JOYA bokshandschoenen in een opvallende KIDS-uitvoering.,in stock,new,49.95 EUR,,https://thehealthhouse.nl/product/enfusion-x-joya-boxing-gloves-green-kids/,https://thehealthhouse.nl/wp-content/uploads/2025/12/Ontwerp-zonder-titel-2025-12-06T140555.478.png,,Enfusion,Fightgear > Gear,FGE-011
46786,Enfusion X JOYA Boxing Gloves Black - KIDS,Zwarte Enfusion X JOYA bokshandschoenen in de KIDS-uitvoering.,in stock,new,49.95 EUR,,https://thehealthhouse.nl/product/enfusion-x-joya-boxing-gloves-black-kids/,https://thehealthhouse.nl/wp-content/uploads/2025/12/Ontwerp-zonder-titel-2025-12-06T142044.558.png,,Enfusion,Fightgear > Gear,FGE-010
46790,Enfusion X JOYA Boxing Gloves Black/Gold - KIDS,Black/Gold Enfusion X JOYA bokshandschoenen voor de KIDS-lijn.,in stock,new,49.95 EUR,,https://thehealthhouse.nl/product/enfusion-x-joya-boxing-gloves-black-gold-kids/,https://thehealthhouse.nl/wp-content/uploads/2025/12/Ontwerp-zonder-titel-2025-12-06T142259.234.png,,Enfusion,Fightgear > Gear,FGE-009
46800,Enfusion X JOYA Boxing Gloves Blue - KIDS,Blauwe Enfusion X JOYA bokshandschoenen als KIDS-model.,in stock,new,49.95 EUR,,https://thehealthhouse.nl/product/enfusion-x-joya-boxing-gloves-blue-kids/,https://thehealthhouse.nl/wp-content/uploads/2025/12/Ontwerp-zonder-titel-2025-12-06T142513.994.png,,Enfusion,Fightgear > Gear,FGE-008
46804,Enfusion X JOYA Trilogy Boxing Gloves White,Witte Enfusion X JOYA Trilogy bokshandschoenen met een cleane look.,in stock,new,119.95 EUR,,https://thehealthhouse.nl/product/enfusion-x-joya-trilogy-boxing-gloves-white/,https://thehealthhouse.nl/wp-content/uploads/2025/12/Ontwerp-zonder-titel-2025-12-06T152202.477.png,,Enfusion,Fightgear > Gear,FGE-007
46806,Enfusion X JOYA Boxing Gloves White/Gold - Laces,Wit-gouden Enfusion bokshandschoenen met vetersluiting voor je training en sparring.,in stock,new,174.95 EUR,,https://thehealthhouse.nl/product/enfusion-x-joya-boxing-gloves-white-gold-laces/,https://thehealthhouse.nl/wp-content/uploads/2025/12/Ontwerp-zonder-titel-2025-12-06T153159.304.png,,Enfusion,Fightgear > Gear,FGE-006
46808,Enfusion X JOYA Trilogy Boxing Gloves Black,Zwarte Enfusion X JOYA Trilogy bokshandschoenen voor een rustige uitstraling.,in stock,new,119.95 EUR,,https://thehealthhouse.nl/product/enfusion-x-joya-trilogy-boxing-gloves-black/,https://thehealthhouse.nl/wp-content/uploads/2025/12/Ontwerp-zonder-titel-2025-12-06T152645.717.png,,Enfusion,Fightgear > Gear,FGE-005
46810,Enfusion X JOYA Boxing Gloves Black/Gold  - Laces,Black/Gold Enfusion X JOYA bokshandschoenen in de Laces-uitvoering.,in stock,new,174.95 EUR,,https://thehealthhouse.nl/product/enfusion-x-joya-boxing-gloves-black-gold-laces/,https://thehealthhouse.nl/wp-content/uploads/2025/12/Ontwerp-zonder-titel-2025-12-06T153643.332.png,,Enfusion,Fightgear > Gear,FGE-004
46857,The Health House ZMA Pro Zink Magnesium Vitamine B6 60 capsules,"Ondersteunt een normale spierfunctie en herstel Draagt bij aan een gezonde slaapkwaliteit Helpt bij het behoud van een normaal testosteronniveau Bevat een zorgvuldig samengestelde ZMA-formule (zink, magnesium & vitamine B6) Geschikt voor sporters en fysiek actieve personen",in stock,new,24.95 EUR,,https://thehealthhouse.nl/product/the-health-house-zma-pro/,https://thehealthhouse.nl/wp-content/uploads/2025/12/wmremove-transformed.png,https://thehealthhouse.nl/wp-content/uploads/2025/12/infooooooooooooooo.png,The Health House,Gezondheidsproducten > Nachtrust en herstel > Vitaliteit,GEZ-005
46868,Vitisfera Bromag,"Bevat bromelaïne, magnesium en vitamine B6 Ondersteunt een normale spierfunctie Draagt bij aan een normaal energiemetabolisme Helpt vermoeidheid en futloosheid te verminderen Met meerdere vormen magnesium voor optimale opname Geschikt voor dagelijks gebruik",in stock,new,36.95 EUR,19.95 EUR,https://thehealthhouse.nl/product/vitisfera-bromag/,https://thehealthhouse.nl/wp-content/uploads/2025/12/bromag.png,https://thehealthhouse.nl/wp-content/uploads/2025/12/broorororororororoorr.png,Vitisfera,Best verkocht > Gezondheidsproducten > Lifestyle,DEA-026
46873,Vitisfera Resveratrol Shots,Ondersteunt energie en vermindert vermoeidheid Bevordert gezonde spierfunctie en elektrolytenbalans Bevat bromelaïne uit ananas voor natuurlijke enzymactiviteit Verrijkt met magnesium en vitamine B6 Gemakkelijk in te nemen tabletvorm,in stock,new,34.95 EUR,27.95 EUR,https://thehealthhouse.nl/product/vitisfera-resveratrol-shots/,https://thehealthhouse.nl/wp-content/uploads/2025/12/shooottototoototot.png,,Vitisfera,Best verkocht > Gezondheidsproducten > Liver Support,GEZ-004
46877,Vitisfera Biotin 5000 µg - 60 tabletten,"Bevat 5000 mcg biotine per tablet , een hoge dosis vitamine B7 Ondersteunt gezonde haar‑, huid‑ en nagelconditie (biotine draagt bij aan behoud ervan). Draagt bij aan normale energie‑metabolisme en normale werking van het zenuwstelsel . Vrij van suiker, zout, zetmeel, gluten & allergenen ; geen kunstmatige kleur‑ of smaakstoffen. Vegan en vegetarisch vriendelijk , makkelijk in te nemen in tabletvorm",in stock,new,22.95 EUR,14.95 EUR,https://thehealthhouse.nl/product/vitisfera-biotin/,https://thehealthhouse.nl/wp-content/uploads/2025/12/P0A0A00A0A0A0A0A0-1.png,https://thehealthhouse.nl/wp-content/uploads/2025/12/000A0A00A0-1.png,Vitisfera,Gezondheidsproducten > Lifestyle > Nieuwe Producten,DEA-025
46884,Ré Boost - Silicum Hairboost,"Ondersteunt stralende huid, gezond haar en sterke nagels Bevordert soepele gewrichten en gezond bindweefsel Bevat silicium, zink, koper en brandnetel voor optimale opname en werking Vloeibaar supplement , makkelijk dagelijks in te nemen (15 ml) Veganistisch , vrij van gluten, lactose, soja en kunstmatige toevoegingen",in stock,new,22.95 EUR,14.95 EUR,https://thehealthhouse.nl/product/boxing-fuel-re-boost-bioactivated-silicium/,https://thehealthhouse.nl/wp-content/uploads/2025/12/PAPAPA0A0A0A.png,https://thehealthhouse.nl/wp-content/uploads/2025/12/APPAPAPAPA0A0AAA9AA.png,Jennah,Aminozuren > Gezondheidsproducten > Nieuwe Producten,GEZ-003
46891,The Health House Super Human Pre-Workout + Creatine Monohydrate Pakket,THH SuperHuman Pre-Workout + Creatine Pakket Explosieve energie en scherpe focus voor elke training Verhoogt kracht en prestaties bij intensieve workouts Ondersteunt spiergroei en explosiviteit Ideale combinatie van pre-workout en pure creatine 100% creatine monohydraat zonder toevoegingen Makkelijk te gebruiken vóór en rondom je training Geschikt voor krachttraining en high-intensity workouts,in stock,new,82.95 EUR,49.95 EUR,https://thehealthhouse.nl/product/the-health-house-super-human-creatine-pakket/,https://thehealthhouse.nl/wp-content/uploads/2025/12/aaaaaaaaaaaaaaaaaaaaaaaaaaaaaaaaaaaaaaa-1.png,https://thehealthhouse.nl/wp-content/uploads/2025/12/pappppppppppppp-1.png,The Health House,Creatine > Pre Workout > Stim Pre,CRE-009
46958,Windy Classic Bokshandschoenen Microfiber,Verschillende kleuren Dubbel gestikt Microvezel handschoenen Duurzaam Klassiek design Voor training en sparren Beginners en gevorderden,in stock,new,69.95 EUR,,https://thehealthhouse.nl/product/windy-classic-bokshandschoenen/,https://thehealthhouse.nl/wp-content/uploads/2026/01/Ontwerp-zonder-titel-2026-01-11T132507.370.png,"https://thehealthhouse.nl/wp-content/uploads/2026/01/Ontwerp-zonder-titel-2026-01-11T132857.479.png,https://thehealthhouse.nl/wp-content/uploads/2026/01/Ontwerp-zonder-titel-2026-01-11T132759.141.png,https://thehealthhouse.nl/wp-content/uploads/2026/01/Ontwerp-zonder-titel-2026-01-11T132623.740.png",WINDY,Gear,GEA-003
46985,Windy Proline Leren Bokshandschoenen,Verschillende kleuren Premium leer Sneldrogend Schokabsorberend Stevig gevoel,in stock,new,149.95 EUR,,https://thehealthhouse.nl/product/windy-proline-leren-bokshandschoenen/,https://thehealthhouse.nl/wp-content/uploads/2026/01/Ontwerp-zonder-titel-2026-01-11T142727.912.png,"https://thehealthhouse.nl/wp-content/uploads/2026/01/Ontwerp-zonder-titel-2026-01-11T135700.447.png,https://thehealthhouse.nl/wp-content/uploads/2026/01/Ontwerp-zonder-titel-2026-01-11T132857.479.png,https://thehealthhouse.nl/wp-content/uploads/2026/01/Ontwerp-zonder-titel-2026-01-11T142511.298.png",WINDY,Gear,GEA-002
47044,Windy Classic Leather bokshandschoenen,Echt leer Klassiek design Goede demping Comfortabele pasvorm Verkrijgbaar in verschillende maten en kleuren,in stock,new,129.95 EUR,,https://thehealthhouse.nl/product/windy-classic-leather-edition/,https://thehealthhouse.nl/wp-content/uploads/2026/01/Ontwerp-zonder-titel-2026-01-11T152740.583.png,"https://thehealthhouse.nl/wp-content/uploads/2026/01/Ontwerp-zonder-titel-2026-01-11T152446.704.png,https://thehealthhouse.nl/wp-content/uploads/2026/01/Ontwerp-zonder-titel-2026-01-11T142511.298.png,https://thehealthhouse.nl/wp-content/uploads/2026/01/Ontwerp-zonder-titel-2026-01-11T152740.583.png",WINDY,Gear,GEA-001
47127,The Health House Insane Edge High Stim Pre-Workout,The Health House Insane Edge High Stim Pre-Workout is een high-stim pre-workout voor vóór je training.,in stock,new,59.95 EUR,,https://thehealthhouse.nl/product/the-health-house-insane-edge/,https://thehealthhouse.nl/wp-content/uploads/2026/01/insane-edge-front.png,"https://thehealthhouse.nl/wp-content/uploads/2026/01/insane-edge-back.png,https://thehealthhouse.nl/wp-content/uploads/2026/01/insane-edge-side.png",The Health House,Best verkocht > Nieuwe Producten > Pre Workout,PRE-014
47150,XXL Nutrition Pre-Workout Shot,De meest exclusieve pre-workout shot Vol met effectieve ingrediënten Bevat het unieke EnXtra™ Heerlijke frambozensmaak,in stock,new,2.99 EUR,,https://thehealthhouse.nl/product/xxl-nutrition-pre-shot/,https://thehealthhouse.nl/wp-content/uploads/2026/01/xxl-pre-shot-box.webp,https://thehealthhouse.nl/wp-content/uploads/2026/01/xxl-pre-shot.png,XXL Nutrition,Nieuwe Producten > Pre Workout > Stim Pre,PRE-013
47161,XXL Nutrition Xplode Pre-Workout Shot,"Vol effectieve ingrediënten als cafeïne, taurine en beta-alanine Een heerlijke, explosieve bessensmaak Zowel voor kracht- als duursporters Geen gedoe met losse poeders",in stock,new,2.99 EUR,,https://thehealthhouse.nl/product/xxl-nutrition-xplode-pre-shot/,https://thehealthhouse.nl/wp-content/uploads/2026/01/xxl-xplode-shot-box.png,https://thehealthhouse.nl/wp-content/uploads/2026/01/xxl-xplode-shot.png,XXL Nutrition,Nieuwe Producten > Pre Workout > Stim Pre,PRE-012
47169,MyBodyFuel Whey Protein & Creatine,"MyBodyFuel Whey Protein & Creatine: whey, creatine monohydraat en EAA in poedervorm.",in stock,new,36.95 EUR,,https://thehealthhouse.nl/product/mybodyfuel-whey-protein-creatine-1kg/,https://thehealthhouse.nl/wp-content/uploads/2026/01/mybodyfuel-procrea-aardbei.webp,"https://thehealthhouse.nl/wp-content/uploads/2026/01/mybodyfuel-procrea-aardbei-achterkant.webp,https://thehealthhouse.nl/wp-content/uploads/2026/01/mybodyfuel-procrea-blueberry.webp,https://thehealthhouse.nl/wp-content/uploads/2026/01/mybodyfuel-procrea-creamycookie.webp",MyBodyFuel,Eiwitten > Nieuwe Producten > Spierherstel,EIW-018
47192,MyBodyFuel Protein Oats 1050 g,MyBodyFuel Protein Oats is een eiwitrijke havermoutmix in een verpakking van 1050 g.,in stock,new,23.95 EUR,,https://thehealthhouse.nl/product/mybodyfuel-protein-oats-1050gr/,https://thehealthhouse.nl/wp-content/uploads/2026/01/mybodyfuel-protein-oats-banaan.webp,"https://thehealthhouse.nl/wp-content/uploads/2026/01/mybodyfuel-protein-oats-banaan-achterkant.webp,https://thehealthhouse.nl/wp-content/uploads/2026/01/mybodyfuel-protein-oats-bosbes.webp,https://thehealthhouse.nl/wp-content/uploads/2026/01/mybodyfuel-protein-oats-bosbes-achterkant.webp",MyBodyFuel,Carbs > Eiwitten > Mealprep en Dieet,EIW-017
47210,MyBodyFuel Protein Pancakes 1 kg,Suikervrije MyBodyFuel Protein Pancakes-mix van 1 kg voor zelfgemaakte proteïnepannenkoeken.,in stock,new,23.95 EUR,,https://thehealthhouse.nl/product/mybodyfuel-protein-pancakes-1kg/,https://thehealthhouse.nl/wp-content/uploads/2026/01/mybodyfuel-protein-pancakes-naturel.webp,https://thehealthhouse.nl/wp-content/uploads/2026/01/mybodyfuel-protein-pancakes-naturel-achterkant.webp,MyBodyFuel,Eiwitten > Food > Nieuwe Producten,EIW-016
47223,MyBodyFuel Creatine Monohydraat,MyBodyFuel Creatine Monohydraat: 5 g creatinepoeder per portie en 60 servings.,in stock,new,14.95 EUR,,https://thehealthhouse.nl/product/mybodyfuel-creatine-monohydrate-300gr/,https://thehealthhouse.nl/wp-content/uploads/2026/01/mybodyfuel-creatine-monohydrate.webp,https://thehealthhouse.nl/wp-content/uploads/2026/01/mybodyfuel-creatine-monohydrate-achterkant.webp,MyBodyFuel,Creatine > Nieuwe Producten > Spierherstel,CRE-008
47231,MyBodyFuel Elektrolyten,"Elektrolytenpoeder met magnesium en EAA, bedoeld om met water te mengen.",in stock,new,24.95 EUR,,https://thehealthhouse.nl/product/mybodyfuel-electrolytes-300gr/,https://thehealthhouse.nl/wp-content/uploads/2026/01/mybodyfuel-electrolytes-blueberry.webp,"https://thehealthhouse.nl/wp-content/uploads/2026/01/mybodyfuel-electrolytes-mango.webp,https://thehealthhouse.nl/wp-content/uploads/2026/01/mybodyfuel-electrolytes-strawberry.webp,https://thehealthhouse.nl/wp-content/uploads/2026/01/mybodyfuel-electrolytes-blueberry-achterkant.webp",MyBodyFuel,Aminozuren > Best verkocht > Elektrolyten,THH-011
47245,MyBodyFuel Vitamine Mix,"MyBodyFuel Vitamine Mix combineert magnesium, vitamine C, calcium en EAA in één formule.",in stock,new,24.95 EUR,,https://thehealthhouse.nl/product/mybodyfuel-vitamin-mix-300gr/,https://thehealthhouse.nl/wp-content/uploads/2026/01/mybodyfuel-vitamin-mix-tropical.webp,"https://thehealthhouse.nl/wp-content/uploads/2026/01/mybodyfuel-vitamin-mix-sweet-cherry.webp,https://thehealthhouse.nl/wp-content/uploads/2026/01/mybodyfuel-vitamin-mix-tropical-achterkant.webp",MyBodyFuel,Nieuwe Producten > Vitaliteit > Vitamines,VIT-007
47257,MyBodyFuel Omega 3 Softgels - 1000 mg,MyBodyFuel Omega 3 Softgels met 1000 mg omega 3 en 3 softgels per portie.,in stock,new,12.95 EUR,,https://thehealthhouse.nl/product/mybodyfuel-omega-3-1000mg-60-softgels/,https://thehealthhouse.nl/wp-content/uploads/2026/01/mybodyfuel-omega-3.webp,https://thehealthhouse.nl/wp-content/uploads/2026/01/mybodyfuel-omega-3-achterkant.webp,MyBodyFuel,Lifestyle > Nieuwe Producten > Spierherstel,HER-010
47272,MyBodyFuel Multivitamine - 90 Tabletten,MyBodyFuel Multivitamine: 90 tabletten voor je dagelijkse supplementenroutine.,in stock,new,13.95 EUR,,https://thehealthhouse.nl/product/mybodyfuel-mutlivitamine-90-tabletten/,https://thehealthhouse.nl/wp-content/uploads/2026/01/mybodyfuel-multivitamin.webp,https://thehealthhouse.nl/wp-content/uploads/2026/01/mybodyfuel-multivitamin-achterkant.webp,MyBodyFuel,Nieuwe Producten > Vitaliteit > Vitamines,VIT-006
47276,"MyBodyFuel Calcium, Zink & Magnesium - 60 Tabletten","MyBodyFuel Calcium, Zink & Magnesium: drie mineralen in een verpakking van 60 tabletten.",in stock,new,21.95 EUR,9.95 EUR,https://thehealthhouse.nl/product/mybodyfuel-calcium-zinc-magnesium-60-tabletten/,https://thehealthhouse.nl/wp-content/uploads/2026/01/mybodyfuel-calcium-zinc-magnesium.webp,https://thehealthhouse.nl/wp-content/uploads/2026/01/mybodyfuel-calcium-zinc-magnesium-achterkant.webp,MyBodyFuel,Gezondheidsproducten > Joints / Gewrichten > Nieuwe Producten,GEZ-002
47280,MyBodyFuel Vitamine D3 - 25 µg - 60 Tabletten,MyBodyFuel Vitamine D3 met 25 µg vitamine D3 in een verpakking van 60 tabletten.,in stock,new,14.95 EUR,12.95 EUR,https://thehealthhouse.nl/product/mybodyfuel-vitamine-d3-25-%c2%b5g-60-tabletten/,https://thehealthhouse.nl/wp-content/uploads/2026/01/mybodyfuel-vitamin-d3.webp,https://thehealthhouse.nl/wp-content/uploads/2026/01/mybodyfuel-vitamin-d3-achterkant.webp,MyBodyFuel,Lifestyle > Nieuwe Producten > Vitaliteit,VIT-008
47285,MyBodyFuel Magnesium Citraat 200 mg - 60 Tabletten,MyBodyFuel Magnesium Citraat met 200 mg magnesium per tablet en 60 tabletten per verpakking.,in stock,new,11.95 EUR,,https://thehealthhouse.nl/product/mybodyfuel-magnesium-citraat-200mg-60-tabletten/,https://thehealthhouse.nl/wp-content/uploads/2026/01/mybodyfuel-magnesium-citraat.webp,https://thehealthhouse.nl/wp-content/uploads/2026/01/mybodyfuel-magnesium-citraat-achterkant.webp,MyBodyFuel,Joints / Gewrichten > Nieuwe Producten > Spierherstel,HER-011
47307,XXL Nutrition Delicious Oat Bar,De perfecte combinatie tussen smaak en goede voedingswaarden Pure havermoutreep vol complexe koolhydraten Maar liefst 460+ kcal per reep 6 heerlijke smaken,in stock,new,1.99 EUR,,https://thehealthhouse.nl/product/xxl-nutrition-delicious-oat-bar/,https://thehealthhouse.nl/wp-content/uploads/2026/01/delicious-bar.webp,"https://thehealthhouse.nl/wp-content/uploads/2026/01/delicious-single-bar.png,https://thehealthhouse.nl/wp-content/uploads/2026/01/delicious-bar-yoghurt.png,https://thehealthhouse.nl/wp-content/uploads/2026/01/delicious-bar-white-choco-cherry.png",XXL Nutrition,Best verkocht > Carbs > Food,OVR-002
47334,XXL Nutrition Crunchy Protein Bar,"Tot 22 g eiwit per reep van 60 g Verkrijgbaar in 6 heerlijke smaken Knapperig van buiten, zacht van binnen Snel extra eiwitten voor beter spierherstel",in stock,new,2.59 EUR,,https://thehealthhouse.nl/product/xxl-nutrition-crunchy-protein-bar/,https://thehealthhouse.nl/wp-content/uploads/2026/01/Crunchy20Bar.png,"https://thehealthhouse.nl/wp-content/uploads/2026/01/crunchy-protein-bar-celebration-cake.png,https://thehealthhouse.nl/wp-content/uploads/2026/01/crunchy-protein-bar-stracciatella.png,https://thehealthhouse.nl/wp-content/uploads/2026/01/crunchy-protein-bar-caramel-1.png",XXL Nutrition,Eiwitrepen > Eiwitten > Food,THH-010
47355,Windy Lace-up Leather Boxing Gloves,Klassiek professioneel design Vetersluiting voor perfecte pasvorm Extra polsondersteuning Luxe uitstraling,in stock,new,134.95 EUR,,https://thehealthhouse.nl/product/windy-lace-up-leather-boxing-gloves/,https://thehealthhouse.nl/wp-content/uploads/2026/01/Ontwerp-zonder-titel-2026-01-19T144040.682.png,"https://thehealthhouse.nl/wp-content/uploads/2026/01/Ontwerp-zonder-titel-2026-01-19T144341.760.png,https://thehealthhouse.nl/wp-content/uploads/2026/01/Ontwerp-zonder-titel-2026-01-19T144224.606.png,https://thehealthhouse.nl/wp-content/uploads/2026/01/Ontwerp-zonder-titel-2026-01-19T144133.322.png",WINDY,Fightgear,FGE-003
47387,Windy Proline Scheenbeschermers,Hoogwaardige kwaliteit materialen Sterke schokabsorberende vulling Optimale bescherming van scheen en wreef Ergonomische pasvorm Blijft goed zitten tijdens training,in stock,new,114.95 EUR,,https://thehealthhouse.nl/product/windy-proline-scheenbeschermers/,https://thehealthhouse.nl/wp-content/uploads/2026/01/Ontwerp-zonder-titel-2026-01-19T145952.236.png,"https://thehealthhouse.nl/wp-content/uploads/2026/01/Ontwerp-zonder-titel-2026-01-19T150044.216.png,https://thehealthhouse.nl/wp-content/uploads/2026/01/Ontwerp-zonder-titel-2026-01-19T150133.033.png,https://thehealthhouse.nl/wp-content/uploads/2026/01/Ontwerp-zonder-titel-2026-01-19T150432.522.png",WINDY,Fightgear,FGE-002
47409,Windy Classic Scheenbeschermer,Dubbele klittenbandsluiting Stevige en stabiele pasvorm Schokabsorberende vulling Beschermt scheenbeen goed,in stock,new,79.95 EUR,,https://thehealthhouse.nl/product/windy-classic-scheenbeschermer/,https://thehealthhouse.nl/wp-content/uploads/2026/01/Ontwerp-zonder-titel-2026-01-19T152011.868.png,"https://thehealthhouse.nl/wp-content/uploads/2026/01/Ontwerp-zonder-titel-2026-01-19T151930.064.png,https://thehealthhouse.nl/wp-content/uploads/2026/01/Ontwerp-zonder-titel-2026-01-19T151848.349.png",WINDY,Fightgear,FGE-001
47483,XXL Nutrition High Protein Bar,"25 g eiwit per reep Slechts 0,7 gram suiker 4 heerlijke volle smaken",in stock,new,2.49 EUR,,https://thehealthhouse.nl/product/xxl-nutrition-high-protein-bar/,https://thehealthhouse.nl/wp-content/uploads/2026/01/High20Bar.png,"https://thehealthhouse.nl/wp-content/uploads/2026/01/High20Bar202-2.png,https://thehealthhouse.nl/wp-content/uploads/2026/01/High20Bar202-3.png,https://thehealthhouse.nl/wp-content/uploads/2026/01/High20Bar202-1-1.png",XXL Nutrition,Eiwitrepen > Eiwitten > Food,THH-009
47496,XXL Nutrition N-Joy Protein Bar,Hoog eiwitgehalte van 36% Vele overheerlijke smaken Smeuïge repen met een crunchy topping Geschikt voor ieder moment van de dag Minder suiker en verzadigde vetten,in stock,new,2.59 EUR,,https://thehealthhouse.nl/product/xxl-nutrition-n-joy-protein-bar/,https://thehealthhouse.nl/wp-content/uploads/2026/01/N20Protein20Bar.png,"https://thehealthhouse.nl/wp-content/uploads/2026/01/N20Protein20-20pack20Chocolate2620Coconut.png,https://thehealthhouse.nl/wp-content/uploads/2026/01/N20Protein20-20Dough2015-pack.png,https://thehealthhouse.nl/wp-content/uploads/2026/01/N20Protein20-20pack20Cookies2620Cream.png",XXL Nutrition,Eiwitrepen > Eiwitten > Food,THH-008
47513,XXL Nutrition Protein Nut Bar Naturel,"Heerlijke notenreep met een knapperige smaak 100% natuurlijke ingrediënten Rijk aan gezonde vetten en eiwitten Minder dan 180 kcal per reep Met amandelen, cashewnoten, hazelnoot en lijnzaad",in stock,new,2.49 EUR,,https://thehealthhouse.nl/product/xxl-nutrition-protein-nut-bar/,https://thehealthhouse.nl/wp-content/uploads/2026/01/Protein20Bar2012020gram29.png,https://thehealthhouse.nl/wp-content/uploads/2026/01/Protein20Bar201520pack.png,XXL Nutrition,Eiwitrepen > Eiwitten > Food,THH-007
47521,XXL Nutrition Natural Energy Bar,100% natuurlijke energiereep Lactosevrij en veganistisch 30 g hoogwaardige koolhydraten per reep Lekkere appeltaart smaak,in stock,new,3.00 EUR,1.00 EUR,https://thehealthhouse.nl/product/xxl-nutrition-natural-energy-bar/,https://thehealthhouse.nl/wp-content/uploads/2026/01/Natural20Bar.png,https://thehealthhouse.nl/wp-content/uploads/2026/01/Natural20Bar201220-20Pie.png,XXL Nutrition,Carbs > Eiwitrepen > Eiwitten,DEA-024
47537,Rabeko Zero Calorie Fit Sauce 350 ml,Slechts 5–15 kcal per portie Meer dan 18 smaken Suikervrij & laag in koolhydraten Geschikt voor koud gebruik én koken/bakken,in stock,new,4.75 EUR,,https://thehealthhouse.nl/product/rabeko-saus-350ml/,https://thehealthhouse.nl/wp-content/uploads/2026/01/andlouse.webp,"https://thehealthhouse.nl/wp-content/uploads/2026/01/truffel.webp,https://thehealthhouse.nl/wp-content/uploads/2026/01/teriyaki.webp,https://thehealthhouse.nl/wp-content/uploads/2026/01/sw-chili.webp",Rabeko,Afvallen > Best verkocht > Fit Sausjes,AFV-004
47603,INLEAD Premium Sauce 350 ml,Premium saus met volle smaak Caloriearm & bewust samengesteld Gluten- en lactosevrij 350 ml per fles,in stock,new,1.00 EUR,,https://thehealthhouse.nl/product/inlead-premium-sauce-350ml/,https://thehealthhouse.nl/wp-content/uploads/2026/01/inlead-premium-sauce-sriracha-mayo-style.webp,"https://thehealthhouse.nl/wp-content/uploads/2026/01/il0001.webp,https://thehealthhouse.nl/wp-content/uploads/2026/01/il0004.webp,https://thehealthhouse.nl/wp-content/uploads/2026/01/il0008.webp",INLEAD,Fit Sausjes > Food > Nieuwe Producten,DEA-023
47648,INLEAD Clear Whey Isolate 500 g,"Snelle opname van hoogwaardig wei-isolaat Helder en verfrissend, makkelijk te drinken Laag vet- en koolhydraatgehalte Bevordert spi ergroei en -herstel",in stock,new,29.95 EUR,,https://thehealthhouse.nl/product/inlead-clear-whey-isolate-500gr/,https://thehealthhouse.nl/wp-content/uploads/2026/01/inlead-clear-whey-isolate-500g-cherry.webp,"https://thehealthhouse.nl/wp-content/uploads/2026/01/inlead-clear-whey-isolate-500g-tropical.webp,https://thehealthhouse.nl/wp-content/uploads/2026/01/inlead-clear-whey-isolate-500g-mango-maracuja.webp,https://thehealthhouse.nl/wp-content/uploads/2026/01/inlead-clear-whey-isolate-500g-lemon-ice-tea.webp",INLEAD,Eiwitten > Eiwitten Isolaat > Nieuwe Producten,EIW-015
47704,Tyranos Active 90 capsules In Store Deals,"Tyranos Active: 90 vegan capsules met collageen, vitamine D3, vitamine C en calcium.",in stock,new,40.00 EUR,24.95 EUR,https://thehealthhouse.nl/product/tyranos-active-kraakbeen-en-gewrichten-in-store-deals/,https://thehealthhouse.nl/wp-content/uploads/2025/09/Ontwerp-zonder-titel-33-1.png,https://thehealthhouse.nl/wp-content/uploads/2025/09/Ontwerp-zonder-titel-34-1.png,TYRANOS,In-Store Deals,DEA-018
47705,Tyranos Active Plus 90 capsules In Store Deals,"Tyranos Active Plus met collageen, vitamine D3, vitamine C en calcium in 90 capsules.",in stock,new,50.00 EUR,29.95 EUR,https://thehealthhouse.nl/product/tyranos-active-plus-kraakbeen-en-gewrichten-in-store-deals/,https://thehealthhouse.nl/wp-content/uploads/2025/09/Ontwerp-zonder-titel-35-1.png,https://thehealthhouse.nl/wp-content/uploads/2025/09/Ontwerp-zonder-titel-36-1.png,TYRANOS,In-Store Deals,DEA-017
47706,Tyranos Flex voor soepele gewrichten 90 capsules,"Tyranos Flex: capsuleformule met collageen, calcium, vitamine C en EAA.",in stock,new,45.00 EUR,29.95 EUR,https://thehealthhouse.nl/product/tyranos-flex-soepele-gewrichten-sporters-in-store-deals/,https://thehealthhouse.nl/wp-content/uploads/2025/09/Ontwerp-zonder-titel-37-1.png,https://thehealthhouse.nl/wp-content/uploads/2025/09/Ontwerp-zonder-titel-38-1.png,TYRANOS,In-Store Deals,DEA-016
47716,ESN EAA Formula Amino Acids,Essentieel amino-complex Met AstraGin® en vitamine B6 Snel opneembare aminozuren,in stock,new,29.95 EUR,,https://thehealthhouse.nl/product/esn-eaa/,https://thehealthhouse.nl/wp-content/uploads/2026/01/esn0013.webp,https://thehealthhouse.nl/wp-content/uploads/2026/01/esn0012.webp,ESN,Aminozuren > EAA > Spieropbouw,SPO-004
47730,ESN Crank Pre-Workout,Allround booster met 200 mg cafeïne Voor maximale focus & pump Ondersteunt de energiestofwisseling & meer,in stock,new,33.90 EUR,,https://thehealthhouse.nl/product/esn-crank-pre-workout/,https://thehealthhouse.nl/wp-content/uploads/2026/01/Crank_380g_BlackberryFlavor_2024x2024_shop-Ky6j3hay_e04a4802-9642-4856-ad9b-69379cd8f308.webp,https://thehealthhouse.nl/wp-content/uploads/2026/01/PDP_Keyfacts_Crank_DE-InEuk-AY.webp,ESN,Nieuwe Producten > Pre Workout > Stim Pre,PRE-011
47751,MyBodyFuel Multivitamin tablets In Store Deals,MyBodyFuel Multivitamin: tabletten met EAA voor je dagelijkse supplementenroutine.,in stock,new,13.95 EUR,10.95 EUR,https://thehealthhouse.nl/product/mybodyfuel-mutlivitamine-90-tabletten-2/,https://thehealthhouse.nl/wp-content/uploads/2026/01/mybodyfuel-multivitamin.webp,https://thehealthhouse.nl/wp-content/uploads/2026/01/mybodyfuel-multivitamin-achterkant.webp,MyBodyFuel,In-Store Deals,DEA-015
47755,MyBodyFuel Omega 3 Softgels 1000 mg In Store Deals,MyBodyFuel Omega 3 Softgels 1000 mg In Store Deals bevat omega 3 en EAA in softgelvorm.,in stock,new,12.95 EUR,9.95 EUR,https://thehealthhouse.nl/product/mybodyfuel-omega-3-1000mg-60-softgels-in-store-deals/,https://thehealthhouse.nl/wp-content/uploads/2026/01/mybodyfuel-omega-3.webp,https://thehealthhouse.nl/wp-content/uploads/2026/01/mybodyfuel-omega-3-achterkant.webp,MyBodyFuel,In-Store Deals,DEA-014
47757,MyBodyFuel Protein Pancakes 1 kg In Store Deals,"Suikervrije MyBodyFuel Protein Pancakes-mix van 1 kg, verkrijgbaar als dealproduct.",in stock,new,20.95 EUR,,https://thehealthhouse.nl/product/mybodyfuel-protein-pancakes-1kg-in-store-deals/,https://thehealthhouse.nl/wp-content/uploads/2026/01/mybodyfuel-protein-pancakes-naturel.webp,https://thehealthhouse.nl/wp-content/uploads/2026/01/mybodyfuel-protein-pancakes-naturel-achterkant.webp,MyBodyFuel,In-Store Deals,DEA-013
47760,MyBodyFuel Protein Oats 1050 g In Store Deals,MyBodyFuel Protein Oats van 1050 g: een oatsmix met EAA in poedervorm.,in stock,new,20.95 EUR,,https://thehealthhouse.nl/product/mybodyfuel-protein-oats-1050gr-in-store-deals/,https://thehealthhouse.nl/wp-content/uploads/2026/01/mybodyfuel-protein-oats-banaan.webp,"https://thehealthhouse.nl/wp-content/uploads/2026/01/mybodyfuel-protein-oats-banaan-achterkant.webp,https://thehealthhouse.nl/wp-content/uploads/2026/01/mybodyfuel-protein-oats-bosbes.webp,https://thehealthhouse.nl/wp-content/uploads/2026/01/mybodyfuel-protein-oats-bosbes-achterkant.webp",MyBodyFuel,In-Store Deals,DEA-012
47764,MyBodyFuel Creatine Monohydrate 300 g In Store Deals,MyBodyFuel Creatine Monohydrate: 300 g creatinepoeder met 5 g per portie.,in stock,new,14.95 EUR,11.95 EUR,https://thehealthhouse.nl/product/mybodyfuel-creatine-monohydrate-300gr-in-store-deals/,https://thehealthhouse.nl/wp-content/uploads/2026/01/mybodyfuel-creatine-monohydrate.webp,https://thehealthhouse.nl/wp-content/uploads/2026/01/mybodyfuel-creatine-monohydrate-achterkant.webp,MyBodyFuel,In-Store Deals,DEA-011
47766,MyBodyFuel Elektrolyten 300 g In Store Deals,"MyBodyFuel Elektrolyten is een 300 g poeder met elektrolyten, magnesium en EAA.",in stock,new,21.95 EUR,,https://thehealthhouse.nl/product/mybodyfuel-electrolytes-300gr-in-store-deals/,https://thehealthhouse.nl/wp-content/uploads/2026/01/mybodyfuel-electrolytes-blueberry.webp,"https://thehealthhouse.nl/wp-content/uploads/2026/01/mybodyfuel-electrolytes-mango.webp,https://thehealthhouse.nl/wp-content/uploads/2026/01/mybodyfuel-electrolytes-strawberry.webp,https://thehealthhouse.nl/wp-content/uploads/2026/01/mybodyfuel-electrolytes-blueberry-achterkant.webp",MyBodyFuel,In-Store Deals,DEA-010
47771,MyBodyFuel Vitamine Mix 300 g In Store Deals,"Poedermix van 300 g met magnesium, vitamine C, calcium en EAA.",in stock,new,21.95 EUR,,https://thehealthhouse.nl/product/mybodyfuel-vitamin-mix-300gr-in-store-deals/,https://thehealthhouse.nl/wp-content/uploads/2026/01/mybodyfuel-vitamin-mix-tropical.webp,"https://thehealthhouse.nl/wp-content/uploads/2026/01/mybodyfuel-vitamin-mix-sweet-cherry.webp,https://thehealthhouse.nl/wp-content/uploads/2026/01/mybodyfuel-vitamin-mix-tropical-achterkant.webp",MyBodyFuel,In-Store Deals,DEA-009
47776,"MyBodyFuel Calcium, Zink & Magnesium 60 Tabletten In Store Deals","Tablettensupplement met calcium, zink en magnesium in een verpakking van 60 stuks.",in stock,new,13.95 EUR,10.95 EUR,https://thehealthhouse.nl/product/mybodyfuel-calcium-zinc-magnesium-60-tabletten-in-store-deals/,https://thehealthhouse.nl/wp-content/uploads/2026/01/mybodyfuel-calcium-zinc-magnesium.webp,https://thehealthhouse.nl/wp-content/uploads/2026/01/mybodyfuel-calcium-zinc-magnesium-achterkant.webp,MyBodyFuel,In-Store Deals,DEA-008
47778,MyBodyFuel Magnesium Citraat 60 Tabletten In Store Deals,MyBodyFuel Magnesium Citraat: 60 tabletten met 200 mg magnesiumcitraat.,in stock,new,21.95 EUR,8.95 EUR,https://thehealthhouse.nl/product/mybodyfuel-magnesium-citraat-200mg-60-tabletten-in-store-deals/,https://thehealthhouse.nl/wp-content/uploads/2026/01/mybodyfuel-magnesium-citraat.webp,https://thehealthhouse.nl/wp-content/uploads/2026/01/mybodyfuel-magnesium-citraat-achterkant.webp,MyBodyFuel,In-Store Deals,DEA-007
47780,MyBodyFuel Whey Protein & Creatine 1 kg In Store Deals,"MyBodyFuel Whey Protein & Creatine van 1 kg combineert whey, creatine monohydraat en EAA.",in stock,new,33.95 EUR,,https://thehealthhouse.nl/product/mybodyfuel-whey-protein-creatine-1kg-in-store-deals/,https://thehealthhouse.nl/wp-content/uploads/2026/01/mybodyfuel-procrea-aardbei.webp,"https://thehealthhouse.nl/wp-content/uploads/2026/01/mybodyfuel-procrea-aardbei-achterkant.webp,https://thehealthhouse.nl/wp-content/uploads/2026/01/mybodyfuel-procrea-blueberry.webp,https://thehealthhouse.nl/wp-content/uploads/2026/01/mybodyfuel-procrea-creamycookie.webp",MyBodyFuel,In-Store Deals,DEA-006
47788,The Health House Insane Edge High Stim Pre-Workout In Store Deals,The Health House Insane Edge High Stim Pre-Workout In Store Deals: high-stim pre-workout voor je training.,in stock,new,39.95 EUR,,https://thehealthhouse.nl/product/the-health-house-insane-edge-high-stim-pre-in-store-deals/,https://thehealthhouse.nl/wp-content/uploads/2026/01/insane-edge-front.png,"https://thehealthhouse.nl/wp-content/uploads/2026/01/insane-edge-back.png,https://thehealthhouse.nl/wp-content/uploads/2026/01/insane-edge-side.png",The Health House,In-Store Deals,DEA-005
47792,The Health House Super Human Pre-Workout Strawberry Lemon 300 g In Store Deals,"The Health House Super Human pre-workout in Strawberry Lemon-smaak, met 300 g inhoud.",in stock,new,59.95 EUR,44.95 EUR,https://thehealthhouse.nl/product/the-health-house-super-human-pre-workout-in-store-deals/,https://thehealthhouse.nl/wp-content/uploads/2025/12/superrrrrrrrrrrrrrrrrrrrrrrrrrrrr-1.png,https://thehealthhouse.nl/wp-content/uploads/2025/12/pappppppppppppp-1.png,The Health House,In-Store Deals,DEA-004
47885,Vitisfera Fiberlin,100% prebiotische vezelblend Met gepatenteerde ingrediënten Zacht voor de spijsvertering Handig en effectief gedoseerd,in stock,new,27.95 EUR,19.95 EUR,https://thehealthhouse.nl/product/vitisfera-fiberlin/,https://thehealthhouse.nl/wp-content/uploads/2026/02/vitisfera-fibrelin-30-sase.webp,,Vitisfera,Lifestyle > Nieuwe Producten > Vitaliteit,DEA-002
47891,Vitisfera Resveratrol Caps,Hooggedoseerde resveratrolformule Met gepatenteerde Zwitserse Veri-Te® resveratrol Zeer zuivere plantaardige extracten Synergetische antioxidantcombinatie,in stock,new,24.95 EUR,,https://thehealthhouse.nl/product/vitisfera-resveratrol-caps/,https://thehealthhouse.nl/wp-content/uploads/2026/02/Untitled-design-12.png,,Vitisfera,Liver Support > Nieuwe Producten > Vitaliteit,DEA-001
47913,TREC Boogieman Pre-Workout 300 g,"Extreem krachtige pre-workout formule Bevat magnesium, dat bijdraagt aan een goede spierfunctie Ontwikkeld voor de zwaarste trainingen en wedstrijden",in stock,new,32.95 EUR,,https://thehealthhouse.nl/product/trec-boogieman-300gr/,https://thehealthhouse.nl/wp-content/uploads/2026/02/boogieman-300g-jar_1.webp,"https://thehealthhouse.nl/wp-content/uploads/2026/02/BOOGIEMAN_POWDER_GRAPEFRUIT_LIME_325x62mm_RENDER.webp,https://thehealthhouse.nl/wp-content/uploads/2026/02/default_d0392055-935f-4a14-afe4-a52b8980d51d.webp,https://thehealthhouse.nl/wp-content/uploads/2026/02/boogieman-300g_3982.webp",TREC,Nieuwe Producten > Pre Workout > Stim Pre,THH-002
47961,USN Creatine Anabolic 900 g,"Koolhydraten voor maximale opname van creatine Boost prestaties op korte termijn, hoge intensiteit Heerlijk smakende, gemakkelijk te mixen drank",in stock,new,29.95 EUR,,https://thehealthhouse.nl/product/usn-creatine-anabolic-900gr/,https://thehealthhouse.nl/wp-content/uploads/2026/02/creatine_anabolic_cherry_900gram.jpg,https://thehealthhouse.nl/wp-content/uploads/2026/02/creatine_anabolic_orange_900gram.jpg,USN,Aminozuren > Creatine > Intra workout,CRE-007
47976,Inlead Creatine Monohydrate 500 g,"100% puur creatine monohydraat Ondersteunt prestaties bij intensieve, kortdurende inspanning Bevordert de ATP-productie",in stock,new,17.95 EUR,,https://thehealthhouse.nl/product/inlead-creatine-monohyrdate-500gr/,https://thehealthhouse.nl/wp-content/uploads/2026/02/inlead-creatine-monohydrate-500g.png,,INLEAD,Creatine > Nieuwe Producten > Spierherstel,CRE-006
48016,TREC L-Carnitine 3000,"Sterk geconcentreerde formule Vloeibare L-carnitine in vrije vorm (L-carnitine base) 1500 mg L-carnitine per 12,5 ml dosering Populair bij zowel kracht- als duursporters",in stock,new,24.95 EUR,,https://thehealthhouse.nl/product/trec-l-carnitine-3000/,https://thehealthhouse.nl/wp-content/uploads/2026/02/3000.webp,https://thehealthhouse.nl/wp-content/uploads/2026/02/3000shot.webp,TREC,Afvallen > Fatburners > L-carnitine,AFV-003
48022,TREC S.A.W. Pre-Workout,"Ultra-geconcentreerde pre-workout formule Met beta-alanine, cafeïne, L-arginine en creatinecomplex Maximale focus, energie en pomp",in stock,new,29.95 EUR,,https://thehealthhouse.nl/product/trec-s-a-w-pre-workout/,https://thehealthhouse.nl/wp-content/uploads/2026/02/s.a.w.-400g-jar_1.webp,"https://thehealthhouse.nl/wp-content/uploads/2026/02/s.a.w.-200g-jar_1.webp,https://thehealthhouse.nl/wp-content/uploads/2026/02/sawpowder.webp",TREC,Nieuwe Producten > Pre Workout > Stim Pre,PRE-005
48089,TREC BCAA High Speed,Bevat BCAA’s in optimale 2:1:1 verhouding Snelle opname Hoogwaardige en zuivere samenstelling,in stock,new,22.95 EUR,,https://thehealthhouse.nl/product/trec-bcaa-high-speed/,https://thehealthhouse.nl/wp-content/uploads/2026/02/bcaa-high-speed-250g-jar.webp,https://thehealthhouse.nl/wp-content/uploads/2026/02/bcaahighspeed.webp,TREC,Aminozuren > BCAA > Spierherstel,HER-006
48096,TREC Gold Core BCAA 250 g,BCAA’s in optimale 2:1:1 verhouding Verrijkt met citrullinemalaat en bèta-alanine Hoogwaardige en zuivere samenstelling,in stock,new,24.95 EUR,,https://thehealthhouse.nl/product/trec-gold-core-bcaa-250gr/,https://thehealthhouse.nl/wp-content/uploads/2026/02/bcaa.webp,https://thehealthhouse.nl/wp-content/uploads/2026/02/bcaa-1.webp,TREC,Aminozuren > BCAA > Nieuwe Producten,HER-005
48113,TREC Collagen Renover,Met gehydrolyseerd collageen Verrijkt met vitamine C Praktische dagdosering van 10 g,in stock,new,29.95 EUR,,https://thehealthhouse.nl/product/trec-collagen-renover/,https://thehealthhouse.nl/wp-content/uploads/2026/02/collagen-renover-350g-jar_1.webp,https://thehealthhouse.nl/wp-content/uploads/2026/02/collagen_1f8a7348-355a-4a27-91a5-4cba79393f22.webp,TREC,Joints / Gewrichten > Nieuwe Producten > Vitaliteit,VIT-004
48119,TREC ProZMA+ 90 capsules,"Complete ZMA-formule met DAA Ondersteunt herstel tijdens de nacht Draagt bij aan spierfunctie, eiwitsynthese en hormonale balans",in stock,new,24.95 EUR,,https://thehealthhouse.nl/product/trec-prozma/,https://thehealthhouse.nl/wp-content/uploads/2026/02/prozma-3-90c_1.webp,https://thehealthhouse.nl/wp-content/uploads/2026/02/prozma_cb0ae3ed-997b-4ed9-9a9a-b06110c6faa3.webp,TREC,Joints / Gewrichten > Nieuwe Producten > Spierherstel,HER-004
48124,TREC Thermo Fat Burner Max,Met krachtige plantenextracten Verrijkt met L-carnitine en chroom Ideaal rondom trainingen,in stock,new,34.95 EUR,,https://thehealthhouse.nl/product/trec-thermo-fat-burner-max/,https://thehealthhouse.nl/wp-content/uploads/2026/02/th-fat-bur-2-120k_1.webp,https://thehealthhouse.nl/wp-content/uploads/2026/02/thermo.webp,TREC,Afvallen > Fatburners > Nieuwe Producten,AFV-002
48129,TREC Tribulon Black Testosterone Booster,95% gestandaardiseerd op bioactieve saponinen Krachtige Tribulus terrestris-formule Geconcentreerde samenstelling,in stock,new,31.95 EUR,,https://thehealthhouse.nl/product/trec-tribulon-black/,https://thehealthhouse.nl/wp-content/uploads/2026/02/tr-black-2-120c-n1_1.webp,https://thehealthhouse.nl/wp-content/uploads/2026/02/black.webp,TREC,Nieuwe Producten > Spieropbouw > Test boosters,SPO-002
48134,TREC Testoxx Testosterone Booster,Krachtige kruidenformule met 6 plantenextracten Met zink ter ondersteuning van normale testosteronspiegels Ideaal voor intensief trainende sporters,in stock,new,39.95 EUR,,https://thehealthhouse.nl/product/trec-testoxx/,https://thehealthhouse.nl/wp-content/uploads/2026/02/testoxx-3-60c_1.webp,https://thehealthhouse.nl/wp-content/uploads/2026/02/testoxx.webp,TREC,Nieuwe Producten > Test boosters > Vitaliteit,VIT-003
48139,TREC Clenburexin Fat Burner 90 capsules,220 mg cafeïne per dagdosering Combinatie van thermogene stoffen en vitaminen Geschikt binnen een actief of caloriebeperkt voedingsschema,in stock,new,42.95 EUR,,https://thehealthhouse.nl/product/trec-clenburexin/,https://thehealthhouse.nl/wp-content/uploads/2026/02/clenburx-90c-n_1.webp,https://thehealthhouse.nl/wp-content/uploads/2026/02/clenburexin_76426b44-ea10-4e01-b03b-2ae16fb692de.webp,TREC,Afvallen > Fatburners > Nieuwe Producten,AFV-001
48144,TREC Protein Boogie Bar,Hoog eiwitgehalte Handige on-the-go snack Heerlijke smaakvarianten,in stock,new,3.50 EUR,,https://thehealthhouse.nl/product/trec-protein-boogie-bar/,https://thehealthhouse.nl/wp-content/uploads/2026/02/boogieman-zestaw-batonow-proteinowych-o-smaku-czek-protein-boogie-bar-choco_q59b4Jh.webp,"https://thehealthhouse.nl/wp-content/uploads/2026/02/protein-boogie-bar_1.webp,https://thehealthhouse.nl/wp-content/uploads/2026/02/protein-boogie-bar_2.webp,https://thehealthhouse.nl/wp-content/uploads/2026/02/boogieprotbar.webp",TREC,Eiwitrepen > Eiwitten > Food,THH-003
48153,TREC Boogieman Pre-Workout Shot,Geconcentreerde all-in-one pre-workout formule Gebruiksklare shot van 50 ml Ontwikkeld voor intensief trainende sporters,in stock,new,3.50 EUR,,https://thehealthhouse.nl/product/trec-boogieman-shot/,https://thehealthhouse.nl/wp-content/uploads/2026/02/trec-zestaw-shotow-boogieman-grejfrut-limonka-12-s-boogieman-shot-12-szt-kr.webp,https://thehealthhouse.nl/wp-content/uploads/2026/02/boogie.webp,TREC,Nieuwe Producten > Pre Workout > Stim Pre,PRE-006
48180,Sphinx Nutrition Raw Pre-Workout 300 g,"Intense energie & scherpe focus – blijf gemotiveerd en volledig gefocust van begin tot eind Meer kracht & uithoudingsvermogen – haal meer uit elke set en ga langer door Optimale spierpomp & ondersteuning van herstel – bevordert doorbloeding en spieractivatie Stabiele energie zonder crash – consistente prestaties, ook na je training Krachtige, hoogwaardige ingrediënten – effectieve formule zonder overbodige toevoegingen",in stock,new,44.95 EUR,37.95 EUR,https://thehealthhouse.nl/product/sphinx-raw-preworkout/,https://thehealthhouse.nl/wp-content/uploads/2026/02/preworkout.jpg,https://thehealthhouse.nl/wp-content/uploads/2026/02/preworkout2.jpg,Sphinx Nutrition,Nieuwe Producten > Pre Workout > Stim Pre,PRE-003
48183,Sphinx Nutrition Creatine Monohydrate 300 g,"Sphinx Nutrition Creatine Monohydrate: 300 g creatinepoeder, 5 g per portie en 60 servings.",in stock,new,14.95 EUR,,https://thehealthhouse.nl/product/sphinx-creatine-monohydrate-300gr/,https://thehealthhouse.nl/wp-content/uploads/2026/02/creatine-1.jpg,https://thehealthhouse.nl/wp-content/uploads/2026/02/creatine2.jpg,Sphinx Nutrition,Creatine > Nieuwe Producten > Spierherstel,CRE-002
48186,Sphinx Nutrition Raw Whey Protein 806 g,"Maximale zuiverheid: Alleen wat je lichaam nodig heeft – hoogwaardige eiwitten – en zo min mogelijk vet, suiker en lactose. Puur, krachtig en effectief. Razendsnelle opname: Verrijkt met HydroWhey, strategisch whey-peptiden die snel worden opgenomen voor directe ondersteuning van je herstel en spieropbouw. Hoog eiwitgehalte: Elke dosering levert maar liefst 23 gram premium eiwitten van topkwaliteit om jouw prestaties naar een hoger niveau te tillen.",in stock,new,36.95 EUR,,https://thehealthhouse.nl/product/sphinx-nutrition-raw-whey/,https://thehealthhouse.nl/wp-content/uploads/2026/02/whey.jpg,https://thehealthhouse.nl/wp-content/uploads/2026/02/Free_Protein_Jar_Mockup_1.jpg,Sphinx Nutrition,Eiwitten > Nieuwe Producten,EIW-008
48221,Per4m Whey Protein 2 kg,"22 g eiwit per portie Blend van concentraat, isolaat en melkeiwit Goede oplosbaarheid & veelzijdig in gebruik",in stock,new,59.95 EUR,,https://thehealthhouse.nl/product/per4m-whey-protein-2kg/,https://thehealthhouse.nl/wp-content/uploads/2026/02/per4m-vanilla-creme-whey-protein-powder-2kg.webp,"https://thehealthhouse.nl/wp-content/uploads/2026/02/per4m-whey-vanilla-creme-nutritionals_1200x1200.webp,https://thehealthhouse.nl/wp-content/uploads/2026/02/per4m-birthday-cake-whey-protein-powder-2kg.webp,https://thehealthhouse.nl/wp-content/uploads/2026/02/per4m-red-velvet-whey-protein-powder-2kg.webp",PER4M,Eiwitten > Nieuwe Producten > Spierherstel,EIW-006
48238,Per4m Isolate Zero Whey Protein 2 kg,27 g eiwit per portie 0 g suiker & vrijwel vetvrij 100% whey isolate,in stock,new,79.95 EUR,,https://thehealthhouse.nl/product/per4m-isolate-zero-2kg/,https://thehealthhouse.nl/wp-content/uploads/2026/02/per4m-vanilla-creme-isolate-protein-powder-2kg.webp,"https://thehealthhouse.nl/wp-content/uploads/2026/02/isolate-zero-vanilla-creme-panel_1200x1200.webp,https://thehealthhouse.nl/wp-content/uploads/2026/02/per4m-red-velvet-cake-isolate-protein-powder-2kg.webp,https://thehealthhouse.nl/wp-content/uploads/2026/02/per4m-banana-creme-isolate-protein-powder-2kg.webp",PER4M,Eiwitten > Eiwitten Isolaat > Nieuwe Producten,EIW-005
48252,Per4m Pre-Workout 570 g,2000 mg taurine per portie Energie & focus formule Krachtige pump & langdurige energie,in stock,new,34.95 EUR,,https://thehealthhouse.nl/product/per4m-pre-workout/,https://thehealthhouse.nl/wp-content/uploads/2026/02/per4m-cherry-fizz-pre-workout.webp,"https://thehealthhouse.nl/wp-content/uploads/2026/02/PRE_Passion_Fruit_570g_c14d07f7-177a-43d8-864d-8bba5040214e.webp,https://thehealthhouse.nl/wp-content/uploads/2026/02/PER4M_PRE_Panel_1200x1200.webp",Bragg,Nieuwe Producten > Pre Workout > Stim Pre,PRE-002
48330,Per4m Micronized Creatine Monohydrate,Ondersteunt kracht en explosieve prestaties * 100% zuivere micronised creatine monohydraat Uitstekende oplosbaarheid en neutrale smaak,in stock,new,6.95 EUR,,https://thehealthhouse.nl/product/per4m-micronized-creatine-monohydrate/,https://thehealthhouse.nl/wp-content/uploads/2026/03/per4m-micronised-creatine-monohydrate-150g.webp,https://thehealthhouse.nl/wp-content/uploads/2026/03/Per4m_Creatine_Panel_1200x1200.webp,PER4M,Creatine > Nieuwe Producten > Spierherstel,CRE-001
48336,Cellucor C4 Whey Protein Powder,25 g hoogwaardige whey-eiwitten per portie 0 g toegevoegde suikers Iconische smaken,in stock,new,36.95 EUR,,https://thehealthhouse.nl/product/c4-whey-protein-powder/,https://thehealthhouse.nl/wp-content/uploads/2026/03/reeses-whey-66srv.webp,"https://thehealthhouse.nl/wp-content/uploads/2026/03/CELL_2324_Digital_C4Protein_CampaignAssets_HersheyPDPs_Panel_1B.webp,https://thehealthhouse.nl/wp-content/uploads/2026/03/CELL_2324_Digital_C4Protein_CampaignAssets_VanillaPDPs_ProductBenefits_V3.webp",Cellucor,Eiwitten > Nieuwe Producten > Spierherstel,EIW-004
48369,ESN Aminos 280 g,"Compleet EAA-profiel + 3 extra aminozuren Met AstraGin® & vitamine B6 Vegan, verfrissend & perfect oplosbaar",in stock,new,18.95 EUR,,https://thehealthhouse.nl/product/esn-aminos-280gr/,https://thehealthhouse.nl/wp-content/uploads/2026/03/Aminos_280g_TropicalPunchFlavor_900x1200_shopbild-7AJRPK7C_db38cc79-28aa-4335-8098-953b62ef1b91.webp,https://thehealthhouse.nl/wp-content/uploads/2026/03/Aminos_280g_LemonIcedTeaFlavor_mitPfad-rbxH6e7M_de72cca6-d4b2-42c0-aaf8-d1e48c650e98.webp,ESN,Aminozuren > EAA > Nieuwe Producten,HER-002
48528,Obsidian Performance Sentinel Pre-Workout Sour Raspberry,"High-stim formule voor maximale energie en focus Prestatiegerichte ingrediënten zoals citrulline, betaïne en tyrosine Gelaagd cafeïnesysteem voor langdurige stimulatie",in stock,new,49.95 EUR,,https://thehealthhouse.nl/product/op-sentinel-pre-workout/,https://thehealthhouse.nl/wp-content/uploads/2026/03/forge-deploy-14-1770896225206.png,https://thehealthhouse.nl/wp-content/uploads/2026/03/20260212_1515_Image_Generation_remix_01kh938cfnejrt5e1hb3zj7s2b.png,Obsidian Performance,Nieuwe Producten > Pre Workout > Stim Pre,PRE-001
48538,The Health House Hardcore Ashwagandha Boost 100 tablets,600 mg KSM-66® Ashwagandha per dosering Met zwarte peper extract voor betere opname Aangevuld met boron voor extra ondersteuning,in stock,new,32.95 EUR,,https://thehealthhouse.nl/product/the-health-house-hardcore-ashwa-boost/,https://thehealthhouse.nl/wp-content/uploads/2026/03/hf_20260312_172244_058b176f-cc64-4b02-b6f1-88452f2f5cdf-scaled.jpeg,,The Health House,Nachtrust en herstel > Nieuwe Producten > Test boosters,VIT-002
48544,The Health House Hardcore Libido Boost 90 tablets,"Krachtige kruidenblend met maca, tribulus en horny goat weed Ondersteunt vitaliteit en natuurlijke energie Geschikt voor zowel mannen als vrouwen",in stock,new,34.95 EUR,,https://thehealthhouse.nl/product/the-health-house-hardcore-libido-boost/,https://thehealthhouse.nl/wp-content/uploads/2026/03/hf_20260312_172020_8911f0e3-db17-4d16-94aa-3c8aeb6ae41c-scaled.jpeg,https://thehealthhouse.nl/wp-content/uploads/2026/03/libido-boost-ingredienten.png,The Health House,Nieuwe Producten > Test boosters > Vitaliteit,VIT-001
48551,The Health House Hardcore Prime Boost Natural Muscle Builder 120 capsules,"Krachtige kruidenformule met turkesterone en laxogenin Ondersteunt kracht, prestaties en spierontwikkeling Met ginseng en fenegriek voor extra vitaliteit",in stock,new,69.95 EUR,,https://thehealthhouse.nl/product/the-health-house-hardcore-prime-boost/,https://thehealthhouse.nl/wp-content/uploads/2026/03/hf_20260312_172258_9f71e9ff-3a30-4cf4-a57e-b6765eaf20f4-scaled.jpeg,,The Health House,Muscle Builders > Nieuwe Producten > Spieropbouw,SPO-001
48694,Kosso Nutrition Tsunami Extreme Pre-Workout Blue Watermelon 500 g,Kosso Nutrition Tsunami Extreme pre-workoutpoeder met Blue Watermelon-smaak en 500 g inhoud.,in stock,new,40.50 EUR,,https://thehealthhouse.nl/product/kosso-nutrition-extreme-pre-workout/,https://thehealthhouse.nl/wp-content/uploads/2026/04/Tsunami_ProductShot_79edbf06-855c-4ff5-a333-950b17408229.webp,https://thehealthhouse.nl/wp-content/uploads/2026/04/preingredienten_38d9e2aa-5f14-4ff1-b092-b93abf0e81ae.webp,Kosso nutrition,Nieuwe Producten > Pre Workout > Stim Pre,
48717,Kosso Nutrition Kossoine Extreme Pre-Workout Killer Lemon 500 g,Kosso Nutrition Kossoine Extreme pre-workoutpoeder met Killer Lemon-smaak en 500 g inhoud.,in stock,new,40.50 EUR,,https://thehealthhouse.nl/product/kosso-nutrition-kossoine-extreme-pre-workout/,https://thehealthhouse.nl/wp-content/uploads/2026/04/Kossoine_PWO_LEMON_Render.webp,https://thehealthhouse.nl/wp-content/uploads/2026/04/preingredienten_38d9e2aa-5f14-4ff1-b092-b93abf0e81ae.webp,Kosso nutrition,Nieuwe Producten > Pre Workout > Stim Pre,
48728,Kosso Nutrition Beast Mode Extreme Pre-Workout Cola 500 g,"Kosso Nutrition Beast Mode Extreme Pre-Workout in Cola-smaak, verpakt per 500 g.",in stock,new,40.50 EUR,,https://thehealthhouse.nl/product/kosso-nutrition-beast-mode-extreme-pre-workout/,https://thehealthhouse.nl/wp-content/uploads/2026/04/PoppinCola_PWO_LEMON_Render.webp,https://thehealthhouse.nl/wp-content/uploads/2026/04/preingredienten_38d9e2aa-5f14-4ff1-b092-b93abf0e81ae.webp,Kosso nutrition,Nieuwe Producten > Pre Workout > Stim Pre,
48730,Kosso Nutrition Madlabs Extreme Pre-Workout Poisonous Apple 500 g,Kosso Nutrition Madlabs Extreme pre-workoutpoeder met Poisonous Apple-smaak en 500 g inhoud.,in stock,new,40.50 EUR,,https://thehealthhouse.nl/product/kosso-nutrition-madlabs-extreme-pre-workout/,https://thehealthhouse.nl/wp-content/uploads/2026/04/Madlabs_ProductShot_1e331d41-d7e2-4abe-930b-7ed29350e8c6.webp,https://thehealthhouse.nl/wp-content/uploads/2026/04/preingredienten_38d9e2aa-5f14-4ff1-b092-b93abf0e81ae.webp,Kosso nutrition,Nieuwe Producten > Pre Workout > Stim Pre,
48732,Kosso Nutrition Apocalypse Extreme Pre-Workout Cherry Bomb 500 g,Kosso Nutrition Apocalypse Extreme pre-workoutpoeder met Cherry Bomb-smaak en 500 g inhoud.,in stock,new,40.50 EUR,,https://thehealthhouse.nl/product/kosso-nutrition-apocalypse-extreme-pre-workout/,https://thehealthhouse.nl/wp-content/uploads/2026/04/Apocalyps_Render.webp,https://thehealthhouse.nl/wp-content/uploads/2026/04/preingredienten_38d9e2aa-5f14-4ff1-b092-b93abf0e81ae.webp,Kosso nutrition,Nieuwe Producten > Pre Workout > Stim Pre,
48734,Kosso Nutrition Anaconda Extreme Pre-Workout Tropical Rage 500 g,Kosso Nutrition Anaconda Extreme Pre-Workout Tropical Rage met een inhoud van 500 g.,in stock,new,40.50 EUR,,https://thehealthhouse.nl/product/kosso-nutrition-anaconda-extreme-pre-workout/,https://thehealthhouse.nl/wp-content/uploads/2026/04/Anaconda_Render.webp,https://thehealthhouse.nl/wp-content/uploads/2026/04/preingredienten_38d9e2aa-5f14-4ff1-b092-b93abf0e81ae.webp,Kosso nutrition,Best verkocht > Nieuwe Producten > Pre Workout,
48736,Kosso Nutrition Samurai Extreme 2.0 Pre-Workout 500 g,Pre-workoutpoeder van Kosso Nutrition in een royale verpakking van 500 g.,in stock,new,40.50 EUR,,https://thehealthhouse.nl/product/kosso-nutrition-samurai-extreme-pre-workout/,https://thehealthhouse.nl/wp-content/uploads/2026/04/Samurai_Render.webp,https://thehealthhouse.nl/wp-content/uploads/2026/04/preingredienten_38d9e2aa-5f14-4ff1-b092-b93abf0e81ae.webp,Kosso nutrition,Nieuwe Producten > Pre Workout > Stim Pre,
48738,Kosso Nutrition G.O.A.T. Ultimate Pre-Workout 530 g,"*Vanaf 8 mei leverbaar ULTRA HIGH DOSED FORMULE FULL-SPECTRUM SAMENSTELLING BEVAT PREMIUM, GESTANDARISEERDE INGREDIENTEN",in stock,new,59.95 EUR,,https://thehealthhouse.nl/product/kosso-nutrution-g-o-a-t-ultimate-pre-workout/,https://thehealthhouse.nl/wp-content/uploads/2026/04/494755CF-9C1D-4F78-BA54-D870232815D3.webp,https://thehealthhouse.nl/wp-content/uploads/2026/04/DB0A49AF-E13F-4A15-9A12-DFBFE5DE8E2C.webp,Kosso nutrition,Best verkocht > Nieuwe Producten > Pre Workout,
49052,THE HEALTH HOUSE INTRA+ PRO,"Complete intra-workout met aminozuren en performance support Met L-citrulline, BCAA’s, glutamine en taurine Aangevuld met Panax ginseng, druivenpitextract en vitamines",in stock,new,33.95 EUR,,https://thehealthhouse.nl/product/the-health-house-intra-pro/,https://thehealthhouse.nl/wp-content/uploads/2024/08/WhatsApp-Image-2024-08-21-at-15.31.36-4.jpeg,,The Health House,Best verkocht > Intra workout > Spierherstel,
49055,THE HEALTH HOUSE ALL IN ONE,"Complete all-in-one met eiwit, koolhydraten, vetten én vezels Volledig vitaminen- en mineralencomplex (13 vitamines, 11 mineralen) 27,9 g eiwit per dosering voor herstel en spierbehoud",in stock,new,44.95 EUR,,https://thehealthhouse.nl/product/the-health-house-all-in-one/,https://thehealthhouse.nl/wp-content/uploads/2024/08/WhatsApp-Image-2024-08-21-at-15.31.36.jpeg,,The Health House,Afvallen > Best verkocht > Eiwitten,
49171,IRONFUEL 2-IN-1 PRE-WORKOUT,"Complete 2-in-1 formule met 5 g creatine per dosering 8 g L-citrulline malaat & 5,5 g beta-alanine voor maximale prestaties 300 mg cafeïne voor langdurige energie en focus",in stock,new,49.95 EUR,,https://thehealthhouse.nl/product/ironfuel-pre-workout/,https://thehealthhouse.nl/wp-content/uploads/2026/06/ChatGPT-Image-Jun-26-2026-02_48_36-PM.png,,Iron X Nutrition,Nieuwe Producten > Pre Workout > Stim Pre,
49245,Jennah Organics — Collagen Care,Jennah Organics — Collagen Care: vegan en biologisch collageensupplement voor je dagelijkse aanvulling.,in stock,new,39.00 EUR,,https://thehealthhouse.nl/product/jennah-organics-collagen-care/,https://thehealthhouse.nl/wp-content/uploads/2026/08/collagen-1_370a5f65-96f5-41c3-8c0a-c9eef180e53a.png,,Jennah,Gezondheidsproducten > Nieuwe Producten > Vitamines,
49247,Jennah Organics — Protein Power,"Jennah Organics — Protein Power: biologische, suikervrije proteinmix verkrijgbaar in multipacks.",in stock,new,32.00 EUR,,https://thehealthhouse.nl/product/jennah-organics-protein-power/,https://thehealthhouse.nl/wp-content/uploads/2026/08/protin-1.png,,Jennah,Eiwitten > Nieuwe Producten,
49249,Jennah Organics — Hormone Support,Jennah Organics — Hormone Support is een biologisch voedingssupplement met magnesium.,in stock,new,44.00 EUR,,https://thehealthhouse.nl/product/jennah-organics-hormone-support/,https://thehealthhouse.nl/wp-content/uploads/2026/08/Hormone-Support.png,,Jennah,Gezondheidsproducten > Nieuwe Producten > Vitamines,
49251,Jennah Organics — Flat Belly - Colon Support,"Jennah Organics — Flat Belly &#8211; Colon Support: biologisch supplement in capsulevorm.",in stock,new,44.00 EUR,,https://thehealthhouse.nl/product/jennah-organics-flat-belly-colon-support/,https://thehealthhouse.nl/wp-content/uploads/2026/08/colon-1_9e309bb3-9bee-498a-b654-5e9b89fb8924.png,,Jennah,Best verkocht > Gezondheidsproducten > Nieuwe Producten,
49253,Jennah Organics — Liver Support,Jennah Organics — Liver Support is een biologisch supplement met zink als dagelijkse aanvulling.,in stock,new,39.00 EUR,,https://thehealthhouse.nl/product/jennah-organics-liver-support/,https://thehealthhouse.nl/wp-content/uploads/2026/08/liver-1.png,,Jennah,Gezondheidsproducten > Liver Support > Nieuwe Producten,
49255,Jennah Organics — Heritage Oversized Tee,Jennah Organics — Heritage Oversized Tee: biologisch oversized T-shirt met een heritage-uitstraling.,in stock,new,29.00 EUR,,https://thehealthhouse.nl/product/jennah-organics-heritage-oversized-tee/,https://thehealthhouse.nl/wp-content/uploads/2026/08/Black_White_Letter_MD_Logo_Instagram_Post_2000_x_2000_px_2000_x_2000_px_2.png,,Jennah,Kleding > Nieuwe Producten,
49257,Jennah Organics — Burn Boost,Jennah Organics — Burn Boost is een biologisch voedingssupplement met cafeïne.,in stock,new,44.00 EUR,,https://thehealthhouse.nl/product/jennah-organics-burn-boost/,https://thehealthhouse.nl/wp-content/uploads/2026/08/burn_1.png,,Jennah,Fatburners > Nieuwe Producten > Vitaliteit,
49259,Jennah Organics — Complete Wellness Bundle,Jennah Organics — Complete Wellness Bundle is een biologische supplementenbundel.,in stock,new,257.00 EUR,,https://thehealthhouse.nl/product/jennah-organics-complete-wellness-bundle/,https://thehealthhouse.nl/wp-content/uploads/2026/08/full-bundle.png,,Jennah,Bundels > Gezondheidsproducten > Nieuwe Producten,
49261,Jennah Organics — Stralendheid + Glanzend Haar Duo,Jennah Organics — Stralendheid + Glanzend Haar Duo: biologische duo-bundel met collageen.,in stock,new,63.00 EUR,,https://thehealthhouse.nl/product/jennah-organics-stralendheid-glanzend-haar-duo/,https://thehealthhouse.nl/wp-content/uploads/2026/08/collagen-and-hair.png,,Jennah,Bundels > Gezondheidsproducten > Nieuwe Producten,
49263,Jennah Organics — Darm + Detox Reset,Jennah Organics — Darm + Detox Reset is een biologische bundel met magnesium.,in stock,new,147.00 EUR,,https://thehealthhouse.nl/product/jennah-organics-darm-detox-reset/,https://thehealthhouse.nl/wp-content/uploads/2026/08/liver-colon-hormone-magic.png,,Jennah,Bundels > Gezondheidsproducten > Nieuwe Producten,
49265,Jennah Organics — Afslank + Balans Stack,Jennah Organics — Afslank + Balans Stack is een biologische bundel voedingssupplementen.,in stock,new,112.00 EUR,,https://thehealthhouse.nl/product/jennah-organics-afslank-balans-stack/,https://thehealthhouse.nl/wp-content/uploads/2026/08/colon-liver-burn.png,,Jennah,Bundels > Gezondheidsproducten > Nieuwe Producten,
49267,Jennah Organics — Burn + Control Duo,Jennah Organics — Burn + Control Duo is een biologische bundel met twee producten.,in stock,new,73.00 EUR,,https://thehealthhouse.nl/product/jennah-organics-burn-control-duo/,https://thehealthhouse.nl/wp-content/uploads/2026/08/Burn-and-Crave.png,,Jennah,Bundels > Gezondheidsproducten > Nieuwe Producten,
49269,Jennah Organics — Glow Essence,Jennah Organics — Glow Essence is een biologisch voedingssupplement met vitamine C.,in stock,new,27.95 EUR,,https://thehealthhouse.nl/product/jennah-organics-glow-essence/,https://thehealthhouse.nl/wp-content/uploads/2026/08/Vaarwelhormonaleonevenwichtigheden_Ontdekonsrevolutionaireproduct._2_22.28.13.png,,Jennah,Gezondheidsproducten > Nieuwe Producten > Vitamines,
49271,Jennah Organics — Crave Control,Jennah Organics — Crave Control is een biologisch voedingssupplement in capsulevorm.,in stock,new,44.00 EUR,,https://thehealthhouse.nl/product/jennah-organics-crave-control/,https://thehealthhouse.nl/wp-content/uploads/2026/08/crave-1_c2b69093-fe77-404e-a816-5acb28a93c67.png,,Jennah,Gezondheidsproducten > Nieuwe Producten > Vitamines,
49273,Jennah Organics — Magic Magnesium,Jennah Organics — Magic Magnesium combineert magnesiumcitraat en elektrolyten in een biologische formule.,in stock,new,34.00 EUR,,https://thehealthhouse.nl/product/jennah-organics-magic-magnesium/,https://thehealthhouse.nl/wp-content/uploads/2026/08/magic-mag-1_b91e4e9a-5c56-454e-972e-39d525bb29b0.png,,Jennah,Gezondheidsproducten > Nieuwe Producten > Vitamines,
49275,Jennah Organics — Silk Shine,"Jennah Organics — Silk Shine is een biologisch voedingssupplement, verkrijgbaar als packvariant.",in stock,new,27.95 EUR,,https://thehealthhouse.nl/product/jennah-organics-silk-shine/,https://thehealthhouse.nl/wp-content/uploads/2026/08/Vaarwelhormonaleonevenwichtigheden_Ontdekonsrevolutionaireproduct._6.png,,Jennah,Gezondheidsproducten > Nieuwe Producten > Vitamines,
49277,Jennah Organics — Poeder Mixer,Jennah Organics — Poeder Mixer is een accessoire voor het mengen van poederproducten.,in stock,new,9.95 EUR,,https://thehealthhouse.nl/product/jennah-organics-poeder-mixer/,https://thehealthhouse.nl/wp-content/uploads/2026/08/MoreControl_LessCravings_CraveControl_1.png,,Jennah,Accessoires / Shakers > Nieuwe Producten,
49279,Jennah Organics — Oriental Oasis,Jennah Organics — Oriental Oasis is een biologisch voedingssupplement van Jennah Organics.,in stock,new,29.95 EUR,,https://thehealthhouse.nl/product/jennah-organics-oriental-oasis/,https://thehealthhouse.nl/wp-content/uploads/2026/08/Titel_2_d3890975-9dd2-4eb3-9046-03249a06b394.png,,Jennah,Gezondheidsproducten > Nieuwe Producten > Vitamines,
49281,Jennah Organics — Hair Growth,Jennah Organics — Hair Growth is een biologisch voedingssupplement met zink in capsules.,in stock,new,39.00 EUR,,https://thehealthhouse.nl/product/jennah-organics-hair-growth/,https://thehealthhouse.nl/wp-content/uploads/2026/08/hair-1.png,,Jennah,Gezondheidsproducten > Nieuwe Producten > Vitamines,
49283,Jennah Organics — Daily Greens,"Jennah Organics — Daily Greens is een biologisch voedingssupplement, verkrijgbaar als packvariant.",in stock,new,39.00 EUR,,https://thehealthhouse.nl/product/jennah-organics-daily-greens/,https://thehealthhouse.nl/wp-content/uploads/2026/08/jennah-sachet-v3.png,,Jennah,Gezondheidsproducten > Nieuwe Producten > Vitamines,
49348,XXL Nutrition Whey Delicious,"XXL Nutrition Whey Delicious: whey-eiwitpoeder met EAA&#8217;s voor je shake.",in stock,new,19.99 EUR,,https://thehealthhouse.nl/product/whey-delicious/,https://thehealthhouse.nl/wp-content/uploads/2026/08/THHX-0001.webp,,XXL Nutrition,Eiwitten,THHX-0001
49349,XXL Nutrition Spirulina & Chlorella - 500 mg - 180 tabletten,"XXL Nutrition Spirulina & Chlorella: 500 mg tabletten, met 180 stuks per verpakking.",in stock,new,11.99 EUR,,https://thehealthhouse.nl/product/spirulina-chlorella-500-mg-180-tabletten/,https://thehealthhouse.nl/wp-content/uploads/2026/08/THHX-0145.webp,,XXL Nutrition,Gezondheidsproducten,THHX-0145
49351,XXL Nutrition Diet Shake,XXL Nutrition Diet Shake is een shakeproduct van XXL Nutrition.,in stock,new,1.79 EUR,,https://thehealthhouse.nl/product/diet-shake/,https://thehealthhouse.nl/wp-content/uploads/2026/08/THHX-0116.webp,,XXL Nutrition,Food,THHX-0116
49354,XXL Nutrition N'Joy Protein Bar,"XXL Nutrition N&#8217;Joy Protein Bar: een eiwitreep die je zonder bereiding meeneemt.",in stock,new,1.49 EUR,,https://thehealthhouse.nl/product/protein-bar/,https://thehealthhouse.nl/wp-content/uploads/2026/08/THHX-0009.webp,,XXL Nutrition,Eiwitten,THHX-0009
49356,XXL Nutrition Perfect Whey Protein,"XXL Nutrition Perfect Whey Protein: whey-eiwitpoeder met EAA&#8217;s voor dagelijkse shakes.",in stock,new,25.99 EUR,,https://thehealthhouse.nl/product/perfect-whey-protein/,https://thehealthhouse.nl/wp-content/uploads/2026/08/THHX-0002.webp,,XXL Nutrition,Eiwitten,THHX-0002
49357,XXL Nutrition Clear Whey Isolate,"XXL Nutrition Clear Whey Isolate: heldere whey-isolaatshake met EAA&#8217;s.",in stock,new,29.99 EUR,,https://thehealthhouse.nl/product/clear-whey-isolate/,https://thehealthhouse.nl/wp-content/uploads/2026/08/THHX-0003.webp,,XXL Nutrition,Eiwitten,THHX-0003
49358,XXL Nutrition Whey Isolaat,"XXL Nutrition Whey Isolaat: whey-isolaatpoeder met EAA&#8217;s voor een eiwitshake.",in stock,new,2.25 EUR,,https://thehealthhouse.nl/product/whey-isolaat/,https://thehealthhouse.nl/wp-content/uploads/2026/08/THHX-0004.webp,,XXL Nutrition,Eiwitten,THHX-0004
49359,XXL Nutrition Whey Isolate Zero,XXL Nutrition Whey Isolate Zero is een whey-eiwitpoeder met EAA.,in stock,new,28.99 EUR,,https://thehealthhouse.nl/product/whey-isolate-zero/,https://thehealthhouse.nl/wp-content/uploads/2026/08/THHX-0005.webp,,XXL Nutrition,Eiwitten,THHX-0005
49360,XXL Nutrition Protein Lemonade,XXL Nutrition Protein Lemonade: eiwitpoeder voor een frisse lemonade-achtige shake.,in stock,new,2.25 EUR,,https://thehealthhouse.nl/product/protein-lemonade/,https://thehealthhouse.nl/wp-content/uploads/2026/08/THHX-0006.webp,,XXL Nutrition,Eiwitten,THHX-0006
49361,XXL Nutrition Perfect Milk Protein,XXL Nutrition Perfect Milk Protein is een melkeiwitpoeder met EAA voor je shake.,in stock,new,9.99 EUR,,https://thehealthhouse.nl/product/perfect-milk-protein/,https://thehealthhouse.nl/wp-content/uploads/2026/08/THHX-0007.webp,,XXL Nutrition,Eiwitten,THHX-0007
49362,XXL Nutrition Instant Protein Oats,XXL Nutrition Instant Protein Oats: instant haverpoeder met eiwit voor je shake of ontbijt.,in stock,new,18.99 EUR,,https://thehealthhouse.nl/product/instant-protein-oats/,https://thehealthhouse.nl/wp-content/uploads/2026/08/THHX-0008.webp,,XXL Nutrition,Eiwitten,THHX-0008
49363,XXL Nutrition Protein Chocolate,XXL Nutrition Protein Chocolate: proteïnepoeder met de smaak Chocolate.,in stock,new,5.99 EUR,,https://thehealthhouse.nl/product/protein-chocolate/,https://thehealthhouse.nl/wp-content/uploads/2026/08/THHX-0010.webp,,XXL Nutrition,Eiwitten,THHX-0010
49364,XXL Nutrition Protein Iced Coffee,"XXL Nutrition Protein Iced Coffee: eiwitpoeder met koffiesmaak en EAA&#8217;s.",in stock,new,24.99 EUR,,https://thehealthhouse.nl/product/protein-iced-coffee/,https://thehealthhouse.nl/wp-content/uploads/2026/08/THHX-0011.webp,,XXL Nutrition,Eiwitten,THHX-0011
49365,XXL Nutrition Crunchy Protein Bar,XXL Nutrition Crunchy Protein Bar: knapperige eiwitreep voor een snackmoment onderweg.,in stock,new,2.59 EUR,,https://thehealthhouse.nl/product/crunchy-protein-bar/,https://thehealthhouse.nl/wp-content/uploads/2026/08/THHX-0012.webp,,XXL Nutrition,Eiwitten,THHX-0012
49367,XXL Nutrition Protein Chips,XXL Nutrition Protein Chips: hartige chips met protein voor een kant-en-klare snack.,in stock,new,2.25 EUR,,https://thehealthhouse.nl/product/protein-chips/,https://thehealthhouse.nl/wp-content/uploads/2026/08/THHX-0014.webp,,XXL Nutrition,Eiwitten,THHX-0014
49368,XXL Nutrition Clear Whey Isolate - Uitverkoop,"XXL Nutrition Clear Whey Isolate &#8211; Uitverkoop: helder whey-isolaatpoeder met EAA&#8217;s.",in stock,new,17.99 EUR,,https://thehealthhouse.nl/product/clear-whey-isolate-2/,https://thehealthhouse.nl/wp-content/uploads/2026/08/THHX-0015.webp,,XXL Nutrition,Eiwitten,THHX-0015
49369,XXL Nutrition plantaardige eiwitblend zonder allergenen zoals Green Protein,XXL Nutrition plantaardige eiwitblend zonder allergenen zoals Green Protein: plantaardige blend in Green.,in stock,new,18.99 EUR,,https://thehealthhouse.nl/product/eiwitshake/,https://thehealthhouse.nl/wp-content/uploads/2026/08/THHX-0016.webp,,XXL Nutrition,Eiwitten,THHX-0016
49370,XXL Nutrition High Protein Bar,XXL Nutrition High Protein Bar: eiwitrijke reep die je direct kunt meenemen.,in stock,new,2.59 EUR,,https://thehealthhouse.nl/product/high-protein-bar/,https://thehealthhouse.nl/wp-content/uploads/2026/08/THHX-0017.webp,,XXL Nutrition,Eiwitten,THHX-0017
49372,XXL Nutrition N'Joy Protein Drink,"XXL Nutrition N&#8217;Joy Protein Drink: proteïnedrank met EAA&#8217;s uit de N&#8217;Joy-lijn.",in stock,new,9.99 EUR,,https://thehealthhouse.nl/product/protein-drink/,https://thehealthhouse.nl/wp-content/uploads/2026/08/THHX-0019.webp,,XXL Nutrition,Eiwitten,THHX-0019
49373,XXL Nutrition Kant-en-Klare Kipfilet,XXL Nutrition Kant-en-Klare Kipfilet: direct te gebruiken kipfilet van XXL Nutrition.,in stock,new,2.19 EUR,,https://thehealthhouse.nl/product/kant-en-klare-kipfilet/,https://thehealthhouse.nl/wp-content/uploads/2026/08/THHX-0020.webp,,XXL Nutrition,Eiwitten,THHX-0020
49374,XXL Nutrition Delicious Protein Pancakes,XXL Nutrition Delicious Protein Pancakes: poedermix voor zelfgemaakte proteïnepannenkoeken.,in stock,new,23.99 EUR,,https://thehealthhouse.nl/product/delicious-protein-pancakes/,https://thehealthhouse.nl/wp-content/uploads/2026/08/THHX-0021.webp,,XXL Nutrition,Eiwitten,THHX-0021
49375,XXL Nutrition Protein Bites,XXL Nutrition Protein Bites: kleine protein-snacks voor een hapklaar moment.,in stock,new,0.99 EUR,,https://thehealthhouse.nl/product/protein-bites/,https://thehealthhouse.nl/wp-content/uploads/2026/08/THHX-0022.webp,,XXL Nutrition,Eiwitten,THHX-0022
49376,XXL Nutrition Beef Jerky,XXL Nutrition Beef Jerky is een hartige beef jerky-snack van XXL Nutrition.,in stock,new,3.69 EUR,,https://thehealthhouse.nl/product/beef-jerky/,https://thehealthhouse.nl/wp-content/uploads/2026/08/THHX-0023.webp,,XXL Nutrition,Eiwitten,THHX-0023
49377,XXL Nutrition Whey Protein Zero,XXL Nutrition Whey Protein Zero: whey-eiwitpoeder met EAA voor een dagelijkse shake.,in stock,new,39.99 EUR,,https://thehealthhouse.nl/product/whey-protein-zero/,https://thehealthhouse.nl/wp-content/uploads/2026/08/THHX-0024.webp,,XXL Nutrition,Eiwitten,THHX-0024
49379,XXL Nutrition Delicious Breakfast,"XXL Nutrition Delicious Breakfast is een ontbijtproduct van XXL Nutrition, verkrijgbaar als variant.",in stock,new,24.99 EUR,,https://thehealthhouse.nl/product/delicious-breakfast/,https://thehealthhouse.nl/wp-content/uploads/2026/08/THHX-0026.webp,,XXL Nutrition,Eiwitten,THHX-0026
49380,XXL Nutrition Natural Gold Whey,"XXL Nutrition Natural Gold Whey: whey-eiwitpoeder met EAA&#8217;s in de Gold-uitvoering.",in stock,new,47.99 EUR,,https://thehealthhouse.nl/product/natural-gold-whey/,https://thehealthhouse.nl/wp-content/uploads/2026/08/THHX-0027.webp,,XXL Nutrition,Eiwitten,THHX-0027
49381,XXL Nutrition N'Joy Protein Bar - Salted Caramel (Plantaardig),"XXL Nutrition N&#8217;Joy Protein Bar &#8211; Salted Caramel (Plantaardig): plantaardige reep met karamelsmaak.",in stock,new,1.49 EUR,,https://thehealthhouse.nl/product/protein-bar-salted-caramel-plantaardig/,https://thehealthhouse.nl/wp-content/uploads/2026/08/THHX-0028.webp,,XXL Nutrition,Eiwitten,THHX-0028
49382,XXL Nutrition Pindakaas Poeder,XXL Nutrition Pindakaas Poeder: poeder met pindakaassmaak van XXL Nutrition.,in stock,new,9.99 EUR,,https://thehealthhouse.nl/product/pindakaas-poeder/,https://thehealthhouse.nl/wp-content/uploads/2026/08/THHX-0029.webp,,XXL Nutrition,Eiwitten,THHX-0029
49383,XXL Nutrition Belgian Protein Waffle,XXL Nutrition Belgian Protein Waffle: kant-en-klare Belgische wafel met protein.,in stock,new,5.99 EUR,,https://thehealthhouse.nl/product/belgian-protein-waffle/,https://thehealthhouse.nl/wp-content/uploads/2026/08/THHX-0030.webp,,XXL Nutrition,Eiwitten,THHX-0030
49384,XXL Nutrition Delicious Protein Granola,Eiwitrijke granola van XXL Nutrition voor een knapperig ontbijt of tussendoormoment.,in stock,new,16.99 EUR,,https://thehealthhouse.nl/product/delicious-protein-granola/,https://thehealthhouse.nl/wp-content/uploads/2026/08/THHX-0031.webp,,XXL Nutrition,Eiwitten,THHX-0031
49385,XXL Nutrition 100% Natural Whey Protein,"100% Natural Whey Protein: whey-eiwit met EAA&#8217;s voor je shake na of rond de training.",in stock,new,38.99 EUR,,https://thehealthhouse.nl/product/100-natural-whey-protein/,https://thehealthhouse.nl/wp-content/uploads/2026/08/THHX-0032.webp,,XXL Nutrition,Eiwitten,THHX-0032
49386,XXL Nutrition Delicious Protein Spread,"Eiwitrijke spread van XXL Nutrition voor op brood, crackers of een creatief recept.",in stock,new,5.89 EUR,,https://thehealthhouse.nl/product/delicious-protein-spread/,https://thehealthhouse.nl/wp-content/uploads/2026/08/THHX-0033.webp,,XXL Nutrition,Eiwitten,THHX-0033
49387,XXL Nutrition Protein Water,"XXL Nutrition Protein Water is een verfrissende eiwitdrink met EAA&#8217;s.",in stock,new,15.99 EUR,,https://thehealthhouse.nl/product/protein-water/,https://thehealthhouse.nl/wp-content/uploads/2026/08/THHX-0034.webp,,XXL Nutrition,Eiwitten,THHX-0034
49389,XXL Nutrition Protein Drink Zero,"Protein Drink Zero: een eiwitdrink met EAA&#8217;s van XXL Nutrition.",in stock,new,13.49 EUR,10.49 EUR,https://thehealthhouse.nl/product/protein-drink-zero/,https://thehealthhouse.nl/wp-content/uploads/2026/08/THHX-0036.webp,,XXL Nutrition,Eiwitten,THHX-0036
49390,XXL Nutrition Delicious Protein Choco Balls,Delicious Protein Choco Balls zijn knapperige chocoladebolletjes met eiwit.,in stock,new,5.99 EUR,,https://thehealthhouse.nl/product/delicious-protein-choco-balls/,https://thehealthhouse.nl/wp-content/uploads/2026/08/THHX-0037.webp,,XXL Nutrition,Eiwitten,THHX-0037
49391,XXL Nutrition Perfect Protein Wraps,Perfect Protein Wraps: wraps met eiwit voor hartige en zoete creaties.,in stock,new,4.99 EUR,,https://thehealthhouse.nl/product/perfect-protein-wraps/,https://thehealthhouse.nl/wp-content/uploads/2026/08/THHX-0038.webp,,XXL Nutrition,Eiwitten,THHX-0038
49392,XXL Nutrition Beef Protein,Beef Protein van XXL Nutrition: eiwitpoeder op basis van rund.,in stock,new,29.99 EUR,,https://thehealthhouse.nl/product/beef-protein/,https://thehealthhouse.nl/wp-content/uploads/2026/08/THHX-0039.webp,,XXL Nutrition,Eiwitten,THHX-0039
49393,XXL Nutrition 100% Vloeibaar Ei Eiwit,"100% vloeibaar ei-eiwit van XXL Nutrition voor recepten, shakes en maaltijden.",in stock,new,27.99 EUR,,https://thehealthhouse.nl/product/100-vloeibaar-ei-eiwit/,https://thehealthhouse.nl/wp-content/uploads/2026/08/THHX-0040.webp,,XXL Nutrition,Eiwitten,THHX-0040
49394,XXL Nutrition Vegalicious Protein Bar,Vegalicious Protein Bar is een vegan eiwitreep voor een plantaardig snackmoment.,in stock,new,2.50 EUR,,https://thehealthhouse.nl/product/vegalicious-protein-bar/,https://thehealthhouse.nl/wp-content/uploads/2026/08/THHX-0041.webp,,XXL Nutrition,Eiwitten,THHX-0041
49395,XXL Nutrition Protein Nut Bar,Protein Nut Bar: een eiwitreep met noten van XXL Nutrition.,in stock,new,2.49 EUR,,https://thehealthhouse.nl/product/protein-nut-bar/,https://thehealthhouse.nl/wp-content/uploads/2026/08/THHX-0042.webp,,XXL Nutrition,Eiwitten,THHX-0042
49397,XXL Nutrition Protein Pistache Spread,Protein Pistache Spread: eiwitrijke pistachespread voor je favoriete snackmoment.,in stock,new,7.99 EUR,,https://thehealthhouse.nl/product/protein-pistache-spread/,https://thehealthhouse.nl/wp-content/uploads/2026/08/THHX-0044.webp,,XXL Nutrition,Eiwitten,THHX-0044
49398,XXL Nutrition Whey Hydro,"Whey Hydro is gehydrolyseerd whey-eiwit met EAA&#8217;s in poedervorm.",in stock,new,48.99 EUR,,https://thehealthhouse.nl/product/whey-hydro/,https://thehealthhouse.nl/wp-content/uploads/2026/08/THHX-0045.webp,,XXL Nutrition,Eiwitten,THHX-0045
49399,XXL Nutrition Protein Oat Meal,Protein Oat Meal: havermout met eiwit voor een stevig ontbijt of tussendoor.,in stock,new,39.99 EUR,,https://thehealthhouse.nl/product/protein-oat-meal/,https://thehealthhouse.nl/wp-content/uploads/2026/08/THHX-0046.webp,,XXL Nutrition,Eiwitten,THHX-0046
49401,XXL Nutrition Clean Protein Bar,Clean Protein Bar is een eiwitreep van XXL Nutrition voor een makkelijk tussendoormoment.,in stock,new,2.39 EUR,,https://thehealthhouse.nl/product/clean-protein-bar/,https://thehealthhouse.nl/wp-content/uploads/2026/08/THHX-0048.webp,,XXL Nutrition,Eiwitten,THHX-0048
49402,XXL Nutrition Delicious Protein Wafer,"Delicious Protein Wafer: een krokante eiwitwafel met EAA&#8217;s.",in stock,new,1.89 EUR,,https://thehealthhouse.nl/product/delicious-protein-wafer/,https://thehealthhouse.nl/wp-content/uploads/2026/08/THHX-0049.webp,,XXL Nutrition,Eiwitten,THHX-0049
49403,XXL Nutrition N'Joy Nuts Bar,"XXL Nutrition N&#8217;Joy Nuts Bar is een notenreep voor een handig eetmoment onderweg.",in stock,new,1.99 EUR,,https://thehealthhouse.nl/product/nuts-bar/,https://thehealthhouse.nl/wp-content/uploads/2026/08/THHX-0050.webp,,XXL Nutrition,Eiwitten,THHX-0050
49404,XXL Nutrition Night Protein,"Night Protein is een eiwitpoeder met EAA&#8217;s voor je avondroutine.",in stock,new,26.99 EUR,,https://thehealthhouse.nl/product/night-protein/,https://thehealthhouse.nl/wp-content/uploads/2026/08/THHX-0051.webp,,XXL Nutrition,Eiwitten,THHX-0051
49405,XXL Nutrition Delicious Protein Pudding,Delicious Protein Pudding: eiwitpudding voor een romig snack- of dessertmoment.,in stock,new,14.99 EUR,,https://thehealthhouse.nl/product/delicious-protein-pudding/,https://thehealthhouse.nl/wp-content/uploads/2026/08/THHX-0052.webp,,XXL Nutrition,Eiwitten,THHX-0052
49406,XXL Nutrition Delicious Night Protein,"Delicious Night Protein: een avond-eiwitpoeder met EAA&#8217;s van XXL Nutrition.",in stock,new,24.99 EUR,,https://thehealthhouse.nl/product/delicious-night-protein/,https://thehealthhouse.nl/wp-content/uploads/2026/08/THHX-0053.webp,,XXL Nutrition,Eiwitten,THHX-0053
49407,XXL Nutrition Egg Protein,"Egg Protein is eiwitpoeder op basis van ei, met EAA&#8217;s.",in stock,new,42.99 EUR,,https://thehealthhouse.nl/product/egg-protein/,https://thehealthhouse.nl/wp-content/uploads/2026/08/THHX-0054.webp,,XXL Nutrition,Eiwitten,THHX-0054
49408,XXL Nutrition Delicious Protein Cookie,Delicious Protein Cookie is een eiwitkoekje voor een zacht en makkelijk snackmoment.,in stock,new,19.99 EUR,,https://thehealthhouse.nl/product/delicious-protein-cookie/,https://thehealthhouse.nl/wp-content/uploads/2026/08/THHX-0055.webp,,XXL Nutrition,Eiwitten,THHX-0055
49409,XXL Nutrition Protein & Oats Drink,"Protein & Oats Drink: een drinkbare combinatie van eiwit, haver en EAA&#8217;s.",in stock,new,21.49 EUR,,https://thehealthhouse.nl/product/protein-oats-drink/,https://thehealthhouse.nl/wp-content/uploads/2026/08/THHX-0056.webp,,XXL Nutrition,Eiwitten,THHX-0056
49410,XXL Nutrition Protein Milkshake,"Protein Milkshake: een romige eiwitshake met EAA&#8217;s van XXL Nutrition.",in stock,new,29.99 EUR,,https://thehealthhouse.nl/product/protein-milkshake/,https://thehealthhouse.nl/wp-content/uploads/2026/08/THHX-0057.webp,,XXL Nutrition,Eiwitten,THHX-0057
49417,XXL Nutrition Muscle Grow,XXL Nutrition Muscle Grow: een pre-workoutpoeder voor je training.,in stock,new,28.99 EUR,,https://thehealthhouse.nl/product/muscle-grow/,https://thehealthhouse.nl/wp-content/uploads/2026/08/THHX-0064.webp,,XXL Nutrition,Pre Workout,THHX-0064
49418,XXL Nutrition Energize Energy Drink,Energy Drink van XXL Nutrition — een pre-workoutdrank met keuze uit varianten.,in stock,new,1.25 EUR,,https://thehealthhouse.nl/product/energize-energy-drink/,https://thehealthhouse.nl/wp-content/uploads/2026/08/THHX-0065.webp,,XXL Nutrition,Pre Workout,THHX-0065
49419,XXL Nutrition Hydrate - 20 bruistabletten,Hydrate van XXL Nutrition: 20 bruistabletten voor een drinkbare aanvulling.,in stock,new,4.99 EUR,,https://thehealthhouse.nl/product/hydrate-20-bruistabletten/,https://thehealthhouse.nl/wp-content/uploads/2026/08/THHX-0066.webp,,XXL Nutrition,Pre Workout,THHX-0066
49420,XXL Nutrition Blast! Pre-Workout,Blast! Pre-Workout van XXL Nutrition — poeder voor vóór je trainingssessie.,in stock,new,27.99 EUR,,https://thehealthhouse.nl/product/blast-pre-workout/,https://thehealthhouse.nl/wp-content/uploads/2026/08/THHX-0067.webp,,XXL Nutrition,Pre Workout,THHX-0067
49421,XXL Nutrition Quake Pre-Workout,"Quake Pre-Workout van XXL Nutrition, verkrijgbaar in meerdere productvarianten.",in stock,new,32.99 EUR,,https://thehealthhouse.nl/product/pre-workout/,https://thehealthhouse.nl/wp-content/uploads/2026/08/THHX-0068.webp,,XXL Nutrition,Pre Workout,THHX-0068
49422,XXL Nutrition Black Label Pre-Workout,Black Label Pre-Workout van XXL Nutrition in de kleur Black.,in stock,new,34.99 EUR,,https://thehealthhouse.nl/product/black-label-pre-workout/,https://thehealthhouse.nl/wp-content/uploads/2026/08/THHX-0069.webp,,XXL Nutrition,Pre Workout,THHX-0069
49423,XXL Nutrition Citrulline Malaat,Citrulline Malaat van XXL Nutrition in poedervorm voor je pre-workoutroutine.,in stock,new,16.99 EUR,,https://thehealthhouse.nl/product/citrulline-malaat/,https://thehealthhouse.nl/wp-content/uploads/2026/08/THHX-0070.webp,,XXL Nutrition,Pre Workout,THHX-0070
49424,XXL Nutrition Applied Nutrition ABE Ultimate Pre-Workout,"ABE Ultimate Pre-Workout: poeder voor vóór je training, verkrijgbaar in varianten.",in stock,new,27.99 EUR,,https://thehealthhouse.nl/product/applied-nutrition-abe-ultimate-pre-workout-2/,https://thehealthhouse.nl/wp-content/uploads/2026/08/THHX-0071.webp,,XXL Nutrition,Pre Workout,THHX-0071
49425,XXL Nutrition Isotonic Pro,XXL Nutrition Isotonic Pro — isotonic poeder met keuze uit productvarianten.,in stock,new,17.99 EUR,,https://thehealthhouse.nl/product/isotonic-pro/,https://thehealthhouse.nl/wp-content/uploads/2026/08/THHX-0072.webp,,XXL Nutrition,Pre Workout,THHX-0072
49426,XXL Nutrition Venom Pre-Workout Drink,Venom Pre-Workout Drink van XXL Nutrition — een drank met productvarianten.,in stock,new,2.49 EUR,,https://thehealthhouse.nl/product/venom-pre-workout-drink/,https://thehealthhouse.nl/wp-content/uploads/2026/08/THHX-0073.webp,,XXL Nutrition,Pre Workout,THHX-0073
49427,XXL Nutrition Energy Bar,XXL Nutrition Energy Bar: energiereep voor een handig moment onderweg.,in stock,new,1.99 EUR,,https://thehealthhouse.nl/product/energy-bar/,https://thehealthhouse.nl/wp-content/uploads/2026/08/THHX-0074.webp,,XXL Nutrition,Pre Workout,THHX-0074
49428,XXL Nutrition O.R.S. (Oral Rehydration Salts),O.R.S. van XXL Nutrition: Oral Rehydration Salts in poedervorm.,in stock,new,18.99 EUR,,https://thehealthhouse.nl/product/o-r-s-oral-rehydration-salts/,https://thehealthhouse.nl/wp-content/uploads/2026/08/THHX-0075.webp,,XXL Nutrition,Pre Workout,THHX-0075
49429,XXL Nutrition Pre Shot,Pre Shot van XXL Nutrition — pre-workoutpoeder met beschikbare varianten.,in stock,new,2.99 EUR,,https://thehealthhouse.nl/product/pre-shot/,https://thehealthhouse.nl/wp-content/uploads/2026/08/THHX-0076.webp,,XXL Nutrition,Pre Workout,THHX-0076
49430,XXL Nutrition Blast! Pre-Workout - Cafeïne vrij,Cafeïnevrije Blast! Pre-Workout van XXL Nutrition in poedervorm.,in stock,new,27.99 EUR,,https://thehealthhouse.nl/product/blast-pre-workout-cafeine-vrij/,https://thehealthhouse.nl/wp-content/uploads/2026/08/THHX-0077.webp,,XXL Nutrition,Pre Workout,THHX-0077
49431,XXL Nutrition Xtreme Pump - 60 capsules,Xtreme Pump van XXL Nutrition — 60 capsules voor je pre-workoutroutine.,in stock,new,26.99 EUR,,https://thehealthhouse.nl/product/xtreme-pump-60-capsules/,https://thehealthhouse.nl/wp-content/uploads/2026/08/THHX-0078.webp,,XXL Nutrition,Pre Workout,THHX-0078
49432,XXL Nutrition BCAA Powder,"BCAA Powder van XXL Nutrition: poeder met BCAA, beschikbaar in varianten.",in stock,new,24.99 EUR,,https://thehealthhouse.nl/product/bcaa-powder/,https://thehealthhouse.nl/wp-content/uploads/2026/08/THHX-0079.webp,,XXL Nutrition,Pre Workout,THHX-0079
49433,XXL Nutrition Energy Fruit,Energy Fruit van XXL Nutrition — een poederproduct met keuze uit varianten.,in stock,new,14.99 EUR,,https://thehealthhouse.nl/product/energy-fruit/,https://thehealthhouse.nl/wp-content/uploads/2026/08/THHX-0080.webp,,XXL Nutrition,Pre Workout,THHX-0080
49434,XXL Nutrition Cafeïne - 50 mg - 60 kauwtabletten,"Cafeïne van XXL Nutrition: 50 mg kauwtabletten, 60 stuks per verpakking.",in stock,new,9.99 EUR,,https://thehealthhouse.nl/product/cafeine-50-mg-60-kauwtabletten/,https://thehealthhouse.nl/wp-content/uploads/2026/08/THHX-0081.webp,,XXL Nutrition,Pre Workout,THHX-0081
49435,XXL Nutrition Pump'd Stimulant Free Pre-Workout,"Pump&#8217;d Stimulant Free Pre-Workout van XXL Nutrition in poedervorm.",in stock,new,29.99 EUR,,https://thehealthhouse.nl/product/pumpd-stimulant-free-pre-workout/,https://thehealthhouse.nl/wp-content/uploads/2026/08/THHX-0082.webp,,XXL Nutrition,Pre Workout,THHX-0082
49436,XXL Nutrition L-Arginine - 415 mg - 120 capsules,L-Arginine van XXL Nutrition: 415 mg in een verpakking van 120 capsules.,in stock,new,9.99 EUR,,https://thehealthhouse.nl/product/l-arginine-415-mg-120-capsules/,https://thehealthhouse.nl/wp-content/uploads/2026/08/THHX-0083.webp,,XXL Nutrition,Pre Workout,THHX-0083
49437,XXL Nutrition DextroJuice Pro,DextroJuice Pro van XXL Nutrition — poederproduct met beschikbare varianten.,in stock,new,19.99 EUR,,https://thehealthhouse.nl/product/dextrojuice-pro/,https://thehealthhouse.nl/wp-content/uploads/2026/08/THHX-0084.webp,,XXL Nutrition,Pre Workout,THHX-0084
49438,XXL Nutrition Natuurlijke Cafeïne - 100 mg - 60 capsules,"Natuurlijke Cafeïne van XXL Nutrition: 100 mg per capsule, 60 capsules.",in stock,new,9.99 EUR,,https://thehealthhouse.nl/product/natuurlijke-cafeine-100-mg-60-capsules/,https://thehealthhouse.nl/wp-content/uploads/2026/08/THHX-0085.webp,,XXL Nutrition,Pre Workout,THHX-0085
49439,XXL Nutrition Sports Fuel,Sports Fuel van XXL Nutrition: poederproduct met keuze uit varianten.,in stock,new,10.99 EUR,,https://thehealthhouse.nl/product/sports-fuel/,https://thehealthhouse.nl/wp-content/uploads/2026/08/THHX-0086.webp,,XXL Nutrition,Pre Workout,THHX-0086
49440,XXL Nutrition Energize Powder,Energize Powder van XXL Nutrition — poeder voor je routine vóór de training.,in stock,new,14.99 EUR,,https://thehealthhouse.nl/product/energize-powder/,https://thehealthhouse.nl/wp-content/uploads/2026/08/THHX-0087.webp,,XXL Nutrition,Pre Workout,THHX-0087
49441,XXL Nutrition Energy Activator,Energy Activator van XXL Nutrition: een poederproduct voor vóór je training.,in stock,new,26.99 EUR,24.99 EUR,https://thehealthhouse.nl/product/energy-activator/,https://thehealthhouse.nl/wp-content/uploads/2026/08/THHX-0088.webp,,XXL Nutrition,Pre Workout,THHX-0088
49442,XXL Nutrition Booty Builder,Booty Builder van XXL Nutrition — poederproduct voor je trainingsroutine.,in stock,new,39.99 EUR,,https://thehealthhouse.nl/product/booty-builder/,https://thehealthhouse.nl/wp-content/uploads/2026/08/THHX-0089.webp,,XXL Nutrition,Pre Workout,THHX-0089
49443,XXL Nutrition Isotonic Drink,Isotonic Drink van XXL Nutrition: poeder voor het bereiden van een drank.,in stock,new,10.99 EUR,,https://thehealthhouse.nl/product/isotonic-drink/,https://thehealthhouse.nl/wp-content/uploads/2026/08/THHX-0090.webp,,XXL Nutrition,Pre Workout,THHX-0090
49445,XXL Nutrition Xplode Pre-Workout,Xplode Pre-Workout van XXL Nutrition — poeder voor vóór je training.,in stock,new,32.99 EUR,29.99 EUR,https://thehealthhouse.nl/product/xplode-pre-workout/,https://thehealthhouse.nl/wp-content/uploads/2026/08/THHX-0092.webp,,XXL Nutrition,Pre Workout,THHX-0092
49446,XXL Nutrition Advanced Pre-Workout,Advanced pre-workoutpoeder van XXL Nutrition voor je trainingsmoment.,in stock,new,39.99 EUR,34.99 EUR,https://thehealthhouse.nl/product/advanced-pre-workout/,https://thehealthhouse.nl/wp-content/uploads/2026/08/THHX-0093.webp,,XXL Nutrition,Pre Workout,THHX-0093
49447,XXL Nutrition Booty Booster,Booty Booster: pre-workoutpoeder van XXL Nutrition voor vóór je training.,in stock,new,29.99 EUR,,https://thehealthhouse.nl/product/booty-booster/,https://thehealthhouse.nl/wp-content/uploads/2026/08/THHX-0094.webp,,XXL Nutrition,Pre Workout,THHX-0094
49449,XXL Nutrition XONE® - Regenerate,"XONE® &#8211; Regenerate: poeder van XXL Nutrition voor na je workout.",in stock,new,44.00 EUR,29.99 EUR,https://thehealthhouse.nl/product/xone-regenerate/,https://thehealthhouse.nl/wp-content/uploads/2026/08/THHX-0096.webp,,XXL Nutrition,Pre Workout,THHX-0096
49450,XXL Nutrition Koffie,XXL Nutrition Koffie: poedervariant met herkenbare koffiesmaak.,in stock,new,18.99 EUR,,https://thehealthhouse.nl/product/koffie/,https://thehealthhouse.nl/wp-content/uploads/2026/08/THHX-0097.webp,,XXL Nutrition,Pre Workout,THHX-0097
49451,XXL Nutrition Pre Powder,Pre Powder van XXL Nutrition: poedervorm voor vóór je workout.,in stock,new,36.99 EUR,,https://thehealthhouse.nl/product/pre-powder/,https://thehealthhouse.nl/wp-content/uploads/2026/08/THHX-0098.webp,,XXL Nutrition,Pre Workout,THHX-0098
49452,XXL Nutrition Supersized Pre-Workout,Supersized Pre-Workout: XXL Nutrition-poeder voor je voorbereiding op training.,in stock,new,41.99 EUR,,https://thehealthhouse.nl/product/supersized-pre-workout/,https://thehealthhouse.nl/wp-content/uploads/2026/08/THHX-0099.webp,,XXL Nutrition,Pre Workout,THHX-0099
49453,XXL Nutrition Elektrolyten,Elektrolytenpoeder van XXL Nutrition voor een drinkbare mix rond je training.,in stock,new,19.99 EUR,,https://thehealthhouse.nl/product/elektrolyten/,https://thehealthhouse.nl/wp-content/uploads/2026/08/THHX-0100.webp,,XXL Nutrition,Pre Workout,THHX-0100
49454,XXL Nutrition Essential Amino Stack,Essential Amino Stack: EAA-poeder van XXL Nutrition voor je trainingsroutine.,in stock,new,25.99 EUR,,https://thehealthhouse.nl/product/essential-amino-stack/,https://thehealthhouse.nl/wp-content/uploads/2026/08/THHX-0101.webp,,XXL Nutrition,Pre Workout,THHX-0101
49455,XXL Nutrition Energy Nougat,Energy Nougat van XXL Nutrition: poedervariant voor je sportmoment.,in stock,new,1.99 EUR,,https://thehealthhouse.nl/product/energy-nougat/,https://thehealthhouse.nl/wp-content/uploads/2026/08/THHX-0102.webp,,XXL Nutrition,Pre Workout,THHX-0102
49456,XXL Nutrition Pre-Workout Bar,Pre-Workout Bar van XXL Nutrition: een reep voor onderweg naar je training.,in stock,new,26.99 EUR,,https://thehealthhouse.nl/product/pre-workout-bar/,https://thehealthhouse.nl/wp-content/uploads/2026/08/THHX-0103.webp,,XXL Nutrition,Pre Workout,THHX-0103
49457,XXL Nutrition Unleash Reloaded Pre-Workout,Unleash Reloaded Pre-Workout: XXL Nutrition-poeder voor vóór je workout.,in stock,new,32.99 EUR,,https://thehealthhouse.nl/product/unleash-reloaded-pre-workout/,https://thehealthhouse.nl/wp-content/uploads/2026/08/THHX-0104.webp,,XXL Nutrition,Pre Workout,THHX-0104
49458,XXL Nutrition Energy Gel,Energy Gel van XXL Nutrition: gelvormig product voor je sportmoment.,in stock,new,1.49 EUR,,https://thehealthhouse.nl/product/energy-gel/,https://thehealthhouse.nl/wp-content/uploads/2026/08/THHX-0105.webp,,XXL Nutrition,Pre Workout,THHX-0105
49459,XXL Nutrition Advanced Post Workout,Advanced Post Workout: XXL Nutrition-poeder voor na je training.,in stock,new,34.99 EUR,,https://thehealthhouse.nl/product/advanced-post-workout/,https://thehealthhouse.nl/wp-content/uploads/2026/08/THHX-0106.webp,,XXL Nutrition,Pre Workout,THHX-0106
49460,XXL Nutrition Xplode Pre Shot,Xplode Pre Shot van XXL Nutrition: shotvariant voor vóór je training.,in stock,new,26.99 EUR,,https://thehealthhouse.nl/product/xplode-pre-shot/,https://thehealthhouse.nl/wp-content/uploads/2026/08/THHX-0107.webp,,XXL Nutrition,Pre Workout,THHX-0107
49461,XXL Nutrition Energy Gel Pro,Energy Gel Pro: de Pro-gelvariant van XXL Nutrition voor je sportmoment.,in stock,new,19.99 EUR,,https://thehealthhouse.nl/product/energy-gel-pro/,https://thehealthhouse.nl/wp-content/uploads/2026/08/THHX-0108.webp,,XXL Nutrition,Pre Workout,THHX-0108
49469,XXL Nutrition Light Saus,"XXL Nutrition Light Saus is een sausproduct van XXL Nutrition, verkrijgbaar als variant.",in stock,new,4.49 EUR,,https://thehealthhouse.nl/product/light-saus/,https://thehealthhouse.nl/wp-content/uploads/2026/08/THHX-0117.webp,,XXL Nutrition,Food,THHX-0117
49470,XXL Nutrition Delicious Oat Bar,XXL Nutrition Delicious Oat Bar is een haverreep in een compact formaat voor onderweg.,in stock,new,1.99 EUR,,https://thehealthhouse.nl/product/delicious-oat-bar/,https://thehealthhouse.nl/wp-content/uploads/2026/08/THHX-0118.webp,,XXL Nutrition,Food,THHX-0118
49471,XXL Nutrition Weight Gainer,Weight Gainer van XXL Nutrition is een gainerpoeder voor extra energie en eiwit.,in stock,new,36.99 EUR,,https://thehealthhouse.nl/product/weight-gainer/,https://thehealthhouse.nl/wp-content/uploads/2026/08/THHX-0119.webp,,XXL Nutrition,Food,THHX-0119
49472,XXL Nutrition Perfect Cooking Spray,XXL Nutrition Perfect Cooking Spray is een cooking spray voor gebruik tijdens het koken.,in stock,new,4.99 EUR,,https://thehealthhouse.nl/product/perfect-cooking-spray/,https://thehealthhouse.nl/wp-content/uploads/2026/08/THHX-0120.webp,,XXL Nutrition,Food,THHX-0120
49473,XXL Nutrition 0% Siroop,XXL Nutrition 0% Siroop is een siroop in 0%-variant van XXL Nutrition.,in stock,new,5.49 EUR,,https://thehealthhouse.nl/product/0-siroop/,https://thehealthhouse.nl/wp-content/uploads/2026/08/THHX-0121.webp,,XXL Nutrition,Food,THHX-0121
49474,XXL Nutrition Flavor Powder,Smaakpoeder van XXL Nutrition om je favoriete gerechten en drankjes een eigen twist te geven.,in stock,new,17.99 EUR,,https://thehealthhouse.nl/product/flavor-powder/,https://thehealthhouse.nl/wp-content/uploads/2026/08/THHX-0122.webp,,XXL Nutrition,Food,THHX-0122
49475,XXL Nutrition Complex Carb Gainer,Complex Carb Gainer: gainerpoeder met complexe koolhydraten van XXL Nutrition.,in stock,new,24.99 EUR,,https://thehealthhouse.nl/product/complex-carb-gainer/,https://thehealthhouse.nl/wp-content/uploads/2026/08/THHX-0123.webp,,XXL Nutrition,Food,THHX-0123
49476,XXL Nutrition Perfect Mass Gainer,Perfect Mass Gainer is een gainerpoeder van XXL Nutrition voor een vullende shake.,in stock,new,54.99 EUR,,https://thehealthhouse.nl/product/perfect-mass-gainer/,https://thehealthhouse.nl/wp-content/uploads/2026/08/THHX-0124.webp,,XXL Nutrition,Food,THHX-0124
49477,XXL Nutrition Psyllium Husk Vezels,Psyllium Husk Vezels van XXL Nutrition: vezels in poedervorm voor dagelijks gebruik.,in stock,new,12.99 EUR,,https://thehealthhouse.nl/product/psyllium-husk-vezels/,https://thehealthhouse.nl/wp-content/uploads/2026/08/THHX-0125.webp,,XXL Nutrition,Food,THHX-0125
49478,XXL Nutrition Cream of Rice,Cream of Rice van XXL Nutrition: rijstpoeder voor een snelle basis in je keuken.,in stock,new,18.99 EUR,,https://thehealthhouse.nl/product/cream-of-rice/,https://thehealthhouse.nl/wp-content/uploads/2026/08/THHX-0126.webp,,XXL Nutrition,Food,THHX-0126
49479,XXL Nutrition Perfect Oats Powder,"Perfect Oats Powder van XXL Nutrition: haverpoeder voor ontbijt, shakes en recepten.",in stock,new,4.99 EUR,,https://thehealthhouse.nl/product/perfect-oats-powder/,https://thehealthhouse.nl/wp-content/uploads/2026/08/THHX-0127.webp,,XXL Nutrition,Food,THHX-0127
49480,XXL Nutrition Delicious Flavor Drops,Delicious Flavor Drops van XXL Nutrition: vloeibare smaakdruppels voor jouw eten en drinken.,in stock,new,4.99 EUR,,https://thehealthhouse.nl/product/delicious-flavor-drops/,https://thehealthhouse.nl/wp-content/uploads/2026/08/THHX-0128.webp,,XXL Nutrition,Food,THHX-0128
49481,XXL Nutrition Perfect Rice Powder,Perfect Rice Powder van XXL Nutrition: rijstpoeder als veelzijdige basis voor jouw recepten.,in stock,new,6.99 EUR,,https://thehealthhouse.nl/product/perfect-rice-powder/,https://thehealthhouse.nl/wp-content/uploads/2026/08/THHX-0129.webp,,XXL Nutrition,Food,THHX-0129
49483,XXL Nutrition Spices & Herbs,Spices & Herbs van XXL Nutrition: kruiden en specerijen om recepten smaakvol af te maken.,in stock,new,4.99 EUR,,https://thehealthhouse.nl/product/spices-herbs/,https://thehealthhouse.nl/wp-content/uploads/2026/08/THHX-0131.webp,,XXL Nutrition,Food,THHX-0131
49484,XXL Nutrition Diet Shake - Lactose Free,"Diet Shake &#8211; Lactose Free van XXL Nutrition: een lactosevrije shake in verschillende varianten.",in stock,new,18.99 EUR,,https://thehealthhouse.nl/product/diet-shake-lactose-free/,https://thehealthhouse.nl/wp-content/uploads/2026/08/THHX-0132.webp,,XXL Nutrition,Food,THHX-0132
49489,XXL Nutrition XONE® - Complete Fuel,"XONE® &#8211; Complete Fuel van XXL Nutrition: complete fuel voor jouw dagelijkse voedingsmoment.",in stock,new,38.00 EUR,33.00 EUR,https://thehealthhouse.nl/product/xone-complete-fuel/,https://thehealthhouse.nl/wp-content/uploads/2026/08/THHX-0137.webp,,XXL Nutrition,Food,THHX-0137
49491,XXL Nutrition Light Fruit Spread,Light Fruit Spread van XXL Nutrition: fruitspread in verschillende varianten voor op jouw favorieten.,in stock,new,3.99 EUR,,https://thehealthhouse.nl/product/light-fruit-spread/,https://thehealthhouse.nl/wp-content/uploads/2026/08/THHX-0139.webp,,XXL Nutrition,Food,THHX-0139
49494,XXL Nutrition Burner Drink,Burner Drink van XXL Nutrition: een drink in verschillende varianten voor een verfrissend moment.,in stock,new,10.99 EUR,,https://thehealthhouse.nl/product/burner-drink/,https://thehealthhouse.nl/wp-content/uploads/2026/08/THHX-0142.webp,,XXL Nutrition,Food,THHX-0142
49495,XXL Nutrition BCAA Energy Drink,XXL Nutrition BCAA Energy Drink: een energiedrank met BCAA voor een verfrissend moment.,in stock,new,10.99 EUR,,https://thehealthhouse.nl/product/bcaa-energy-drink/,https://thehealthhouse.nl/wp-content/uploads/2026/08/THHX-0143.webp,,XXL Nutrition,Food,THHX-0143
49496,XXL Nutrition Mineraalwater - 6 pack,Mineraalwater van XXL Nutrition in een handige verpakking van 6 stuks.,in stock,new,3.95 EUR,,https://thehealthhouse.nl/product/mineraalwater-6-pack/,https://thehealthhouse.nl/wp-content/uploads/2026/08/THHX-0144.webp,,XXL Nutrition,Food,THHX-0144
49497,XXL Nutrition Omega 3 Ultra Pure - 1000 mg - 100 softgels,Omega 3-supplement van 1000 mg in een ruime verpakking met 100 softgels.,in stock,new,13.99 EUR,,https://thehealthhouse.nl/product/omega-3-ultra-pure-1000-mg-100-softgels/,https://thehealthhouse.nl/wp-content/uploads/2026/08/THHX-0146.webp,,XXL Nutrition,Gezondheidsproducten,THHX-0146
49498,XXL Nutrition Multivit - 120 tabletten,Multivitaminesupplement van XXL Nutrition met 120 tabletten voor een langdurige voorraad.,in stock,new,17.99 EUR,,https://thehealthhouse.nl/product/multivit-120-tabletten/,https://thehealthhouse.nl/wp-content/uploads/2026/08/THHX-0147.webp,,XXL Nutrition,Gezondheidsproducten,THHX-0147
49499,XXL Nutrition Zink & Magnesium - 120 capsules,"Capsules met zink en magnesium, verpakt per 120 stuks.",in stock,new,14.99 EUR,,https://thehealthhouse.nl/product/zink-magnesium-120-capsules/,https://thehealthhouse.nl/wp-content/uploads/2026/08/THHX-0148.webp,,XXL Nutrition,Gezondheidsproducten,THHX-0148
49500,XXL Nutrition Magnesium Bisglycinaat - 150 mg - 90 tabletten,XXL Nutrition Magnesium Bisglycinaat: 150 mg magnesium in 90 tabletten.,in stock,new,16.99 EUR,,https://thehealthhouse.nl/product/magnesium-bisglycinaat-150-mg-90-tabletten/,https://thehealthhouse.nl/wp-content/uploads/2026/08/THHX-0149.webp,,XXL Nutrition,Gezondheidsproducten,THHX-0149
49501,XXL Nutrition Vitamine D3 - 3000 IU - 60 softgels,"XXL Nutrition Vitamine D3: 3000 IU per softgel, met 60 softgels per verpakking.",in stock,new,5.49 EUR,4.49 EUR,https://thehealthhouse.nl/product/vitamine-d3-3000-iu-60-softgels/,https://thehealthhouse.nl/wp-content/uploads/2026/08/THHX-0150.webp,,XXL Nutrition,Gezondheidsproducten,THHX-0150
49502,XXL Nutrition Magnesium Citraat - 200 mg - 100 tabletten,Magnesiumcitraat van 200 mg in een voorraadpot met 100 tabletten.,in stock,new,10.99 EUR,,https://thehealthhouse.nl/product/magnesium-citraat-200-mg-100-tabletten/,https://thehealthhouse.nl/wp-content/uploads/2026/08/THHX-0151.webp,,XXL Nutrition,Gezondheidsproducten,THHX-0151
49503,XXL Nutrition Ashwagandha KSM-66® - 500 mg - 60 capsules,XXL Nutrition Ashwagandha KSM-66®: 500 mg in een pot met 60 capsules.,in stock,new,20.99 EUR,,https://thehealthhouse.nl/product/ashwagandha-ksm-66-500-mg-60-capsules/,https://thehealthhouse.nl/wp-content/uploads/2026/08/THHX-0152.webp,,XXL Nutrition,Gezondheidsproducten,THHX-0152
49504,XXL Nutrition Omega 3 Visolie - 1000 mg - 100 softgels,"Omega 3-visolie van 1000 mg, verpakt in 100 softgels.",in stock,new,10.99 EUR,,https://thehealthhouse.nl/product/omega-3-visolie-1000-mg-100-softgels/,https://thehealthhouse.nl/wp-content/uploads/2026/08/THHX-0153.webp,,XXL Nutrition,Gezondheidsproducten,THHX-0153
49505,XXL Nutrition Collageen (Type 1),Collageensupplement van XXL Nutrition met collageen van type 1.,in stock,new,23.99 EUR,,https://thehealthhouse.nl/product/collageen-type-1/,https://thehealthhouse.nl/wp-content/uploads/2026/08/THHX-0154.webp,,XXL Nutrition,Gezondheidsproducten,THHX-0154
49506,XXL Nutrition Fat Metabolic Support Black Edition - 120 capsules,Fat Metabolic Support Black Edition van XXL Nutrition: 120 capsules in de Black-uitvoering.,in stock,new,39.99 EUR,,https://thehealthhouse.nl/product/fat-metabolic-support-black-edition-120-capsules/,https://thehealthhouse.nl/wp-content/uploads/2026/08/THHX-0155.webp,,XXL Nutrition,Gezondheidsproducten,THHX-0155
49507,XXL Nutrition Turkesteron (Ajuga Turkestanica Extract) - 500 mg - 60 capsules,Turkesteron met Ajuga Turkestanica-extract: 500 mg en 60 capsules van XXL Nutrition.,in stock,new,29.99 EUR,25.49 EUR,https://thehealthhouse.nl/product/turkesteron-ajuga-turkestanica-extract-500-mg-60-capsules/,https://thehealthhouse.nl/wp-content/uploads/2026/08/THHX-0156.webp,,XXL Nutrition,Gezondheidsproducten,THHX-0156
49508,XXL Nutrition Zink Glycinaat - 22 mg - 120 capsules,"XXL Nutrition Zink Glycinaat levert 22 mg zink per capsule, met 120 capsules.",in stock,new,9.99 EUR,,https://thehealthhouse.nl/product/zink-glycinaat-22-mg-120-capsules/,https://thehealthhouse.nl/wp-content/uploads/2026/08/THHX-0157.webp,,XXL Nutrition,Gezondheidsproducten,THHX-0157
49509,XXL Nutrition Fat Metabolic Support - 120 capsules,Fat Metabolic Support van XXL Nutrition: een voedingssupplement met 120 capsules.,in stock,new,34.99 EUR,,https://thehealthhouse.nl/product/fat-metabolic-support-120-capsules/,https://thehealthhouse.nl/wp-content/uploads/2026/08/THHX-0158.webp,,XXL Nutrition,Gezondheidsproducten,THHX-0158
49510,XXL Nutrition Ashwagandha - 500 mg - 60 capsules,XXL Nutrition Ashwagandha: 500 mg in 60 capsules.,in stock,new,8.99 EUR,,https://thehealthhouse.nl/product/ashwagandha-500-mg-60-capsules/,https://thehealthhouse.nl/wp-content/uploads/2026/08/THHX-0159.webp,,XXL Nutrition,Gezondheidsproducten,THHX-0159
49511,XXL Nutrition Acetyl L-Carnitine - 500 mg - 120 capsules,Acetyl L-Carnitine in capsules: 500 mg per capsule en 120 capsules per pot.,in stock,new,16.99 EUR,,https://thehealthhouse.nl/product/acetyl-l-carnitine-500-mg-120-capsules/,https://thehealthhouse.nl/wp-content/uploads/2026/08/THHX-0160.webp,,XXL Nutrition,Gezondheidsproducten,THHX-0160
49512,XXL Nutrition Viscollageen Plus+,Viscollageen Plus+ van XXL Nutrition: een collageenhoudend voedingssupplement voor dagelijks gebruik.,in stock,new,21.99 EUR,,https://thehealthhouse.nl/product/viscollageen-plus/,https://thehealthhouse.nl/wp-content/uploads/2026/08/THHX-0161.webp,,XXL Nutrition,Gezondheidsproducten,THHX-0161
49513,XXL Nutrition Multivit voor Vrouwen - 120 tabletten,"Multivitamine voor vrouwen van XXL Nutrition, met 120 tabletten per verpakking.",in stock,new,17.99 EUR,,https://thehealthhouse.nl/product/multivit-voor-vrouwen-120-tabletten/,https://thehealthhouse.nl/wp-content/uploads/2026/08/THHX-0162.webp,,XXL Nutrition,Gezondheidsproducten,THHX-0162
49514,XXL Nutrition Water Drain - 60 capsules,"Water Drain van XXL Nutrition: voedingssupplement in capsules, verpakt per 60 stuks.",in stock,new,14.99 EUR,,https://thehealthhouse.nl/product/water-drain-60-capsules/,https://thehealthhouse.nl/wp-content/uploads/2026/08/THHX-0163.webp,,XXL Nutrition,Gezondheidsproducten,THHX-0163
49515,XXL Nutrition Vitamine C - 1000 mg - 120 tabletten,"XXL Nutrition Vitamine C: 1000 mg per tablet, met 120 tabletten per verpakking.",in stock,new,10.49 EUR,,https://thehealthhouse.nl/product/vitamine-c-1000-mg-120-tabletten/,https://thehealthhouse.nl/wp-content/uploads/2026/08/THHX-0164.webp,,XXL Nutrition,Gezondheidsproducten,THHX-0164
49516,XXL Nutrition Vitamine D3 - 1000 IU - 250 kauwtabletten,Vitamine D3 van 1000 IU als handige kauwtabletten van XXL Nutrition.,in stock,new,7.99 EUR,,https://thehealthhouse.nl/product/vitamine-d3-1000-iu-250-kauwtabletten/,https://thehealthhouse.nl/wp-content/uploads/2026/08/THHX-0165.webp,,XXL Nutrition,Gezondheidsproducten,THHX-0165
49517,XXL Nutrition Vitamine K2 MK-7 - 200 mcg - 60 capsules,Vitamine K2 MK-7 van 200 mcg in een verpakking met 60 capsules.,in stock,new,9.99 EUR,,https://thehealthhouse.nl/product/vitamine-k2-mk-7-200-mcg-60-capsules/,https://thehealthhouse.nl/wp-content/uploads/2026/08/THHX-0166.webp,,XXL Nutrition,Gezondheidsproducten,THHX-0166
49518,XXL Nutrition Probiotica - 100 mld. CFU - 30 tabletten,Probiotica van XXL Nutrition: 100 mld. CFU in een verpakking met 30 tabletten.,in stock,new,9.99 EUR,,https://thehealthhouse.nl/product/probiotica-100-mld-cfu-30-tabletten/,https://thehealthhouse.nl/wp-content/uploads/2026/08/THHX-0167.webp,,XXL Nutrition,Gezondheidsproducten,THHX-0167
49519,XXL Nutrition Fat Metabolic Support Night - 60 capsules,Fat Metabolic Support Night van XXL Nutrition: voedingssupplement met 60 capsules.,in stock,new,29.99 EUR,24.99 EUR,https://thehealthhouse.nl/product/fat-metabolic-support-night-60-capsules/,https://thehealthhouse.nl/wp-content/uploads/2026/08/THHX-0168.webp,,XXL Nutrition,Gezondheidsproducten,THHX-0168
49520,XXL Nutrition Calcium & Magnesium - 120 capsules,"Combinatie van calcium en magnesium, verpakt in 120 capsules.",in stock,new,9.99 EUR,,https://thehealthhouse.nl/product/calcium-magnesium-120-capsules/,https://thehealthhouse.nl/wp-content/uploads/2026/08/THHX-0169.webp,,XXL Nutrition,Gezondheidsproducten,THHX-0169
49521,XXL Nutrition Gewrichtsondersteuning (met Type 2 Collageen & Groenlipmossel) - 30 capsules,"Capsules met type 2 collageen en groenlipmossel, verpakt per 30 stuks.",in stock,new,14.99 EUR,,https://thehealthhouse.nl/product/gewrichtsondersteuning-met-type-2-collageen-groenlipmossel-30-capsules/,https://thehealthhouse.nl/wp-content/uploads/2026/08/THHX-0170.webp,,XXL Nutrition,Gezondheidsproducten,THHX-0170
49522,"XXL Nutrition Glucosamine, Chondroïtine & MSM - 90 capsules","Glucosamine, Chondroïtine & MSM van XXL Nutrition: 90 capsules in één verpakking.",in stock,new,9.99 EUR,,https://thehealthhouse.nl/product/glucosamine-chondroitine-msm-90-capsules/,https://thehealthhouse.nl/wp-content/uploads/2026/08/THHX-0171.webp,,XXL Nutrition,Gezondheidsproducten,THHX-0171
49523,XXL Nutrition Vitamine B Complex - 100 tabletten,Vitamine B Complex van XXL Nutrition in een verpakking met 100 tabletten.,in stock,new,9.99 EUR,,https://thehealthhouse.nl/product/vitamine-b-complex-100-tabletten/,https://thehealthhouse.nl/wp-content/uploads/2026/08/THHX-0172.webp,,XXL Nutrition,Gezondheidsproducten,THHX-0172
49524,XXL Nutrition Omega 3-6-9 - 1000 mg - 100 softgels,"Omega 3-6-9 softgels van 1000 mg, verpakt per 100 stuks.",in stock,new,13.99 EUR,,https://thehealthhouse.nl/product/omega-3-6-9-1000-mg-100-softgels/,https://thehealthhouse.nl/wp-content/uploads/2026/08/THHX-0173.webp,,XXL Nutrition,Gezondheidsproducten,THHX-0173
49525,XXL Nutrition Tri-Magnesium Citraat Shot,Tri-Magnesium Citraat Shot: een magnesiumcitraatsupplement in een handige shotvorm.,in stock,new,1.50 EUR,,https://thehealthhouse.nl/product/tri-magnesium-citraat-shot/,https://thehealthhouse.nl/wp-content/uploads/2026/08/THHX-0174.webp,,XXL Nutrition,Gezondheidsproducten,THHX-0174
49526,XXL Nutrition Men's Performance Vitamin Pack - 30 sachets,"Men&#8217;s Performance Vitamin Pack met 30 sachets voor een overzichtelijke dagelijkse aanvulling.",in stock,new,28.99 EUR,,https://thehealthhouse.nl/product/mens-performance-vitamin-pack-30-sachets/,https://thehealthhouse.nl/wp-content/uploads/2026/08/THHX-0175.webp,,XXL Nutrition,Gezondheidsproducten,THHX-0175
49527,XXL Nutrition Tribulus Terrestris - 743 mg - 120 capsules,"XXL Nutrition Tribulus Terrestris, 743 mg en 120 capsules per verpakking.",in stock,new,14.99 EUR,,https://thehealthhouse.nl/product/tribulus-terrestris-743-mg-120-capsules/,https://thehealthhouse.nl/wp-content/uploads/2026/08/THHX-0176.webp,,XXL Nutrition,Gezondheidsproducten,THHX-0176
49528,XXL Nutrition 5-HTP - 100 mg - 60 capsules,"5-HTP van XXL Nutrition: 100 mg per capsule, verpakt per 60 capsules.",in stock,new,7.99 EUR,,https://thehealthhouse.nl/product/5-htp-100-mg-60-capsules/,https://thehealthhouse.nl/wp-content/uploads/2026/08/THHX-0177.webp,,XXL Nutrition,Gezondheidsproducten,THHX-0177
49529,XXL Nutrition HMB - 750 mg - 120 capsules,HMB van XXL Nutrition: 750 mg per capsule en 120 capsules per verpakking.,in stock,new,16.99 EUR,,https://thehealthhouse.nl/product/hmb-750-mg-120-capsules/,https://thehealthhouse.nl/wp-content/uploads/2026/08/THHX-0178.webp,,XXL Nutrition,Gezondheidsproducten,THHX-0178
49530,XXL Nutrition CoQ10 - 100 mg - 60 capsules,CoQ10 van XXL Nutrition: 100 mg per capsule in een verpakking van 60 capsules.,in stock,new,10.99 EUR,,https://thehealthhouse.nl/product/coq10-100-mg-60-capsules/,https://thehealthhouse.nl/wp-content/uploads/2026/08/THHX-0179.webp,,XXL Nutrition,Gezondheidsproducten,THHX-0179
49531,XXL Nutrition Collageen (met Vitamine C) - 1000 mg - 60 tabletten,Collageen met vitamine C van 1000 mg in een verpakking met 60 tabletten.,in stock,new,19.99 EUR,,https://thehealthhouse.nl/product/collageen-met-vitamine-c-1000-mg-60-tabletten/,https://thehealthhouse.nl/wp-content/uploads/2026/08/THHX-0180.webp,,XXL Nutrition,Gezondheidsproducten,THHX-0180
49532,"XXL Nutrition Melatonine - 0,3 mg - 200 tabletten","Melatonine van XXL Nutrition: 0,3 mg per tablet en maar liefst 200 tabletten.",in stock,new,6.99 EUR,,https://thehealthhouse.nl/product/melatonine-03-mg-200-tabletten/,https://thehealthhouse.nl/wp-content/uploads/2026/08/THHX-0181.webp,,XXL Nutrition,Gezondheidsproducten,THHX-0181
49533,XXL Nutrition Shilajit Extract (met Fulvinezuur) - 600 mg - 60 capsules,Shilajit Extract met fulvinezuur van XXL Nutrition: 600 mg en 60 capsules.,in stock,new,29.99 EUR,,https://thehealthhouse.nl/product/shilajit-extract-met-fulvinezuur-600-mg-60-capsules/,https://thehealthhouse.nl/wp-content/uploads/2026/08/THHX-0182.webp,,XXL Nutrition,Gezondheidsproducten,THHX-0182
49534,XXL Nutrition Maca-extract - 500 mg - 90 capsules,XXL Nutrition Maca-extract met 500 mg en 90 capsules.,in stock,new,9.99 EUR,,https://thehealthhouse.nl/product/maca-extract-500-mg-90-capsules/,https://thehealthhouse.nl/wp-content/uploads/2026/08/THHX-0183.webp,,XXL Nutrition,Gezondheidsproducten,THHX-0183
49535,XXL Nutrition Groene Thee Extract (EGCG) - 120 capsules,Groene thee-extract met EGCG in een voordeelverpakking van 120 capsules.,in stock,new,14.99 EUR,,https://thehealthhouse.nl/product/groene-thee-extract-egcg-120-capsules/,https://thehealthhouse.nl/wp-content/uploads/2026/08/THHX-0184.webp,,XXL Nutrition,Gezondheidsproducten,THHX-0184
49536,XXL Nutrition Lactase Enzym - 10.000 FCC - 60 capsules,"Lactase Enzym van 10.000 FCC, verpakt in 60 praktische capsules.",in stock,new,14.99 EUR,,https://thehealthhouse.nl/product/lactase-enzym-10-000-fcc-60-capsules/,https://thehealthhouse.nl/wp-content/uploads/2026/08/THHX-0185.webp,,XXL Nutrition,Gezondheidsproducten,THHX-0185
49537,"XXL Nutrition Fruits, Veggies & Greens","Fruits, Veggies & Greens: een supplement met groente, fruit en greens.",in stock,new,31.99 EUR,,https://thehealthhouse.nl/product/fruits-veggies-greens/,https://thehealthhouse.nl/wp-content/uploads/2026/08/THHX-0186.webp,,XXL Nutrition,Gezondheidsproducten,THHX-0186
49538,XXL Nutrition Berberine Rebersa® - 500 mg - 60 capsules,"XXL Nutrition Berberine Rebersa®: 500 mg per capsule, met 60 capsules per verpakking.",in stock,new,19.99 EUR,,https://thehealthhouse.nl/product/berberine-rebersa-500-mg-60-capsules/,https://thehealthhouse.nl/wp-content/uploads/2026/08/THHX-0187.webp,,XXL Nutrition,Gezondheidsproducten,THHX-0187
49539,XXL Nutrition Saw Palmetto - 500 mg - 120 capsules,"Saw Palmetto van 500 mg, ruim verpakt in 120 capsules.",in stock,new,16.99 EUR,,https://thehealthhouse.nl/product/saw-palmetto-500-mg-120-capsules/,https://thehealthhouse.nl/wp-content/uploads/2026/08/THHX-0188.webp,,XXL Nutrition,Gezondheidsproducten,THHX-0188
49540,XXL Nutrition Slaapondersteuning (Melatonine Plus) - 60 capsules,Slaapondersteuning (Melatonine Plus) in 60 capsules voor je vaste routine.,in stock,new,11.99 EUR,,https://thehealthhouse.nl/product/slaapondersteuning-melatonine-plus-60-capsules/,https://thehealthhouse.nl/wp-content/uploads/2026/08/THHX-0189.webp,,XXL Nutrition,Gezondheidsproducten,THHX-0189
49541,"XXL Nutrition XONE® - Zink Bisglycinaat - 22,5 mg - 120 capsules","XXL Nutrition XONE® Zink Bisglycinaat: 22,5 mg zink per capsule en 120 capsules.",in stock,new,17.00 EUR,14.99 EUR,https://thehealthhouse.nl/product/xone-zink-bisglycinaat-225-mg-120-capsules/,https://thehealthhouse.nl/wp-content/uploads/2026/08/THHX-0190.webp,,XXL Nutrition,Gezondheidsproducten,THHX-0190
49542,XXL Nutrition Vega Algenolie Omega 3 - 60 capsules,Vega algenolie met omega 3 in een verpakking met 60 capsules.,in stock,new,17.99 EUR,,https://thehealthhouse.nl/product/vega-algenolie-omega-3-60-capsules/,https://thehealthhouse.nl/wp-content/uploads/2026/08/THHX-0191.webp,,XXL Nutrition,Gezondheidsproducten,THHX-0191
49543,XXL Nutrition NAC (N-Acetyl-L-Cysteïne) - 750 mg - 90 capsules,NAC (N-Acetyl-L-Cysteïne) van 750 mg in 90 capsules.,in stock,new,16.99 EUR,,https://thehealthhouse.nl/product/nac-n-acetyl-l-cysteine-750-mg-90-capsules/,https://thehealthhouse.nl/wp-content/uploads/2026/08/THHX-0192.webp,,XXL Nutrition,Gezondheidsproducten,THHX-0192
49544,XXL Nutrition Kurkuma Extract BCM-95® (met Bioperine®) - 500 mg - 60 capsules,"XXL Nutrition Kurkuma Extract BCM-95® met Bioperine®: 500 mg, 60 capsules.",in stock,new,21.99 EUR,,https://thehealthhouse.nl/product/kurkuma-extract-bcm-95-met-bioperine-500-mg-60-capsules/,https://thehealthhouse.nl/wp-content/uploads/2026/08/THHX-0193.webp,,XXL Nutrition,Gezondheidsproducten,THHX-0193
49545,XXL Nutrition Fat Metabolic Support voor Vrouwen - 120 capsules,Fat Metabolic Support voor Vrouwen in een verpakking van 120 capsules.,in stock,new,34.99 EUR,,https://thehealthhouse.nl/product/fat-metabolic-support-voor-vrouwen-120-capsules/,https://thehealthhouse.nl/wp-content/uploads/2026/08/THHX-0194.webp,,XXL Nutrition,Gezondheidsproducten,THHX-0194
49546,XXL Nutrition Metabolic - 120 capsules,Metabolic van XXL Nutrition: een capsule-supplement met 120 capsules.,in stock,new,29.99 EUR,,https://thehealthhouse.nl/product/metabolic-120-capsules/,https://thehealthhouse.nl/wp-content/uploads/2026/08/THHX-0195.webp,,XXL Nutrition,Gezondheidsproducten,THHX-0195
49547,XXL Nutrition Lion’s Mane Extract - 500 mg - 90 capsules,"XXL Nutrition Lion’s Mane Extract: 500 mg per capsule, met 90 capsules per verpakking.",in stock,new,19.99 EUR,,https://thehealthhouse.nl/product/lions-mane-extract-500-mg-90-capsules/,https://thehealthhouse.nl/wp-content/uploads/2026/08/THHX-0196.webp,,XXL Nutrition,Gezondheidsproducten,THHX-0196
49548,XXL Nutrition TMG (Betaïne) - 500 mg - 90 capsules,"TMG (Betaïne) van 500 mg, verpakt in 90 capsules.",in stock,new,9.99 EUR,,https://thehealthhouse.nl/product/tmg-betaine-500-mg-90-capsules/,https://thehealthhouse.nl/wp-content/uploads/2026/08/THHX-0197.webp,,XXL Nutrition,Gezondheidsproducten,THHX-0197
49549,XXL Nutrition CLA Force (Linolzuur) - 800 mg - 100 softgels,XXL Nutrition CLA Force met linolzuur: 800 mg per softgel en 100 softgels.,in stock,new,16.99 EUR,,https://thehealthhouse.nl/product/cla-force-linolzuur-800-mg-100-softgels/,https://thehealthhouse.nl/wp-content/uploads/2026/08/THHX-0198.webp,,XXL Nutrition,Gezondheidsproducten,THHX-0198
49550,XXL Nutrition Fenegriek Extract - 500 mg - 60 capsules,Fenegriekextract in capsules met 500 mg per capsule en 60 capsules per verpakking.,in stock,new,9.99 EUR,,https://thehealthhouse.nl/product/fenegriek-extract-500-mg-60-capsules/,https://thehealthhouse.nl/wp-content/uploads/2026/08/THHX-0199.webp,,XXL Nutrition,Gezondheidsproducten,THHX-0199
49551,XXL Nutrition Detox One - 90 capsules,Detox One van XXL Nutrition in een verpakking met 90 capsules.,in stock,new,19.99 EUR,,https://thehealthhouse.nl/product/detox-one-90-capsules/,https://thehealthhouse.nl/wp-content/uploads/2026/08/THHX-0200.webp,,XXL Nutrition,Gezondheidsproducten,THHX-0200
49552,XXL Nutrition Krillolie - 500 mg - 60 softgels,Krillolie van 500 mg in 60 makkelijk inneembare softgels.,in stock,new,19.99 EUR,16.99 EUR,https://thehealthhouse.nl/product/krillolie-500-mg-60-softgels/,https://thehealthhouse.nl/wp-content/uploads/2026/08/THHX-0201.webp,,XXL Nutrition,Gezondheidsproducten,THHX-0201
49553,"XXL Nutrition Haar, Huid & Nagels - 30 capsules","Haar, Huid & Nagels: een capsule-supplement met 30 capsules.",in stock,new,17.99 EUR,,https://thehealthhouse.nl/product/haar-huid-nagels-30-capsules/,https://thehealthhouse.nl/wp-content/uploads/2026/08/THHX-0202.webp,,XXL Nutrition,Gezondheidsproducten,THHX-0202
49554,XXL Nutrition Vitamine E - 400 IU - 90 softgels,Vitamine E van 400 IU in een verpakking met 90 softgels.,in stock,new,9.99 EUR,,https://thehealthhouse.nl/product/vitamine-e-400-iu-90-softgels/,https://thehealthhouse.nl/wp-content/uploads/2026/08/THHX-0203.webp,,XXL Nutrition,Gezondheidsproducten,THHX-0203
49555,XXL Nutrition L-Tryptofaan - 500 mg - 120 capsules,L-Tryptofaan van 500 mg in een ruime verpakking met 120 capsules.,in stock,new,21.99 EUR,,https://thehealthhouse.nl/product/l-tryptofaan-500-mg-120-capsules/,https://thehealthhouse.nl/wp-content/uploads/2026/08/THHX-0204.webp,,XXL Nutrition,Gezondheidsproducten,THHX-0204
49556,XXL Nutrition Mariadistelextract - 500 mg - 90 capsules,"Mariadistelextract van 500 mg per capsule, verpakt in een pot met 90 capsules.",in stock,new,9.99 EUR,,https://thehealthhouse.nl/product/mariadistelextract-500-mg-90-capsules/,https://thehealthhouse.nl/wp-content/uploads/2026/08/THHX-0205.webp,,XXL Nutrition,Gezondheidsproducten,THHX-0205
49557,XXL Nutrition Citrus Bergamot Extract - 500 mg - 60 capsules,Citrus bergamotextract van 500 mg in een verpakking met 60 capsules.,in stock,new,29.99 EUR,,https://thehealthhouse.nl/product/citrus-bergamot-extract-500-mg-60-capsules/,https://thehealthhouse.nl/wp-content/uploads/2026/08/THHX-0206.webp,,XXL Nutrition,Gezondheidsproducten,THHX-0206
49558,XXL Nutrition XONE® - Vitamine C - 1000 mg - 120 tabletten,"XONE® vitamine C-tabletten van 1000 mg, verpakt per 120 stuks.",in stock,new,17.00 EUR,14.00 EUR,https://thehealthhouse.nl/product/xone-vitamine-c-1000-mg-120-tabletten/,https://thehealthhouse.nl/wp-content/uploads/2026/08/THHX-0207.webp,,XXL Nutrition,Gezondheidsproducten,THHX-0207
49559,XXL Nutrition Matcha Theepoeder - 500 mg - 100 capsules,Matcha theepoeder in capsules: 500 mg per capsule en 100 capsules per pot.,in stock,new,18.99 EUR,,https://thehealthhouse.nl/product/matcha-theepoeder-500-mg-100-capsules/,https://thehealthhouse.nl/wp-content/uploads/2026/08/THHX-0208.webp,,XXL Nutrition,Gezondheidsproducten,THHX-0208
49560,XXL Nutrition Astaxanthine - 8 mg - 60 capsules,Astaxanthine in capsules met 8 mg per capsule en 60 capsules per verpakking.,in stock,new,19.99 EUR,,https://thehealthhouse.nl/product/astaxanthine-8-mg-60-capsules/,https://thehealthhouse.nl/wp-content/uploads/2026/08/THHX-0209.webp,,XXL Nutrition,Gezondheidsproducten,THHX-0209
49561,XXL Nutrition L-Glutathion (GSH) - 500 mg - 30 capsules,L-Glutathion (GSH) 500 mg in een compacte verpakking met 30 capsules.,in stock,new,17.99 EUR,,https://thehealthhouse.nl/product/l-glutathion-gsh-500-mg-30-capsules/,https://thehealthhouse.nl/wp-content/uploads/2026/08/THHX-0210.webp,,XXL Nutrition,Gezondheidsproducten,THHX-0210
49562,"XXL Nutrition Bloed, Lever & Nieren Zelftest","Zelftest gericht op bloed, lever & nieren van XXL Nutrition.",in stock,new,74.99 EUR,,https://thehealthhouse.nl/product/bloed-lever-nieren-zelftest/,https://thehealthhouse.nl/wp-content/uploads/2026/08/THHX-0211.webp,,XXL Nutrition,Gezondheidsproducten,THHX-0211
49563,XXL Nutrition Vitamines & Mineralen Zelftest,"Zelftest van XXL Nutrition, gericht op vitamines & mineralen.",in stock,new,159.99 EUR,,https://thehealthhouse.nl/product/vitamines-mineralen-zelftest/,https://thehealthhouse.nl/wp-content/uploads/2026/08/THHX-0212.webp,,XXL Nutrition,Gezondheidsproducten,THHX-0212
49564,XXL Nutrition Darmonderzoek Zelftest,Darmonderzoek Zelftest: een specifieke zelftest van XXL Nutrition.,in stock,new,185.00 EUR,,https://thehealthhouse.nl/product/darmonderzoek-zelftest/,https://thehealthhouse.nl/wp-content/uploads/2026/08/THHX-0213.webp,,XXL Nutrition,Gezondheidsproducten,THHX-0213
49565,"XXL Nutrition Nieren, IJzer & Schildklier Zelftest","Zelftest van XXL Nutrition voor nieren, ijzer en schildklier in één pakket.",in stock,new,129.99 EUR,,https://thehealthhouse.nl/product/nieren-ijzer-schildklier-zelftest/,https://thehealthhouse.nl/wp-content/uploads/2026/08/THHX-0214.webp,,XXL Nutrition,Gezondheidsproducten,THHX-0214
49841,XXL Nutrition Tribulus + Zink & Magnesium Stack,"Supplementenstack met tribulus, zink en magnesium van XXL Nutrition.",in stock,new,29.99 EUR,28.00 EUR,https://thehealthhouse.nl/product/tribulus-zink-magnesium-stack/,https://thehealthhouse.nl/wp-content/uploads/2026/08/THHX-0493.webp,,XXL Nutrition,Bundels,THHX-0493
49842,XXL Nutrition 30 Day Diet Starter Pack,30 Day Diet Starter Pack: een XXL Nutrition starterspakket.,in stock,new,73.97 EUR,69.99 EUR,https://thehealthhouse.nl/product/30-day-diet-starter-pack/,https://thehealthhouse.nl/wp-content/uploads/2026/08/THHX-0494.webp,,XXL Nutrition,Bundels,THHX-0494
49845,XXL Nutrition 24 Hour Fat Metabolic Support Stack Black Edition,Black Edition-bundel uit de 24 Hour Fat Metabolic Support Stack-reeks.,in stock,new,70.00 EUR,63.04 EUR,https://thehealthhouse.nl/product/24-hour-fat-metabolic-support-stack-black-edition/,https://thehealthhouse.nl/wp-content/uploads/2026/08/THHX-0497.webp,,XXL Nutrition,Bundels,THHX-0497
49846,XXL Nutrition 24 Hour Fat Metabolic Support Stack,XXL Nutrition-bundel uit de 24 Hour Fat Metabolic Support Stack-reeks.,in stock,new,64.90 EUR,57.95 EUR,https://thehealthhouse.nl/product/24-hour-fat-metabolic-support-stack/,https://thehealthhouse.nl/wp-content/uploads/2026/08/THHX-0498.webp,,XXL Nutrition,Bundels,THHX-0498
49848,XXL Nutrition Creatine + HMB Stack,Creatine + HMB Stack: een bundel van XXL Nutrition voor je trainingsroutine.,in stock,new,31.99 EUR,29.99 EUR,https://thehealthhouse.nl/product/creatine-hmb-stack/,https://thehealthhouse.nl/wp-content/uploads/2026/08/THHX-0500.webp,,XXL Nutrition,Bundels,THHX-0500
49849,XXL Nutrition Booty Pakket,Het XXL Nutrition Booty Pakket: een bundel in één set.,in stock,new,69.98 EUR,67.99 EUR,https://thehealthhouse.nl/product/booty-pakket/,https://thehealthhouse.nl/wp-content/uploads/2026/08/THHX-0501.webp,,XXL Nutrition,Bundels,THHX-0501
49850,XXL Nutrition Energize Energy Drink - Black - 24 pack,Energize Energy Drink Black in een voordeelverpakking van 24 stuks.,in stock,new,26.00 EUR,23.58 EUR,https://thehealthhouse.nl/product/energize-energy-drink-black-24-pack/,https://thehealthhouse.nl/wp-content/uploads/2026/08/THHX-0502.webp,,XXL Nutrition,Bundels,THHX-0502
49851,XXL Nutrition Flavor Powder Bundle,Flavor Powder Bundle van XXL Nutrition voor smaakpoeder in bundelvorm.,in stock,new,53.99 EUR,47.66 EUR,https://thehealthhouse.nl/product/flavor-powder-bundle/,https://thehealthhouse.nl/wp-content/uploads/2026/08/THHX-0503.webp,,XXL Nutrition,Bundels,THHX-0503
49852,XXL Nutrition Energize Energy Drink - White - 24 pack,Energize Energy Drink White in een 24 pack van XXL Nutrition.,in stock,new,26.00 EUR,23.58 EUR,https://thehealthhouse.nl/product/energize-energy-drink-white-24-pack/,https://thehealthhouse.nl/wp-content/uploads/2026/08/THHX-0504.webp,,XXL Nutrition,Bundels,THHX-0504
49855,XXL Nutrition Delicious Pancake Deal - Groot,Delicious Pancake Deal in de grote uitvoering van XXL Nutrition.,in stock,new,58.47 EUR,54.99 EUR,https://thehealthhouse.nl/product/delicious-pancake-deal-groot/,https://thehealthhouse.nl/wp-content/uploads/2026/08/THHX-0507.webp,,XXL Nutrition,Bundels,THHX-0507
49856,XXL Nutrition Spices & Herbs - 5 combo pack,Spices & Herbs-bundel met vijf combo packs van XXL Nutrition.,in stock,new,29.95 EUR,24.95 EUR,https://thehealthhouse.nl/product/spices-herbs-5-combo-pack/,https://thehealthhouse.nl/wp-content/uploads/2026/08/THHX-0508.webp,,XXL Nutrition,Bundels,THHX-0508
49858,XXL Nutrition Delicious Pancake Deal - Klein,Delicious Pancake Deal in de kleine uitvoering van XXL Nutrition.,in stock,new,35.47 EUR,34.99 EUR,https://thehealthhouse.nl/product/delicious-pancake-deal-klein/,https://thehealthhouse.nl/wp-content/uploads/2026/08/THHX-0510.webp,,XXL Nutrition,Bundels,THHX-0510
49860,XXL Nutrition Protein Lemonade - Raspberry - 24 pack,Frambozensmaak Protein Lemonade in een voordeelverpakking van 24 eiwitdrinks.,in stock,new,42.99 EUR,,https://thehealthhouse.nl/product/protein-lemonade-raspberry-24-pack/,https://thehealthhouse.nl/wp-content/uploads/2026/08/THHX-0512.webp,,XXL Nutrition,Bundels,THHX-0512
49861,XXL Nutrition Voorraadpotten Set,"Voorraadpotten Set van XXL Nutrition, gebundeld in één set.",in stock,new,23.97 EUR,,https://thehealthhouse.nl/product/voorraadpotten-set/,https://thehealthhouse.nl/wp-content/uploads/2026/08/THHX-0513.webp,,XXL Nutrition,Bundels,THHX-0513
49862,XXL Nutrition N'Joy Protein Drink - 24 pack,"N&#8217;Joy Protein Drink als ruime 24-pack voor je voorraad eiwitdrinks.",in stock,new,51.96 EUR,49.99 EUR,https://thehealthhouse.nl/product/protein-drink-24-pack/,https://thehealthhouse.nl/wp-content/uploads/2026/08/THHX-0514.webp,,XXL Nutrition,Bundels,THHX-0514
49863,XXL Nutrition Protein Lemonade - Ice Tea Lemon - 24 pack,"Protein Lemonade met Ice Tea Lemon-smaak, verpakt per 24 eiwitdrinks.",in stock,new,42.99 EUR,,https://thehealthhouse.nl/product/protein-lemonade-ice-tea-lemon-24-pack/,https://thehealthhouse.nl/wp-content/uploads/2026/08/THHX-0515.webp,,XXL Nutrition,Bundels,THHX-0515
49865,XXL Nutrition Protein Lemonade - Peach - 24 pack,Perziksmaak Protein Lemonade in een 24-pack voor frisse eiwitmomenten.,in stock,new,42.99 EUR,,https://thehealthhouse.nl/product/protein-lemonade-peach-24-pack/,https://thehealthhouse.nl/wp-content/uploads/2026/08/THHX-0517.webp,,XXL Nutrition,Bundels,THHX-0517
49866,XXL Nutrition Protein Lemonade - Passion Fruit - 24 pack,"Protein Lemonade met passievruchtsmaak, geleverd als handige 24-pack.",in stock,new,42.99 EUR,,https://thehealthhouse.nl/product/protein-lemonade-passion-fruit-24-pack/,https://thehealthhouse.nl/wp-content/uploads/2026/08/THHX-0518.webp,,XXL Nutrition,Bundels,THHX-0518
49867,XXL Nutrition Protein Lemonade - Orange - 24 pack,Protein Lemonade met sinaasappelsmaak in een 24-pack van 24 drinks.,in stock,new,42.99 EUR,,https://thehealthhouse.nl/product/protein-lemonade-orange-24-pack/,https://thehealthhouse.nl/wp-content/uploads/2026/08/THHX-0519.webp,,XXL Nutrition,Bundels,THHX-0519
49881,XXL Nutrition Aminozuren - 7000 mg - 325 tabletten,Aminozurentabletten van XXL Nutrition met 7000 mg en 325 tabletten.,in stock,new,26.99 EUR,,https://thehealthhouse.nl/product/aminozuren-7000-mg-325-tabletten/,https://thehealthhouse.nl/wp-content/uploads/2026/08/THHX-0533.webp,,XXL Nutrition,Aminozuren,THHX-0533
49898,XXL Nutrition BCAA 4:1:1 Powder,BCAA-poeder van XXL Nutrition in een 4:1:1-verhouding.,in stock,new,24.99 EUR,,https://thehealthhouse.nl/product/bcaa-411-powder/,https://thehealthhouse.nl/wp-content/uploads/2026/08/THHX-0550.webp,,XXL Nutrition,Aminozuren,THHX-0550
49899,XXL Nutrition BCAA Recovery,XXL Nutrition BCAA Recovery is een BCAA-poeder om als drankje te bereiden.,in stock,new,32.99 EUR,,https://thehealthhouse.nl/product/bcaa-recovery/,https://thehealthhouse.nl/wp-content/uploads/2026/08/THHX-0551.webp,,XXL Nutrition,Aminozuren,THHX-0551
49900,XXL Nutrition BCAA Shot,"BCAA Shot van XXL Nutrition, een compacte BCAA-variant in shotvorm.",in stock,new,1.95 EUR,,https://thehealthhouse.nl/product/bcaa-shot/,https://thehealthhouse.nl/wp-content/uploads/2026/08/THHX-0552.webp,,XXL Nutrition,Aminozuren,THHX-0552
49902,XXL Nutrition Beef Chunks,XXL Nutrition Beef Chunks: een voedingsproduct met een stoere naam.,in stock,new,3.19 EUR,,https://thehealthhouse.nl/product/beef-chunks/,https://thehealthhouse.nl/wp-content/uploads/2026/08/THHX-0554.webp,,XXL Nutrition,Food,THHX-0554
49903,XXL Nutrition Beta Alanine,XXL Nutrition Beta Alanine is een beta-alaninepoeder voor je sportmoment.,in stock,new,19.99 EUR,,https://thehealthhouse.nl/product/beta-alanine/,https://thehealthhouse.nl/wp-content/uploads/2026/08/THHX-0555.webp,,XXL Nutrition,Aminozuren,THHX-0555
49907,XXL Nutrition Biotine - 10.000 mcg - 120 capsules,"Biotine-capsules van 10.000 mcg, verpakt per 120 stuks.",in stock,new,16.99 EUR,,https://thehealthhouse.nl/product/biotine-10-000-mcg-120-capsules/,https://thehealthhouse.nl/wp-content/uploads/2026/08/THHX-0559.webp,,XXL Nutrition,Vitamines,THHX-0559
49908,XXL Nutrition Cafeïne Booster - 250 mg - 180 capsules - NZVT,"NZVT-geteste Cafeïne Booster: 250 mg per capsule, 180 capsules per pot.",in stock,new,20.00 EUR,,https://thehealthhouse.nl/product/cafeine-booster-250-mg-180-capsules-nzvt/,https://thehealthhouse.nl/wp-content/uploads/2026/08/THHX-0560.webp,,XXL Nutrition,Pre Workout,THHX-0560
49909,XXL Nutrition Chili Con Carne – Roerbakzak,Chili Con Carne in een handige roerbakzak van XXL Nutrition.,in stock,new,6.29 EUR,,https://thehealthhouse.nl/product/chili-con-carne-roerbakzak/,https://thehealthhouse.nl/wp-content/uploads/2026/08/THHX-0561.webp,,XXL Nutrition,Food,THHX-0561
49911,XXL Nutrition Clear Whey Isolate - NZVT,"Clear whey isolate van XXL Nutrition, NZVT-getest en met EAA.",in stock,new,58.99 EUR,,https://thehealthhouse.nl/product/clear-whey-isolate-nzvt/,https://thehealthhouse.nl/wp-content/uploads/2026/08/THHX-0563.webp,,XXL Nutrition,Eiwitten,THHX-0563
49912,XXL Nutrition Collageen (Type 1) - NZVT,"Collageen type 1 van XXL Nutrition, NZVT-getest.",in stock,new,27.50 EUR,,https://thehealthhouse.nl/product/collageen-type-1-nzvt/,https://thehealthhouse.nl/wp-content/uploads/2026/08/THHX-0564.webp,,XXL Nutrition,Gezondheidsproducten,THHX-0564
49918,XXL Nutrition Creatine Monohydraat - 250 gram - NZVT,"NZVT-getest creatine monohydraatpoeder van XXL Nutrition, met 250 gram inhoud.",in stock,new,20.00 EUR,,https://thehealthhouse.nl/product/creatine-monohydraat-250-gram-nzvt/,https://thehealthhouse.nl/wp-content/uploads/2026/08/THHX-0570.webp,,XXL Nutrition,Pre Workout,THHX-0570
49920,XXL Nutrition Energize! Sugar Free Energy Drink - 330ml,Suikervrije Energize! Energy Drink van XXL Nutrition in een blikje van 330 ml.,in stock,new,1.25 EUR,,https://thehealthhouse.nl/product/energize-sugar-free-energy-drink-330ml/,https://thehealthhouse.nl/wp-content/uploads/2026/08/THHX-0572.webp,,XXL Nutrition,Pre Workout,THHX-0572
49921,XXL Nutrition Energy Gel - 12 pack - NZVT,Energy Gel van XXL Nutrition: 12 pack met NZVT-geteste status.,in stock,new,18.00 EUR,,https://thehealthhouse.nl/product/energy-gel-12-pack-nzvt/,https://thehealthhouse.nl/wp-content/uploads/2026/08/THHX-0573.webp,,XXL Nutrition,Bundels,THHX-0573
49922,XXL Nutrition Energy Gel Pro - NZVT,NZVT-geteste Energy Gel Pro van XXL Nutrition in praktische gelvorm.,in stock,new,24.00 EUR,,https://thehealthhouse.nl/product/energy-gel-pro-nzvt/,https://thehealthhouse.nl/wp-content/uploads/2026/08/THHX-0574.webp,,XXL Nutrition,Pre Workout,THHX-0574
49943,"XXL Nutrition Glucosamine, Chondroïtine & MSM - 90 capsules - NZVT","Glucosamine, Chondroïtine & MSM capsules: 90 stuks en NZVT-getest.",in stock,new,11.99 EUR,,https://thehealthhouse.nl/product/glucosamine-chondroitine-msm-90-capsules-nzvt/,https://thehealthhouse.nl/wp-content/uploads/2026/08/THHX-0595.webp,,XXL Nutrition,Gezondheidsproducten,THHX-0595
49944,XXL Nutrition Glutamine,XXL Nutrition Glutamine is glutamine in poedervorm voor een zelfgemaakt drankje.,in stock,new,18.99 EUR,,https://thehealthhouse.nl/product/glutamine/,https://thehealthhouse.nl/wp-content/uploads/2026/08/THHX-0596.webp,,XXL Nutrition,Aminozuren,THHX-0596
49945,XXL Nutrition Green Protein - NZVT,"Groene eiwitpoeder van XXL Nutrition, NZVT-getest en met EAA.",in stock,new,22.99 EUR,,https://thehealthhouse.nl/product/green-protein-nzvt/,https://thehealthhouse.nl/wp-content/uploads/2026/08/THHX-0597.webp,,XXL Nutrition,Eiwitten,THHX-0597
49949,XXL Nutrition Hydrate - 20 bruistabletten - NZVT,Hydrate bruistabletten van XXL Nutrition: 20 stuks en NZVT-getest.,in stock,new,9.00 EUR,,https://thehealthhouse.nl/product/hydrate-20-bruistabletten-nzvt/,https://thehealthhouse.nl/wp-content/uploads/2026/08/THHX-0601.webp,,XXL Nutrition,Pre Workout,THHX-0601
49953,XXL Nutrition IJzer (met Vitamine C) - 5 mg - 60 capsules,"IJzer met vitamine C: 5 mg per capsule, 60 capsules per verpakking.",in stock,new,7.99 EUR,,https://thehealthhouse.nl/product/ijzer-met-vitamine-c-5-mg-60-capsules/,https://thehealthhouse.nl/wp-content/uploads/2026/08/THHX-0605.webp,,XXL Nutrition,Vitamines,THHX-0605
49954,XXL Nutrition IsoTonic Pro - NZVT,IsoTonic Pro van XXL Nutrition: NZVT-geteste poedervariant voor je sportmoment.,in stock,new,20.00 EUR,,https://thehealthhouse.nl/product/isotonic-pro-nzvt/,https://thehealthhouse.nl/wp-content/uploads/2026/08/THHX-0606.webp,,XXL Nutrition,Pre Workout,THHX-0606
49955,XXL Nutrition Kalium Gluconaat - 100 mg - 90 tabletten,"Kalium Gluconaat tabletten van 100 mg, verpakt per 90 stuks.",in stock,new,6.99 EUR,,https://thehealthhouse.nl/product/kalium-gluconaat-100-mg-90-tabletten/,https://thehealthhouse.nl/wp-content/uploads/2026/08/THHX-0607.webp,,XXL Nutrition,Vitamines,THHX-0607
49958,XXL Nutrition Kre-Alkalyn® - 750 mg - 120 capsules,Creatine ter ondersteuning van kracht en explosiviteit — populair bij krachtsporters.,in stock,new,26.99 EUR,,https://thehealthhouse.nl/product/kre-alkalyn-750-mg-120-capsules/,https://thehealthhouse.nl/wp-content/uploads/2026/08/THHX-0610.webp,,XXL Nutrition,Creatine,THHX-0610
49959,XXL Nutrition L-Ornithine - 500 mg - 120 capsules,L-Ornithine capsules met 500 mg per capsule en 120 capsules per pot.,in stock,new,12.99 EUR,,https://thehealthhouse.nl/product/l-ornithine-500-mg-120-capsules/,https://thehealthhouse.nl/wp-content/uploads/2026/08/THHX-0611.webp,,XXL Nutrition,Aminozuren,THHX-0611
49961,XXL Nutrition Leucine Poeder,XXL Nutrition Leucine Poeder: losse leucine om gemakkelijk te mengen.,in stock,new,24.99 EUR,,https://thehealthhouse.nl/product/leucine-poeder/,https://thehealthhouse.nl/wp-content/uploads/2026/08/THHX-0613.webp,,XXL Nutrition,Aminozuren,THHX-0613
49973,XXL Nutrition Magnesium Citraat - 200mg - 100 tabletten - NZVT,NZVT-getest magnesiumcitraat van 200 mg in 100 tabletten.,in stock,new,16.99 EUR,,https://thehealthhouse.nl/product/magnesium-citraat-200mg-100-tabletten-nzvt/,https://thehealthhouse.nl/wp-content/uploads/2026/08/THHX-0625.webp,,XXL Nutrition,Gezondheidsproducten,THHX-0625
49987,XXL Nutrition Man - Afvallen - Advanced,XXL Nutrition Afvallen Advanced is een mannenbundel met EAA als onderdeel.,in stock,new,119.96 EUR,,https://thehealthhouse.nl/product/man-afvallen-advanced/,https://thehealthhouse.nl/wp-content/uploads/2026/08/THHX-0639.webp,,XXL Nutrition,Bundels,THHX-0639
49988,XXL Nutrition Man - Afvallen - Basis,"Basis-bundel voor mannen van XXL Nutrition binnen de lijn Afvallen, met EAA.",in stock,new,81.97 EUR,,https://thehealthhouse.nl/product/man-afvallen-basis/,https://thehealthhouse.nl/wp-content/uploads/2026/08/THHX-0640.webp,,XXL Nutrition,Bundels,THHX-0640
49989,XXL Nutrition Man - Afvallen - Vegan,"Plantaardige XXL Nutrition-bundel voor mannen uit de lijn Afvallen, met EAA.",in stock,new,81.97 EUR,,https://thehealthhouse.nl/product/man-afvallen-vegan/,https://thehealthhouse.nl/wp-content/uploads/2026/08/THHX-0641.webp,,XXL Nutrition,Bundels,THHX-0641
49990,XXL Nutrition Man - Algehele gezondheid - Advanced,"Advanced XXL Nutrition-bundel voor mannen uit de lijn Algehele gezondheid, met EAA.",in stock,new,84.00 EUR,,https://thehealthhouse.nl/product/man-algehele-gezondheid-advanced/,https://thehealthhouse.nl/wp-content/uploads/2026/08/THHX-0642.webp,,XXL Nutrition,Bundels,THHX-0642
49991,XXL Nutrition Man - Algehele gezondheid - Basis,"XXL Nutrition mannenbundel Algehele gezondheid Basis, inclusief EAA.",in stock,new,74.96 EUR,,https://thehealthhouse.nl/product/man-algehele-gezondheid-basis/,https://thehealthhouse.nl/wp-content/uploads/2026/08/THHX-0643.webp,,XXL Nutrition,Bundels,THHX-0643
49992,XXL Nutrition Man - Spieropbouw - Advanced,"XXL Nutrition mannenbundel Spieropbouw Advanced, met EAA als onderdeel.",in stock,new,117.96 EUR,,https://thehealthhouse.nl/product/man-spieropbouw-advanced/,https://thehealthhouse.nl/wp-content/uploads/2026/08/THHX-0644.webp,,XXL Nutrition,Bundels,THHX-0644
49993,XXL Nutrition Man - Spieropbouw - Basis,"Basis XXL Nutrition-bundel voor mannen uit de lijn Spieropbouw, met EAA.",in stock,new,98.96 EUR,,https://thehealthhouse.nl/product/man-spieropbouw-basis/,https://thehealthhouse.nl/wp-content/uploads/2026/08/THHX-0645.webp,,XXL Nutrition,Bundels,THHX-0645
49994,XXL Nutrition Conditie  Prestaties - Vegan,"Vegan voedingssupplement van XXL Nutrition, gericht op conditie en prestaties.",in stock,new,97.96 EUR,,https://thehealthhouse.nl/product/conditie-prestaties-vegan/,https://thehealthhouse.nl/wp-content/uploads/2026/08/THHX-0646.webp,,XXL Nutrition,Overige Producten,THHX-0646
49995,XXL Nutrition Multivitamine - 50 gummies,Multivitamine van XXL Nutrition in een verpakking met 50 gummies.,in stock,new,16.99 EUR,,https://thehealthhouse.nl/product/multivitamine-50-gummies/,https://thehealthhouse.nl/wp-content/uploads/2026/08/THHX-0647.webp,,XXL Nutrition,Vitamines,THHX-0647
49996,XXL Nutrition Multivitaminen & Mineralen - 20 bruistabletten,Multivitaminen en mineralen van XXL Nutrition in 20 bruistabletten.,in stock,new,3.49 EUR,,https://thehealthhouse.nl/product/multivitaminen-mineralen-20-bruistabletten/,https://thehealthhouse.nl/wp-content/uploads/2026/08/THHX-0648.webp,,XXL Nutrition,Vitamines,THHX-0648
49998,XXL Nutrition O.R.S. (Oral Rehydration Salts) - NZVT,O.R.S. van XXL Nutrition: NZVT-geteste Oral Rehydration Salts in poedervorm.,in stock,new,25.00 EUR,,https://thehealthhouse.nl/product/o-r-s-oral-rehydration-salts-nzvt/,https://thehealthhouse.nl/wp-content/uploads/2026/08/THHX-0650.webp,,XXL Nutrition,Pre Workout,THHX-0650
50018,XXL Nutrition Probiotica - 100 mld. CFU - 30 tabletten - NZVT,"Probiotica van XXL Nutrition met 100 miljard CFU, 30 tabletten en NZVT-test.",in stock,new,13.00 EUR,,https://thehealthhouse.nl/product/probiotica-100-mld-cfu-30-tabletten-nzvt/,https://thehealthhouse.nl/wp-content/uploads/2026/08/THHX-0670.webp,,XXL Nutrition,Gezondheidsproducten,THHX-0670
50021,XXL Nutrition Protein Water - 6 pack - NZVT,Protein Water van XXL Nutrition als NZVT-geteste bundel van zes drinks.,in stock,new,18.00 EUR,,https://thehealthhouse.nl/product/protein-water-6-pack-nzvt/,https://thehealthhouse.nl/wp-content/uploads/2026/08/THHX-0673.webp,,XXL Nutrition,Bundels,THHX-0673
50041,XXL Nutrition Taurine - 1100 mg - 200 capsules,Taurine in capsulevorm: 1100 mg per capsule en 200 capsules per verpakking.,in stock,new,18.99 EUR,,https://thehealthhouse.nl/product/taurine-1100-mg-200-capsules/,https://thehealthhouse.nl/wp-content/uploads/2026/08/THHX-0693.webp,,XXL Nutrition,Aminozuren,THHX-0693
50051,XXL Nutrition Vitamin Drink,Vitamin Drink van XXL Nutrition: een vitaminedrank voor een verfrissend moment.,in stock,new,16.99 EUR,,https://thehealthhouse.nl/product/vitamin-drink/,https://thehealthhouse.nl/wp-content/uploads/2026/08/THHX-0703.webp,,XXL Nutrition,Vitamines,THHX-0703
50052,XXL Nutrition Vitamine A - 4000 IU - 100 capsules,"Vitamine A-capsules met 4000 IU, geleverd in een verpakking van 100 stuks.",in stock,new,13.99 EUR,,https://thehealthhouse.nl/product/vitamine-a-4000-iu-100-capsules/,https://thehealthhouse.nl/wp-content/uploads/2026/08/THHX-0704.webp,,XXL Nutrition,Vitamines,THHX-0704
50053,XXL Nutrition Vitamine D3 - 3000 IU - 60 softgels - NZVT,Vitamine D3 van 3000 IU in 60 NZVT-geteste softgels.,in stock,new,10.00 EUR,,https://thehealthhouse.nl/product/vitamine-d3-3000-iu-60-softgels-nzvt/,https://thehealthhouse.nl/wp-content/uploads/2026/08/THHX-0705.webp,,XXL Nutrition,Gezondheidsproducten,THHX-0705
50054,XXL Nutrition Vrouw - Afvallen - Advanced,"Advanced vrouwenbundel van XXL Nutrition binnen de lijn Afvallen, met EAA.",in stock,new,116.96 EUR,,https://thehealthhouse.nl/product/vrouw-afvallen-advanced/,https://thehealthhouse.nl/wp-content/uploads/2026/08/THHX-0706.webp,,XXL Nutrition,Bundels,THHX-0706
50055,XXL Nutrition Vrouw - Afvallen - Basis,XXL Nutrition Afvallen Basis: een vrouwenbundel met EAA als onderdeel.,in stock,new,84.97 EUR,,https://thehealthhouse.nl/product/vrouw-afvallen-basis/,https://thehealthhouse.nl/wp-content/uploads/2026/08/THHX-0707.webp,,XXL Nutrition,Bundels,THHX-0707
50056,XXL Nutrition Vrouw - Afvallen - Vegan,"Plantaardige XXL Nutrition-bundel voor vrouwen uit de lijn Afvallen, met EAA.",in stock,new,84.97 EUR,,https://thehealthhouse.nl/product/vrouw-afvallen-vegan/,https://thehealthhouse.nl/wp-content/uploads/2026/08/THHX-0708.webp,,XXL Nutrition,Bundels,THHX-0708
50057,XXL Nutrition Vrouw - Algehele gezondheid - Advanced,"Advanced XXL Nutrition-bundel voor vrouwen uit de lijn Algehele gezondheid, met EAA.",in stock,new,86.96 EUR,,https://thehealthhouse.nl/product/vrouw-algehele-gezondheid-advanced/,https://thehealthhouse.nl/wp-content/uploads/2026/08/THHX-0709.webp,,XXL Nutrition,Bundels,THHX-0709
50058,XXL Nutrition Vrouw - Algehele gezondheid - Basis,"XXL Nutrition vrouwenbundel Algehele gezondheid Basis, met EAA als vast onderdeel.",in stock,new,74.96 EUR,,https://thehealthhouse.nl/product/vrouw-algehele-gezondheid-basis/,https://thehealthhouse.nl/wp-content/uploads/2026/08/THHX-0710.webp,,XXL Nutrition,Bundels,THHX-0710
50059,XXL Nutrition Vrouw - Gezondheid - Basis,"De Basis-bundel van XXL Nutrition voor vrouwen binnen de gezondheidslijn, met EAA.",in stock,new,39.97 EUR,,https://thehealthhouse.nl/product/vrouw-gezondheid-basis/,https://thehealthhouse.nl/wp-content/uploads/2026/08/THHX-0711.webp,,XXL Nutrition,Bundels,THHX-0711
50060,XXL Nutrition Vrouw - Gezondheid - Botten-Zenuwstelsel,"XXL Nutrition-bundel voor vrouwen uit de lijn Botten-Zenuwstelsel, inclusief EAA.",in stock,new,49.96 EUR,,https://thehealthhouse.nl/product/vrouw-gezondheid-botten-zenuwstelsel/,https://thehealthhouse.nl/wp-content/uploads/2026/08/THHX-0712.webp,,XXL Nutrition,Bundels,THHX-0712
50062,XXL Nutrition Vrouw - Gezondheid - Focus,"XXL Nutrition vrouwenbundel binnen de gezondheidslijn Focus, samengesteld met EAA.",in stock,new,59.96 EUR,,https://thehealthhouse.nl/product/vrouw-gezondheid-focus/,https://thehealthhouse.nl/wp-content/uploads/2026/08/THHX-0714.webp,,XXL Nutrition,Bundels,THHX-0714
50063,XXL Nutrition Vrouw - Gezondheid - Hormonen-Eiwitsynthese,Supplementenbundel voor vrouwen: XXL Nutrition Hormonen-Eiwitsynthese met EAA.,in stock,new,49.96 EUR,,https://thehealthhouse.nl/product/vrouw-gezondheid-hormonen-eiwitsynthese/,https://thehealthhouse.nl/wp-content/uploads/2026/08/THHX-0715.webp,,XXL Nutrition,Bundels,THHX-0715
50064,"XXL Nutrition Vrouw - Gezondheid - Huid, haar en nagels","XXL Nutrition-bundel voor vrouwen uit de lijn Huid, haar en nagels, met EAA.",in stock,new,54.00 EUR,,https://thehealthhouse.nl/product/vrouw-gezondheid-huid-haar-en-nagels/,https://thehealthhouse.nl/wp-content/uploads/2026/08/THHX-0716.webp,,XXL Nutrition,Bundels,THHX-0716
50065,XXL Nutrition Vrouw - Gezondheid - Immuunsysteem-Antioxidant,"Vrouwenbundel van XXL Nutrition uit de lijn Immuunsysteem-Antioxidant, met EAA.",in stock,new,50.46 EUR,,https://thehealthhouse.nl/product/vrouw-gezondheid-immuunsysteem-antioxidant/,https://thehealthhouse.nl/wp-content/uploads/2026/08/THHX-0717.webp,,XXL Nutrition,Bundels,THHX-0717
50066,XXL Nutrition Vrouw - Gezondheid - Slaap,"Een XXL Nutrition-bundel voor vrouwen binnen de gezondheidslijn Slaap, met EAA.",in stock,new,46.96 EUR,,https://thehealthhouse.nl/product/vrouw-gezondheid-slaap/,https://thehealthhouse.nl/wp-content/uploads/2026/08/THHX-0718.webp,,XXL Nutrition,Bundels,THHX-0718
50067,XXL Nutrition Vrouw - Gezondheid - Spieren,"XXL Nutrition-bundel voor vrouwen uit de gezondheidslijn Spieren, met EAA.",in stock,new,50.96 EUR,,https://thehealthhouse.nl/product/vrouw-gezondheid-spieren/,https://thehealthhouse.nl/wp-content/uploads/2026/08/THHX-0719.webp,,XXL Nutrition,Bundels,THHX-0719
50068,XXL Nutrition Whey Isolate Zero - NZVT,"NZVT-geteste whey isolate van XXL Nutrition met EAA, in Zero-variant.",in stock,new,51.99 EUR,,https://thehealthhouse.nl/product/whey-isolate-zero-nzvt/,https://thehealthhouse.nl/wp-content/uploads/2026/08/THHX-0720.webp,,XXL Nutrition,Eiwitten,THHX-0720
50069,XXL Nutrition XONE® - AminoFusion,"XXL Nutrition XONE® &#8211; AminoFusion is een aminozuurproduct in poedervorm.",in stock,new,30.00 EUR,,https://thehealthhouse.nl/product/xone-aminofusion/,https://thehealthhouse.nl/wp-content/uploads/2026/08/THHX-0721.webp,,XXL Nutrition,Aminozuren,THHX-0721
50070,XXL Nutrition XONE® - Vita-Mineral - 90 tabletten,XONE® Vita-Mineral van XXL Nutrition in een verpakking met 90 tabletten.,in stock,new,20.00 EUR,,https://thehealthhouse.nl/product/xone-vita-mineral-90-tabletten/,https://thehealthhouse.nl/wp-content/uploads/2026/08/THHX-0722.webp,,XXL Nutrition,Vitamines,THHX-0722
50071,XXL Nutrition Creatine Monohydraat,XXL Nutrition Creatine Monohydraat is een creatine-monohydraatproduct van XXL Nutrition.,in stock,new,8.99 EUR,,https://thehealthhouse.nl/product/creatine-monohydraat/,https://thehealthhouse.nl/wp-content/uploads/2026/08/THHX-0723.webp,,XXL Nutrition,Creatine,THHX-0723
51934,AminoZorb® Elite21 (30 servings),"8,725g enzymatische gebufferde aminozuren 6225 mg essentiële aminozuren 2000 mg niet-essentiële aminozuren 500mg GlutaZorb® Glutamine 2:1:1 AminoZorb® BCAA&#8217;s 100% aminozuurstabiliteit Enzymatisch gefermenteerd Geen toegevoegde suiker Gemaakt in de VS 30 doseringen 2 Smaken: Orange Splash en Watermeloen",in stock,new,54.34 EUR,,https://thehealthhouse.nl/product/aminozorb-elite21-30-servings/,https://thehealthhouse.nl/wp-content/uploads/2026/08/77755.jpg,,EFX Sports,EAA,EFX3001
51936,R1 Whey Protein (2.24 kg),"Volledige Whey Instant dus gemakkelijk te mengen. Bevat 100% Whey Concentraat, Isolaat en Hydrolysaat. 24 gram wei-eiwit Geweldige smaak Geproduceerd in de VS Zorgvuldig gemengd en verpakt in een GMP-faciliteit in de VS. Geen vulstoffen.",in stock,new,103.84 EUR,,https://thehealthhouse.nl/product/r1-whey-protein-2-24-kg/,https://thehealthhouse.nl/wp-content/uploads/2026/08/11144.jpg,,Rule One,Eiwitten,RUL1001-2
51940,Cell-Tech™ Creatine (1320 gram),10g creatine monohydraat (2 schepjes) 1g BCAA Matrix 200mg Alfa Lipon Zuur 75g multi-stage Koolhydraten Mix Ultieme creatine formule Verhoogd kracht en prestaties Ondersteunt spierherstel Verkrijgbaar in 1320 gram,in stock,new,54.34 EUR,,https://thehealthhouse.nl/product/cell-tech-creatine-1320-gram/,https://thehealthhouse.nl/wp-content/uploads/2026/08/62059.jpg,,Muscletech,Creatine,MUT7011-1
51942,BCAA Supreme™ (30 servings),Originele USA Versie Bevat L-Alanyl-L-Glutamine ( Sustamine®) Verhouding 8:1:1 Plus elektrolyten mix 30 doseringen 3 smaken,in stock,new,43.34 EUR,,https://thehealthhouse.nl/product/bcaa-supreme-30-servings/,https://thehealthhouse.nl/wp-content/uploads/2026/08/77667.jpg,,Xtend,Glutamine,USP3001
51944,Karbolyn® Hydrate (1848 gr),Hydratatie + Energie Glycogeen Supercharged Ontketen Uithoudingsvermogen en Kracht Bevat geen suikers 1 verpakking (1848 gr) 64 doseringen 2 geweldige frisse smaken,in stock,new,76.34 EUR,,https://thehealthhouse.nl/product/karbolyn-hydrate-1848-gr/,https://thehealthhouse.nl/wp-content/uploads/2026/08/77402.jpg,,EFX Sports,Post workout,EFX6006-2
51946,Mutant Creatine (300 gram),5 gram gemicroniseerde creatine Monohydraat Ondersteund spieropbouw- en fysieke prestaties Versterkt de spierkracht en het herstel 300 gram (100 doseringen),in stock,new,26.84 EUR,,https://thehealthhouse.nl/product/mutant-creatine-300-gram/,https://thehealthhouse.nl/wp-content/uploads/2026/08/77310.jpg,,Mutant,Creatine,PVL7003-3
51948,Pet Allergy For Dogs & Cats (75 kauwtabletten),Voor seizoensgebonden allergieondersteuning Aanbevolen door dierenartsen Voor honden en katten Inhoud 75 kauwtabletten,in stock,new,48.84 EUR,,https://thehealthhouse.nl/product/pet-allergy-for-dogs-cats-75-kauwtabletten/,https://thehealthhouse.nl/wp-content/uploads/2026/08/77136.jpg,,NOW Foods,Overige Producten,PET-NOW410002
51950,Joint Support For Dogs & Cats (90 kauwtabletten),Formule voor gewrichtsflexibiliteit en mobiliteitsproblemen Aanbevolen door dierenartsen Voor honden en katten Inhoud 90 kauwtabletten,in stock,new,43.34 EUR,,https://thehealthhouse.nl/product/joint-support-for-dogs-cats-90-kauwtabletten/,https://thehealthhouse.nl/wp-content/uploads/2026/08/77128.jpg,,NOW Foods,Joints / Gewrichten,PET-NOW410001
51952,Omega-3 Support For Dogs & Cats (180 Softgels),Natuurlijk verkregen omega-3 vetzuren. Aanbevolen door dierenartsen Voor honden en katten Inhoud 180 zachte Softgels,in stock,new,37.84 EUR,,https://thehealthhouse.nl/product/omega-3-support-for-dogs-cats-180-softgels/,https://thehealthhouse.nl/wp-content/uploads/2026/08/77125.jpg,,NOW Foods,Joints / Gewrichten,PET-NOW450001
51954,7-KETO® 100 mg (60 Veggi Caps),Bevat 100 mg van het gepatenteerde 7-KETO® Bevordert thermogenese* DHEA Metaboliet* 60 vegetarische capsules,in stock,new,70.84 EUR,,https://thehealthhouse.nl/product/7-keto-100-mg-60-veggi-caps/,https://thehealthhouse.nl/wp-content/uploads/2026/08/76940.jpg,,NOW Foods,Test boosters,NOW8110-120
51956,"L-Theanine, Double Strength 200mg (60 Vcap)","L-theanine in dubbele sterkte: 200 mg per vegetarische capsule, 60 Vcaps.",in stock,new,30.14 EUR,,https://thehealthhouse.nl/product/l-theanine-double-strength-200mg-60-vcap/,https://thehealthhouse.nl/wp-content/uploads/2026/08/76834.webp,,NOW Foods,Nachtrust en herstel,NOW3212-60
51958,Bacopa Extract 450mg (90 Vcaps),Traditioneel Ayurvedisch kruid Bevat 450mg gestandaardiseerd Bacopa monnieri-extract 90 doseringen per verpakking Geschikt voor veganisten en vegetariërs,in stock,new,43.34 EUR,,https://thehealthhouse.nl/product/bacopa-extract-450mg-90-vcaps/,https://thehealthhouse.nl/wp-content/uploads/2026/08/76841.webp,,NOW Foods,Gezondheidsproducten,NOW41108
51960,Saffron 50mg (60 Vcaps),"50mg saffraan per capsule Gestandaardiseerd op 10% Crocines Poeder van hele saffraan stigma’s, geen extract.",in stock,new,43.34 EUR,,https://thehealthhouse.nl/product/saffron-50mg-60-vcaps/,https://thehealthhouse.nl/wp-content/uploads/2026/08/76845.jpg,,NOW Foods,Gezondheidsproducten,NOW41109
51962,Calcium D-Glucorate 500mg (90 Vcaps),Gehydrateerde vorm van D-Glucarate 500 mg Calcium D-Glucarate per capsule Bevat 60 mg Calcium uit een natuurlijke bron,in stock,new,48.84 EUR,,https://thehealthhouse.nl/product/calcium-d-glucorate-500mg-90-vcaps/,https://thehealthhouse.nl/wp-content/uploads/2026/08/77719.jpg,,NOW Foods,Gezondheidsproducten,NOW41110
51964,Dextrex Juice (1000 gr),"Perfect als pre/post-workout Mix met eiwitten, creatine of bcaa poeder Complex van dextrose, taurine en magnesium. Lost zeer goed op Geweldige smaken 25 doseringen per verpakking",in stock,new,25.74 EUR,,https://thehealthhouse.nl/product/dextrex-juice-1000-gr/,https://thehealthhouse.nl/wp-content/uploads/2026/08/76392.jpg,,OLIMP,Weightgainers,OLI6005
51966,Horse Chestnut 300 mg (90 Vcaps),Kan bijdragen bij ondersteuning van de bloedsomloop Bevat 300 mg paardenkastanje -extract per capsule Gestandaardiseerd extract Met toegevoegd Rutine 200 mg 90 vegetarische capsules,in stock,new,30.14 EUR,,https://thehealthhouse.nl/product/horse-chestnut-300-mg-90-vcaps/,https://thehealthhouse.nl/wp-content/uploads/2026/08/76385.jpg,,NOW Foods,Gezondheidsproducten,NOW4110
51968,Creatine Monohydrate 750 mg (120 vcaps),Verhoogt kracht en uithouding Voor kracht en uithoudingssporten 750mg per vegetarische capsule 5g per dosering (6 capsules) 120 capsules per verpakking,in stock,new,25.74 EUR,,https://thehealthhouse.nl/product/creatine-monohydrate-750-mg-120-vcaps/,https://thehealthhouse.nl/wp-content/uploads/2026/08/76368.jpg,,NOW Foods,Creatine,NOW7105-120
51970,Shaker Performa Active 800 ml,Lekvrij Breuk vast Vaatwasmachine bestendig 100% BPA vrij Actionrod-technologie Vulcapaciteit 800ml,in stock,new,15.84 EUR,,https://thehealthhouse.nl/product/shaker-performa-active-800-ml/,https://thehealthhouse.nl/wp-content/uploads/2026/08/76268.jpg,,Performa,Gear,A-PER501
51972,Alka Spermidine – Basisch spermidine complex (60 VegaCaps),Celbeschermend 1 Goed voor het geheugen 1 Helpt het immuunsysteem 1 Word opnieuw fit 2,in stock,new,37.90 EUR,,https://thehealthhouse.nl/product/alka-spermidine-basisch-spermidine-complex-60-vegacaps/,https://thehealthhouse.nl/wp-content/uploads/2026/08/76248.jpg,,Alka,Gezondheidsproducten,ALK5205
51974,Karbolyn® Fuel (1000 gr) Neutraal,"Snel opneembare koolhydraten Glycogeenbelading brandstofbron Suikervrij, glutenvrij, vrij van stimulerende middelen Combineer evt. met je favoriete Pre-Intra-Post Workout Inhoud: 1000 g (20 doseringen) Smaak: Neutraal",in stock,new,43.34 EUR,,https://thehealthhouse.nl/product/karbolyn-fuel-1000-gr-neutraal/,https://thehealthhouse.nl/wp-content/uploads/2026/08/76240.jpg,,EFX Sports,Post workout,EFX6005-1
51976,Mutant Creatine Bytz (80 chews),Ondersteund kracht en uithouding Handige kauwbare formule Maximaal gemak Vereenvoudig de dagelijkse creatine-inname 80 kauwtabletten (20 doseringen) 2 geweldige smaken (geen nasmaak),in stock,new,32.34 EUR,,https://thehealthhouse.nl/product/mutant-creatine-bytz-80-chews/,https://thehealthhouse.nl/wp-content/uploads/2026/08/76198.jpg,,Mutant,Creatine,MUT7401
51978,TNT Nuclear Pre (30 servings),Extreme krachtige Pre 4000 mg Citrulline 3000 mg Beta-Alanine 200 mg Cafeïne 460 mg Elektrolyten 30 doseringen,in stock,new,43.34 EUR,,https://thehealthhouse.nl/product/tnt-nuclear-pre-30-servings/,https://thehealthhouse.nl/wp-content/uploads/2026/08/75988.jpg,,NXT Nutrition,Pre Workout,NXT3002
51980,Mutant All-In Pre-Workout (40 servings),Bevat 5 gr Creatine Bevat 8 gr Citrulline Malaat Bevat 320 mg cafeïne anhydrous 3 verfrissende smaken 40 doseringen,in stock,new,43.34 EUR,,https://thehealthhouse.nl/product/mutant-all-in-pre-workout-40-servings/,https://thehealthhouse.nl/wp-content/uploads/2026/08/75908.jpg,,Mutant,Pre Workout,MTA3006-40
51982,Mutant Whey (4.54 kg),"22 g 100% wei-eiwit 10,4 g EAA&#8217;s en 5 g BCAA&#8217;s Toegevoegde spijsverteringsenzymen Informed-Choice-gecertificeerd Geen aspartaam. Geen onzin. Gourmet smaken Inhoud 4.54 kg",in stock,new,135.85 EUR,,https://thehealthhouse.nl/product/mutant-whey-4-54-kg/,https://thehealthhouse.nl/wp-content/uploads/2026/08/75892.jpg,,Mutant,Eiwitten,MTA1001-4
51984,Flexx EAAs (30 servings),Versnelde spierproteïnesynthese Verbeterd herstel en hydratatie* Helpt de prestaties te verbeteren Bevat Sensoril® Ashwagandha 125mg Plus Hydration 30 doseringen,in stock,new,48.84 EUR,,https://thehealthhouse.nl/product/flexx-eaas-30-servings/,https://thehealthhouse.nl/wp-content/uploads/2026/08/5069.jpg,,GAT Sport,EAA,GAT3006
51986,Sanas Electrolytes (30 sticks),Optimale hydratatie Essentiële mineralen Mild en pH-neutraal Verpakking 30 sticks Verkrijgbaar in 2 smaken: Neutraal en Bosvruchten,in stock,new,23.54 EUR,,https://thehealthhouse.nl/product/sanas-electrolytes-30-sticks/,https://thehealthhouse.nl/wp-content/uploads/2026/08/75722.jpg,,SANAS,Elektrolyten,SNS4010
51988,Nitra Flex Sport (20 doseringen),Maximaliseert de energieproductie Verhoogt kracht en uithouding Optimaliseer hydratatieniveaus Mentale Focus Bevat 4000 mg L-Citrulline Informed Sport Gecertificeerd 3 smaken 20 doseringen,in stock,new,48.84 EUR,,https://thehealthhouse.nl/product/nitra-flex-sport-20-doseringen/,https://thehealthhouse.nl/wp-content/uploads/2026/08/75685.jpg,,GAT Sport,Pre Workout,GAT3005
51990,Glutamine (398 gr),100% Pure glutaminepoeder Het meest voorkomende aminozuur in spierweefsel Voorwaardelijk essentieel aminozuur Gemicroniseerde Glutamine 75 porties,in stock,new,32.34 EUR,,https://thehealthhouse.nl/product/glutamine-398-gr/,https://thehealthhouse.nl/wp-content/uploads/2026/08/75427.jpg,,Rule One,Glutamine,RUL3006
51992,L-Glutamine Micronized (500 gr),Zuiver glutaminepoeder van farmaceutische kwaliteit Het meest voorkomende aminozuur in spierweefsel Voorwaardelijk essentieel aminozuur Halal-gecertificeerd product 500 gram – 100 porties,in stock,new,30.14 EUR,,https://thehealthhouse.nl/product/l-glutamine-micronized-500-gr/,https://thehealthhouse.nl/wp-content/uploads/2026/08/75422.jpg,,Applied Nutrition,Glutamine,APN3001-5
51994,XTEND Whey Protein (840 gram),Superieure Whey-eiwit bron Ondersteunt het spierbehoud en stimuleert spiergroei Bevat 20 gram eiwit per dosering Geen toegevoegde suikers 30 doseringen Verkrijgbaar in 3 smaken,in stock,new,43.34 EUR,37.84 EUR,https://thehealthhouse.nl/product/xtend-whey-protein-840-gram/,https://thehealthhouse.nl/wp-content/uploads/2026/08/75370.jpg,,Xtend,Eiwitten,SCV1001
51996,Kre-Alkalyn Pro (60 caps),Kre-Alkalyn Pro creatinecapsules met 2.400 mg en een verpakking van 60 capsules.,in stock,new,37.84 EUR,,https://thehealthhouse.nl/product/kre-alkalyn-pro-60-caps/,https://thehealthhouse.nl/wp-content/uploads/2026/08/43860.jpg,,EFX Sports,Creatine,EFX7103-60
52000,Spicy Mayo Saus (300 ml),"Spicy Mayo Saus zonder vet en suiker de nieuwe trend voor een gezonde voeding. Glutenvrij, lactosevrij, vegan en zonder aspartaam",in stock,new,10.44 EUR,,https://thehealthhouse.nl/product/spicy-mayo-saus-300-ml/,https://thehealthhouse.nl/wp-content/uploads/2026/08/75202.jpg,,CALLOWFIT,Fit Sausjes,CAF9501-SPMY
52002,Skinny Syrup Blueberry (425ml),"Suikervrije, vegan Blueberry-siroop van 425 ml, ook glutenvrij.",in stock,new,11.54 EUR,,https://thehealthhouse.nl/product/skinny-syrup-blueberry-425ml/,https://thehealthhouse.nl/wp-content/uploads/2026/08/75154.jpg,,The Skinny Food Co,Fit Sausjes,SKF9501-BLB
52004,Iso Plus (700 gram),Verfrissende Isotone drank Extra L-Carnitine Goed voor tijdens de training Ideaal voor (duur)sporters Aanvullen van vocht Vult vitamines en mineralen aan Vult koolhydraten aan 20 doseringen per verpakking 3 verfrissende smaken,in stock,new,26.84 EUR,,https://thehealthhouse.nl/product/iso-plus-700-gram/,https://thehealthhouse.nl/wp-content/uploads/2026/08/75081.jpg,,OLIMP,Elektrolyten,OLI6005-7
52006,L-Glutamine 1000 mg (120 Veggie caps),"L-Glutamine met 1000 mg per veggie capsule, verpakt per 120 capsules.",in stock,new,32.34 EUR,,https://thehealthhouse.nl/product/l-glutamine-1000-mg-120-veggie-caps/,https://thehealthhouse.nl/wp-content/uploads/2026/08/75068.webp,,NOW Foods,Glutamine,NOW3104-120
52008,L-Glutamine 1000 mg (240 Veggie caps),L-Glutamine met 1000 mg per veggie capsule in een verpakking van 240 capsules.,in stock,new,54.34 EUR,,https://thehealthhouse.nl/product/l-glutamine-1000-mg-240-veggie-caps/,https://thehealthhouse.nl/wp-content/uploads/2026/08/75071.jpg,,NOW Foods,Glutamine,NOW3104-240
52010,Bone Broth Protein (400 g),"Runderbouillon eiwitpoeder 19 gram per portie GMP-conforme faciliteit Niet-GMO-product Glutenvrij Nutricost® Kwaliteit Gegarandeerd Smaak; neutraal 400 gram (20 doseringen)",in stock,new,48.84 EUR,,https://thehealthhouse.nl/product/bone-broth-protein-400-g/,https://thehealthhouse.nl/wp-content/uploads/2026/08/75017.jpg,,Nutricost,Joints / Gewrichten,NTC1010-4
52012,Lactase Enzym Complex 3.000 ALU (120 caps),Helpt bij de spijsvertering Helpt bij lactose I-tolerantie 120 capsules (4 maanden),in stock,new,37.84 EUR,,https://thehealthhouse.nl/product/lactase-enzym-complex-3-000-alu-120-caps/,https://thehealthhouse.nl/wp-content/uploads/2026/08/74950.jpg,,Nutricost,Gezondheidsproducten,NTC4125
52014,Berberine (60 capsules),1200mg Berberine HCl per portie Nutricost® Kwaliteit Gegarandeerd Zorgt mede voor een natuurlijk bloedsuikerspiegel 60 capsules (30 doseringen),in stock,new,41.14 EUR,,https://thehealthhouse.nl/product/berberine-60-capsules/,https://thehealthhouse.nl/wp-content/uploads/2026/08/74947.jpg,,Nutricost,Vitaliteit,NTC4124
52016,Potassium Citrate 99 mg (180 Vcaps),"Bevat 99 mg kalium per capsule De kalium citraat , is een goed opneembare vorm van kalium Geschikt voor veganisten en vegetariërs 180 Vegetarische capsules",in stock,new,23.54 EUR,,https://thehealthhouse.nl/product/potassium-citrate-99-mg-180-vcaps/,https://thehealthhouse.nl/wp-content/uploads/2026/08/74808.jpg,,NOW Foods,Vitamines,NOW41107
52018,Caprylic Acid 600 mg (100 softgels),1.000 mg MCT-olie Bevat 600 mg caprylzuur per softgel Afgeleid van natuurlijke bron van kokos- en palmpitolie 100 Softgels,in stock,new,26.84 EUR,,https://thehealthhouse.nl/product/caprylic-acid-600-mg-100-softgels/,https://thehealthhouse.nl/wp-content/uploads/2026/08/74805.webp,,NOW Foods,Fatburners,NOW6105
52020,"MK-7 Vitamin K-2, Extra Strength 300 mcg (120 Vcaps)",Extra Strength MK-7 vitamine K-2: 300 mcg in 120 Vcaps.,in stock,new,59.84 EUR,,https://thehealthhouse.nl/product/mk-7-vitamin-k-2-extra-strength-300-mcg-120-vcaps/,https://thehealthhouse.nl/wp-content/uploads/2026/08/74796.jpg,,NOW Foods,Vitamines,NOW4198-120
52022,CoQ10 100mg (150 softgels),CoQ10 voedingssupplement met 100 mg per softgel en 150 softgels.,in stock,new,54.34 EUR,,https://thehealthhouse.nl/product/coq10-100mg-150-softgels/,https://thehealthhouse.nl/wp-content/uploads/2026/08/74793.webp,,NOW Foods,Vitaliteit,NOW4510-150
52024,CoQ10 100mg (50 softgels),CoQ10 voedingssupplement met 100 mg per softgel en 50 softgels.,in stock,new,26.84 EUR,,https://thehealthhouse.nl/product/coq10-100mg-50-softgels/,https://thehealthhouse.nl/wp-content/uploads/2026/08/74790.webp,,NOW Foods,Vitaliteit,NOW4510-50
52026,CoQ10 60mg + Fish Oil (60 softgels),"Combinatie van co-enzym Q10, lecithine en visolie. 60mg co-enzym Q10 per softgel 250mg Omega-3 per softgel 60 softgels",in stock,new,25.74 EUR,,https://thehealthhouse.nl/product/coq10-60mg-fish-oil-60-softgels/,https://thehealthhouse.nl/wp-content/uploads/2026/08/74787.webp,,NOW Foods,Vitaliteit,NOW4509-60
52028,CoQ10 30mg (240 Vcaps),CoQ10-supplement met 30 mg per vegetarische capsule en 240 Vcaps per verpakking.,in stock,new,43.34 EUR,,https://thehealthhouse.nl/product/coq10-30mg-240-vcaps/,https://thehealthhouse.nl/wp-content/uploads/2026/08/74743.webp,,NOW Foods,Vitaliteit,NOW4108-240
52030,Carb-X Cyclic Dextrine (1200 gr),"24g koolhydraten | 0g Vet | 0g suiker Brandstof voor Training Herstel na de training Hoog oplosbare koolhydraten Veganistisch, Vegetarisch, Glutenvrij Getest op atleten Halal Gecertificeerd Product",in stock,new,37.84 EUR,,https://thehealthhouse.nl/product/carb-x-cyclic-dextrine-1200-gr/,https://thehealthhouse.nl/wp-content/uploads/2026/08/74704.jpg,,Applied Nutrition,Post workout,APN6005
52032,Quick Dissolve Collagen Peptides (198 g),Vertrouwd sinds 1922 Erfgoed Behoudt gezond haar Bevordert een gezonde huid en nagels Ondersteunt de gezondheid van de gewrichten Gras gevoerd 12 g collageen per portie Collageen type I en III Snel oplossende collageen peptiden Smaakloos 198 gram,in stock,new,37.84 EUR,,https://thehealthhouse.nl/product/quick-dissolve-collagen-peptides-198-g/,https://thehealthhouse.nl/wp-content/uploads/2026/08/74593.jpg,,Great Lakes Wellness,Joints / Gewrichten,GLW1501
52034,Caffeine 200mg (180 caps),200 mg Cafeïne per capsule 180 capsules: 1 portie is 1 capsule Getest op zuiverheid en potentie Verhoogt het metabolisme Verscherpt de focus Ondersteunt optimale fysieke prestaties,in stock,new,31.24 EUR,,https://thehealthhouse.nl/product/caffeine-200mg-180-caps/,https://thehealthhouse.nl/wp-content/uploads/2026/08/32204.jpg,,Primaforce,Vitaliteit,PRF6201
52036,Giant Mass Gainer (2270 gr),"Giant Mass Gainer in 2270 gram, met whey, caseïne en BCAA.",in stock,new,48.84 EUR,,https://thehealthhouse.nl/product/giant-mass-gainer-2270-gr/,https://thehealthhouse.nl/wp-content/uploads/2026/08/74553.jpg,,Stacker2,Weightgainers,STC2003-2
52038,Giant Mass Gainer (6800 gr),"Giant Mass Gainer in grootformaat van 6800 gram, met whey en caseïne.",in stock,new,103.84 EUR,,https://thehealthhouse.nl/product/giant-mass-gainer-6800-gr/,https://thehealthhouse.nl/wp-content/uploads/2026/08/74559.jpg,,Stacker2,Weightgainers,STC2003-6
52042,COR-Performance® Glutamine (510 gr),"5 gram glutamine per portie 100 porties per verpakking Neutraal van smaak, ideaal om te mengen met je favoriete dranken Ultrafijn poeder, lost makkelijk en snel op",in stock,new,37.84 EUR,,https://thehealthhouse.nl/product/cor-performance-glutamine-510-gr/,https://thehealthhouse.nl/wp-content/uploads/2026/08/74359.jpg,,Cellucor,Glutamine,CEL3010
52044,Mutant Big Greens (30 servings),Ondersteunt dagelijks welzijn Helpt de balans in de spijsvertering Versterkt de immuun gezondheid 40 Superfoods per portie,in stock,new,32.34 EUR,,https://thehealthhouse.nl/product/mutant-big-greens-30-servings/,https://thehealthhouse.nl/wp-content/uploads/2026/08/74315.jpg,,Mutant,Liver Support,ALK5501-30
52046,Mutant GEAAR™ (30 servings),100% Gefermenteerde veganistische amino’s 7 gram Bcaa’s (8:3:3 verhouding) 4 gram L-Leucine 1020 mg elektrolyten mengsel Natuurlijke smaken,in stock,new,32.34 EUR,,https://thehealthhouse.nl/product/mutant-geaar-30-servings/,https://thehealthhouse.nl/wp-content/uploads/2026/08/74273.jpg,,Mutant,EAA,PVL3005-30
52048,Pure Whey Mass (3.2kg),Mengt makkelijk en lost goed op Met 100% pure wei-eiwit (25g) Geweldige smaken Verpakking 3200 gram,in stock,new,70.84 EUR,,https://thehealthhouse.nl/product/pure-whey-mass-3-2kg/,https://thehealthhouse.nl/wp-content/uploads/2026/08/74203.jpg,,NXT Nutrition,Weightgainers,NXT2005
52050,BHB Salts goBHB® (261 gram),"Ca, K, MG en NA Beta-hydroxybutyraat (BHB) 5 g BHB per portie Geen suiker Vegetarisch product GoBHB® 30 doseringen",in stock,new,70.84 EUR,,https://thehealthhouse.nl/product/bhb-salts-gobhb-261-gram/,https://thehealthhouse.nl/wp-content/uploads/2026/08/74045.jpg,,Nutricost,Fatburners,NTC5001
52052,Grabbers Weight Lifting Wrist Wraps with Grab Pads,Verbeterd de grip Comfortabele neopreen vulling Verstelbare klittenbandsluiting Verkrijgbaar in de maat L en XL,in stock,new,37.84 EUR,,https://thehealthhouse.nl/product/grabbers-weight-lifting-wrist-wraps-with-grab-pads/,https://thehealthhouse.nl/wp-content/uploads/2026/08/73624.jpg,,Grizzly Fitness,Gear,T-GRF201-1
52054,Deluxe Weight Lifting Straps with Wrist Wraps,Verbeterde grip Met polsondersteuning Neopreen pols vulling Veilig en volledig verstelbare klittenbandsluiting,in stock,new,26.84 EUR,,https://thehealthhouse.nl/product/deluxe-weight-lifting-straps-with-wrist-wraps/,https://thehealthhouse.nl/wp-content/uploads/2026/08/73616.jpg,,Grizzly Fitness,Gear,T-GRF201
52056,Advanced Collagen Peptiden (195 gram),"12 g Bio Active NeoCell® Collageen Peptiden™ per portie Bevat 60 mg Hyaluronzuur Bevat 120 mg Vitamine C Ondersteun schoonheid van binnenuit* Ondersteunt de hydratatie van de huid, de elasticiteit en stevigheid van de huid en sterke nagels* Niet-gearomatiseerd poeder mengt gemakkelijk in eten, drinken of smoothie",in stock,new,43.34 EUR,,https://thehealthhouse.nl/product/advanced-collagen-peptiden-195-gram/,https://thehealthhouse.nl/wp-content/uploads/2026/08/73492.jpg,,NeoCell,Eiwitten,NEC1502-2
52058,Weider Gourmet Oat Flour (1.9 kg),100% volkoren haver Geen toegevoegde suikers Hoogwaardige eiwitbron Smaak neutraal Inhoud 1900 gram,in stock,new,23.54 EUR,,https://thehealthhouse.nl/product/weider-gourmet-oat-flour-1-9-kg/,https://thehealthhouse.nl/wp-content/uploads/2026/08/73483.jpg,,Weider,Food,WED2305
52060,Black Cohosh Root 80mg (90 Vcaps),"Ondersteuning bij de menopauze Gestandaardiseerd extract 2,5% Met zoethout en Dong Quai",in stock,new,26.84 EUR,,https://thehealthhouse.nl/product/black-cohosh-root-80mg-90-vcaps/,https://thehealthhouse.nl/wp-content/uploads/2026/08/73021.jpg,,NOW Foods,Gezondheidsproducten,NOW41102
52062,Dong Quai 520mg (100 Vcaps),Ondersteuning voor de vrouw in balans Bevat 100% organische Dong Quai-wortel 520 mg Dong Quai -wortelextract per capsule,in stock,new,21.34 EUR,,https://thehealthhouse.nl/product/dong-quai-520mg-100-vcaps/,https://thehealthhouse.nl/wp-content/uploads/2026/08/73024.jpg,,NOW Foods,Gezondheidsproducten,NOW41103
52064,Pycnogenol® 100mg (60 vcaps),Gezonde vasculaire functie* Evenwichtige immuunrespons* Met Amla 100 mg Pycnogenol per capsule 60 Vegetarische capsules,in stock,new,103.84 EUR,,https://thehealthhouse.nl/product/pycnogenol-100mg-60-vcaps/,https://thehealthhouse.nl/wp-content/uploads/2026/08/73036.jpg,,NOW Foods,Gezondheidsproducten,NOW41105
52066,Lion’s Mane 500mg (60 Caps),Biologische Lion’s Mane-capsules met 500 mg per capsule en 60 capsules per verpakking.,in stock,new,32.34 EUR,,https://thehealthhouse.nl/product/lions-mane-500mg-60-caps/,https://thehealthhouse.nl/wp-content/uploads/2026/08/73033.jpg,,NOW Foods,Gezondheidsproducten,NOW41104
52068,CoQ10 60mg (60 Vcaps),Elke capsule bevat 60 mg co-enzym Q10 Geeft meer energie Bij vermoeidheid Goed voor hart en bloedvaten Bij gebruik van cholesterolverlagers,in stock,new,23.54 EUR,,https://thehealthhouse.nl/product/coq10-60mg-60-vcaps/,https://thehealthhouse.nl/wp-content/uploads/2026/08/76356.jpg,,NOW Foods,Vitaliteit,NOW4511-60
52070,Blueberry Extract 160mg (180 Caps),8000 mg equivalent per portie** Antioxidantbescherming Ondersteuning van de ongezondheid Verbetering van de spijsvertering Versterking van het immuunsysteem Voedingssupplement Nutricost – Kwaliteit gegarandeerd 180 Capsules,in stock,new,37.84 EUR,,https://thehealthhouse.nl/product/blueberry-extract-160mg-180-caps/,https://thehealthhouse.nl/wp-content/uploads/2026/08/72783.jpg,,Nutricost,Gezondheidsproducten,NCS4122
52072,Ultra Mass Xtreme (4kg),"Hoog in calorieën, laag in vet 20 gram proteïne per serving 520 kcal per serving De juiste manier om snel extra spiermassa te kweken Alleen eiwitten met de hoogste biologische waarde",in stock,new,70.84 EUR,,https://thehealthhouse.nl/product/ultra-mass-xtreme-4kg/,https://thehealthhouse.nl/wp-content/uploads/2026/08/72737.jpg,,Stacker2,Weightgainers,STC2002-4
52074,Beta Alanine 1500 (120 Capsules),"1500 mg (2 capsules) Verhoogd uithoudingsvermogen Verbeterde atletische prestaties Minder vermoeidheid Veganistisch, halal gecertificeerd 120 capsules",in stock,new,30.14 EUR,,https://thehealthhouse.nl/product/beta-alanine-1500-120-capsules/,https://thehealthhouse.nl/wp-content/uploads/2026/08/72277.jpg,,Applied Nutrition,Pre Workout,APN3205
52076,Creatine Cor-Performance (50 doseringen),"Verkrijgbaar in 3 heerlijke smaken Geschikt voor dagelijks gebruik, ook op rustdagen 50 porties per verpakking Bevat Micronized Creatine Monohydraat Combineer met je favoriete Pre en/of BCAA’s poeder",in stock,new,26.84 EUR,,https://thehealthhouse.nl/product/creatine-cor-performance-50-doseringen/,https://thehealthhouse.nl/wp-content/uploads/2026/08/72246.jpg,,Cellucor,Creatine,CEL7501
52080,Menopause Essentials (120 Vcaps),Vrouwelijke endocriene ondersteuning Kalmerende kruidenmix Botanisch / kruiden Gestandaardiseerde extracten Vegetarisch / veganistisch 120 Vegetarische capsules,in stock,new,32.34 EUR,,https://thehealthhouse.nl/product/menopause-essentials-120-vcaps/,https://thehealthhouse.nl/wp-content/uploads/2026/08/72193.jpg,,Sunwarrior,Gezondheidsproducten,SWA4110
52082,Citrulline (195 gram),100% Citrulline Ondersteunt de bloedsomloop en de vasculaire gezondheid Verhoogt de productie van stikstofmonoxide Betere spierpomp Ondersteunt spiergroei Verhoogt atletische prestaties 60 doseringen,in stock,new,32.34 EUR,,https://thehealthhouse.nl/product/citrulline-195-gram/,https://thehealthhouse.nl/wp-content/uploads/2026/08/72161.jpg,,Rule One,EAA,RUL3010
52084,St. Johns Worth 300mg (250 Vcaps),"St. Johns Worth in vegetarische capsules: 300 mg per capsule, verpakt per 250 stuks.",in stock,new,43.34 EUR,,https://thehealthhouse.nl/product/st-johns-worth-300mg-250-vcaps/,https://thehealthhouse.nl/wp-content/uploads/2026/08/72158.jpg,,NOW Foods,Gezondheidsproducten,NOW41101-250
52086,St. Johns Worth 300mg (100 Vcaps),St. Johns Worth met 300 mg per vegetarische capsule in een verpakking van 100 Vcaps.,in stock,new,24.64 EUR,,https://thehealthhouse.nl/product/st-johns-worth-300mg-100-vcaps/,https://thehealthhouse.nl/wp-content/uploads/2026/08/72155.jpg,,NOW Foods,Gezondheidsproducten,NOW41101-100
52088,Marine Collagen Peptides (120 capsules),"Bevordert een jeugdige, mooie huid* Ondersteunt de gezondheid van haar en nagels* Marine collageen peptiden* + Hyaluronzuur 120 Fish gelatine capsules (30 dgn.)",in stock,new,41.14 EUR,,https://thehealthhouse.nl/product/marine-collagen-peptides-120-capsules/,https://thehealthhouse.nl/wp-content/uploads/2026/08/72146.jpg,,NeoCell,Joints / Gewrichten,NEC1202
52090,Organic Beet Root Powder (454 gram),USDA Biologisch Kwaliteit gegarandeerd Vegetarisch product Niet-GMO Glutenvrij Biologisch gecertificeerd door CCOF 5 g per portie 454 g (91 porties,in stock,new,48.84 EUR,,https://thehealthhouse.nl/product/organic-beet-root-powder-454-gram/,https://thehealthhouse.nl/wp-content/uploads/2026/08/72141.jpg,,Nutricost,Vitaliteit,NTC-4002
52092,Skinny Syrup Salted Caramel Vanilla (425ml),"Vegan en suikervrije Skinny Syrup met de smaak Salted Caramel Vanilla, 425 ml.",in stock,new,11.54 EUR,,https://thehealthhouse.nl/product/skinny-syrup-salted-caramel-vanilla-425ml/,https://thehealthhouse.nl/wp-content/uploads/2026/08/72136.jpg,,The Skinny Food Co,Fit Sausjes,SKF9501-SCV
52094,Skinny Syrup Banoffee Pie (425ml),"Skinny Syrup Banoffee Pie: vegan, glutenvrij en suikervrij in een fles van 425 ml.",in stock,new,11.54 EUR,,https://thehealthhouse.nl/product/skinny-syrup-banoffee-pie-425ml/,https://thehealthhouse.nl/wp-content/uploads/2026/08/72133.jpg,,The Skinny Food Co,Fit Sausjes,SKF9501-BAP
52096,Skinny Syrup Maple & Cinnamon (425ml),Vegan Skinny Syrup Maple & Cinnamon met glutenvrije receptuur en 425 ml inhoud.,in stock,new,11.54 EUR,,https://thehealthhouse.nl/product/skinny-syrup-maple-cinnamon-425ml/,https://thehealthhouse.nl/wp-content/uploads/2026/08/72125.jpg,,The Skinny Food Co,Fit Sausjes,SKF9501-MCI
52098,Skinny Syrup Amaretto (425ml),"Skinny Syrup Amaretto in een fles van 425 ml, vegan, glutenvrij en suikervrij.",in stock,new,11.54 EUR,,https://thehealthhouse.nl/product/skinny-syrup-amaretto-425ml/,https://thehealthhouse.nl/wp-content/uploads/2026/08/72122.jpg,,The Skinny Food Co,Fit Sausjes,SKF9501-AMR
52100,Beet Root 2.400mg (180 Caps),"Gemaakt met biologische rode biet 2,400 mg per portie (3 capsules) CCOF gecertificeerd biologisch Voedingssupplement Nutricost® Kwaliteit Gegarandeerd Vegetarisch product GMP-conforme faciliteit Niet-GMO-product Glutenvrij 180 capsules (60 doseringen)",in stock,new,41.14 EUR,,https://thehealthhouse.nl/product/beet-root-2-400mg-180-caps/,https://thehealthhouse.nl/wp-content/uploads/2026/08/72105.jpg,,Nutricost,Vitaliteit,NTC4120-
52104,Citrus Bergamot 1200 mg (120 Caps),Premium Citrus Bergamot Extract 25:1 Cardiovasculaire gezondheid Antioxidantondersteuning voor cardiovasculaire en metabole gezondheid Niet-GMO-project geverifieerd Glutenvrij Voedingssupplement Ondersteuning van het hart 120 capsules (60 dagen),in stock,new,37.84 EUR,,https://thehealthhouse.nl/product/citrus-bergamot-1200-mg-120-caps/,https://thehealthhouse.nl/wp-content/uploads/2026/08/71584.jpg,,Nutricost,Gezondheidsproducten,NCS4120
52106,"Multi Collageen Eiwit Types I, II & III (454 gram)","Collageen afkomstig uit drie bronnen: rund, kip en vis. Collageen types I, II &#038; III. Met Vitamine C &#038; Druivenpit Extract Smaakloos 454 gram (circa 35 porties)",in stock,new,65.34 EUR,,https://thehealthhouse.nl/product/multi-collageen-eiwit-types-i-ii-iii-454-gram/,https://thehealthhouse.nl/wp-content/uploads/2026/08/71577.jpg,,NOW Foods,Joints / Gewrichten,NOW1503
52108,Arginine & Citrulline 500mg / 250mg (120 Vcaps),Eiwitmetabolisme* Behoud van spiermassa 500mg L-Arginine per capsule 250mg L-Citrulline per capsule Populair onder atleten,in stock,new,32.34 EUR,,https://thehealthhouse.nl/product/arginine-citrulline-500mg-250mg-120-vcaps/,https://thehealthhouse.nl/wp-content/uploads/2026/08/71500.jpg,,NOW Foods,Pre Workout,NOW3209-120
52110,Lactoferrin 300mg (60 Caps),300 mg per capsule 60 Doseringen Nutricost Kwaliteit Gegarandeerd Vegetarisch product GMP-conforme faciliteit Niet-GMO-product Getest door derden Glutenvrij,in stock,new,70.84 EUR,,https://thehealthhouse.nl/product/lactoferrin-300mg-60-caps/,https://thehealthhouse.nl/wp-content/uploads/2026/08/71367.jpg,,Nutricost,Gezondheidsproducten,NCS4119
52114,Anabol Hardcore (60 liquid-caps),Ontworpen om kracht en spiergroei te maximaliseren Verbeterd spierherstel Geavanceerde eiwitsynthese Snelwerkende liquid-cap-technologie Testbooster van het jaar 2025 USA,in stock,new,48.84 EUR,,https://thehealthhouse.nl/product/anabol-hardcore-60-liquid-caps/,https://thehealthhouse.nl/wp-content/uploads/2026/08/71113.jpg,,Nutrex,Test boosters,NTR8202
52116,Mutant Hardcore BCAA (30 servings),8 Gram BCAA mix (2:1:1) 1.04 Gram Elektrolyten mengsel 0 Gram koolhydraten en suiker 100% Gefermenteerde veganistische amino’s Waanzinnige smaken 30 doseringen,in stock,new,34.54 EUR,,https://thehealthhouse.nl/product/mutant-hardcore-bcaa-30-servings/,https://thehealthhouse.nl/wp-content/uploads/2026/08/71055.jpg,,Mutant,EAA,PVL3004-30
52118,Goij Berry Organic (25 servings),Rode super food boordevol voedingstoffen Bevat van nature Vitamine A en Koper Gezonde toevoeging aan elk recept Biologisch,in stock,new,32.34 EUR,,https://thehealthhouse.nl/product/goij-berry-organic-25-servings/,https://thehealthhouse.nl/wp-content/uploads/2026/08/70901.jpg,,Sunwarrior,Food,SWA9602
52120,L-Carnitine 3000 Liquid (32 servings),3000 mg L-Carnitine per portie (15ml) 50 mg groene thee-extract per portie Essentieel aminozuur Geschikt voor veganisten Halal gecertificeerd,in stock,new,26.84 EUR,,https://thehealthhouse.nl/product/l-carnitine-3000-liquid-32-servings/,https://thehealthhouse.nl/wp-content/uploads/2026/08/70804.jpg,,Applied Nutrition,Fatburners,APN5501
52122,The Curse! Creatine (300 gram),Toename in Kracht Verbeterd uithoudingsvermogen 100% gemicroniseerde creatine Ruim 60 doseringen,in stock,new,26.84 EUR,,https://thehealthhouse.nl/product/the-curse-creatine-300-gram/,https://thehealthhouse.nl/wp-content/uploads/2026/08/70863.jpg,,JNX Sports,Creatine,JNX7001-3
52124,The Curse! Creatine (500 gram),"Creatine monohydraat in poedervorm, met een royale inhoud van 500 gram.",in stock,new,37.84 EUR,,https://thehealthhouse.nl/product/the-curse-creatine-500-gram/,https://thehealthhouse.nl/wp-content/uploads/2026/08/70866.jpg,,JNX Sports,Creatine,JNX7001-5
52126,Creatine 3000 (120 caps),Verbeterd prestaties Makkelijk in te nemen capsules 750mg per capsule 120 capsules gemicroniseerd Creatine,in stock,new,23.54 EUR,,https://thehealthhouse.nl/product/creatine-3000-120-caps/,https://thehealthhouse.nl/wp-content/uploads/2026/08/70873.jpg,,Applied Nutrition,Creatine,APN7201
52128,Ginkgo Biloba Double Strength 120mg (100 Vcaps),Ginkgo Biloba Double Strength met 120 mg per vegetarische capsule en 100 Vcaps.,in stock,new,26.84 EUR,,https://thehealthhouse.nl/product/ginkgo-biloba-double-strength-120mg-100-vcaps/,https://thehealthhouse.nl/wp-content/uploads/2026/08/70701.jpg,,NOW Foods,Gezondheidsproducten,NOW4103-100
52130,Ginkgo Biloba Double Strength 120mg (200 Vcaps),"Ginkgo Biloba Double Strength: 120 mg per vegetarische capsule, met 200 Vcaps per pot.",in stock,new,45.54 EUR,,https://thehealthhouse.nl/product/ginkgo-biloba-double-strength-120mg-200-vcaps/,https://thehealthhouse.nl/wp-content/uploads/2026/08/70707.jpg,,NOW Foods,Gezondheidsproducten,NOW4103-200
52132,Liver Caps (100 caps),"Garcinia-extract – 60% HCA Ondersteunt een goed glucosemetabolisme * Plus ChromeMate ® , Jodium, Ginseng",in stock,new,32.34 EUR,,https://thehealthhouse.nl/product/liver-caps-100-caps/,https://thehealthhouse.nl/wp-content/uploads/2026/08/19465.jpg,,NOW Foods,Liver Support,NOW4172
52134,HALO (60 caps),100mg Chinese Smilax Geschikt voor mannen en vrouwen Ondersteunt eiwitsynthese Verbetert de stikstofretentie* 60 capsules (30 dgn.),in stock,new,70.84 EUR,,https://thehealthhouse.nl/product/halo-60-caps/,https://thehealthhouse.nl/wp-content/uploads/2026/08/77052.jpg,,Redcon1,Muscle Builders,RED-8205
52136,Beta Alanine 750mg (120 Vcaps),2250mg Beta Alanine per dosering Populair product onder sporters. Bevorderd uithoudingsvermogen* Vertraagt ​​spiervermoeidheid* 120 vegetarische capsules,in stock,new,37.84 EUR,,https://thehealthhouse.nl/product/beta-alanine-750mg-120-vcaps/,https://thehealthhouse.nl/wp-content/uploads/2026/08/70626.jpg,,NOW Foods,Pre Workout,NOW3217
52138,Pure Whey De Luxe (2.1kg),Laag vetgehalte 1.5g Bevat DigeZyme® (spijsverteringsenzymen) Geweldige smaken 2100 gram (70 servings),in stock,new,92.84 EUR,,https://thehealthhouse.nl/product/pure-whey-de-luxe-2-1kg/,https://thehealthhouse.nl/wp-content/uploads/2026/08/70483.jpg,,NXT Nutrition,Eiwitten,NXT1005
52140,Cre Hydrate (30 doseringen),Creatine Monohydraat (3.000 mg). Kalium citraat (960 mg) Roze Himalayazout (300 mg) Di Magnesium Malaat (60mg) Di calciumfosfaat (60 mg) Verfrissende smaken 30 doseringen,in stock,new,32.34 EUR,,https://thehealthhouse.nl/product/cre-hydrate-30-doseringen/,https://thehealthhouse.nl/wp-content/uploads/2026/08/70507.jpg,,NXT Nutrition,Creatine,NXT-3003
52142,DIM Complex (30 Caps),Ondersteund de hormonale balans 100 mg per capsule Voedingssupplement,in stock,new,32.34 EUR,,https://thehealthhouse.nl/product/dim-complex-30-caps/,https://thehealthhouse.nl/wp-content/uploads/2026/08/72203.jpg,,Sunwarrior,Vitamines,SWA4306
52146,Pregnenolone 50mg (60 Veggie Caps),50 mg Hoge potentie Het “Master Hormone” Gegarandeerd gemicroniseerd Geen magnesiumstearaat Glutenvrij Veganistische formule Makkelijk te slikken 60 vegetarische capsules,in stock,new,43.34 EUR,,https://thehealthhouse.nl/product/pregnenolone-50mg-60-veggie-caps/,https://thehealthhouse.nl/wp-content/uploads/2026/08/70275.jpg,,Emerald Labs,Nachtrust en herstel,EMR8201
52148,Mutant CreaKong (1000 gram),Top 3 creatine Alleen gepatenteerde creatine Geen fillers 100% spierkracht en prestaties! 100% spiermassa! Klinisch aangetoonde ingrediënten 250 doseringen per verpakking,in stock,new,54.34 EUR,,https://thehealthhouse.nl/product/mutant-creakong-1000-gram/,https://thehealthhouse.nl/wp-content/uploads/2026/08/70262.jpg,,Mutant,Creatine,PVL7001-10
52150,Skinny Syrup Birthday Cake (425ml),Glutenvrije en vegan Skinny Syrup met Birthday Cake-smaak in een fles van 425 ml.,in stock,new,11.54 EUR,,https://thehealthhouse.nl/product/skinny-syrup-birthday-cake-425ml/,https://thehealthhouse.nl/wp-content/uploads/2026/08/69702.jpg,,The Skinny Food Co,Fit Sausjes,SKF9501-BCA
52152,Skinny Syrup Chocolate (425ml),"Skinny Syrup Chocolate: vegan en glutenvrij, met chocoladesmaak en 425 ml inhoud.",in stock,new,11.54 EUR,,https://thehealthhouse.nl/product/skinny-syrup-chocolate-425ml/,https://thehealthhouse.nl/wp-content/uploads/2026/08/69705.jpg,,The Skinny Food Co,Fit Sausjes,SKF9501-CH
52154,Skinny Syrup Golden Syrup (425ml),"Vegan, glutenvrije Skinny Syrup Golden Syrup in een handige fles van 425 ml.",in stock,new,11.54 EUR,,https://thehealthhouse.nl/product/skinny-syrup-golden-syrup-425ml/,https://thehealthhouse.nl/wp-content/uploads/2026/08/69708.jpg,,The Skinny Food Co,Fit Sausjes,SKF9501-GS
52156,Skinny Syrup Hazelnut Praline (425ml),"Skinny Syrup Hazelnut Praline met hazelnootsmaak, vegan en glutenvrij, 425 ml.",in stock,new,11.54 EUR,,https://thehealthhouse.nl/product/skinny-syrup-hazelnut-praline-425ml/,https://thehealthhouse.nl/wp-content/uploads/2026/08/69711.jpg,,The Skinny Food Co,Fit Sausjes,SKF9501-HPR
52158,Skinny Syrup Vegan Honey (425ml),"Suikervrije Skinny Syrup Vegan Honey van 425 ml, vegan en glutenvrij.",in stock,new,11.54 EUR,,https://thehealthhouse.nl/product/skinny-syrup-vegan-honey-425ml/,https://thehealthhouse.nl/wp-content/uploads/2026/08/69714.jpg,,The Skinny Food Co,Fit Sausjes,SKF9501-HO
52160,Skinny Syrup Maple Syrup (425ml),Skinny Syrup Maple Syrup: vegan en glutenvrij in een fles met 425 ml inhoud.,in stock,new,11.54 EUR,,https://thehealthhouse.nl/product/skinny-syrup-maple-syrup-425ml/,https://thehealthhouse.nl/wp-content/uploads/2026/08/69717.jpg,,The Skinny Food Co,Fit Sausjes,SKF9501-MPS
52162,Skinny Syrup Strawberry Jelly (425ml),"Skinny Syrup Strawberry Jelly met aardbeiensmaak, vegan, glutenvrij en suikervrij, 425 ml.",in stock,new,11.54 EUR,,https://thehealthhouse.nl/product/skinny-syrup-strawberry-jelly-425ml/,https://thehealthhouse.nl/wp-content/uploads/2026/08/69720.jpg,,The Skinny Food Co,Fit Sausjes,SKF9501-STJ
52164,Beet Root (180 Veg Caps),Ondersteuning van het immuunsysteem* 550 mg per capsule Natuurlijk voorkomende nitraten 180 vegetarische capsules,in stock,new,32.34 EUR,,https://thehealthhouse.nl/product/beet-root-180-veg-caps/,https://thehealthhouse.nl/wp-content/uploads/2026/08/69954.jpg,,NOW Foods,Vitaliteit,NOW41106
52166,L-Arginine 500 mg (250 Veg Caps),"L-Arginine capsules met 500 mg per capsule, verpakt per 250 veggie caps.",in stock,new,37.84 EUR,,https://thehealthhouse.nl/product/l-arginine-500-mg-250-veg-caps/,https://thehealthhouse.nl/wp-content/uploads/2026/08/69944.webp,,NOW Foods,Pump,NOW3209-250
52168,L-Arginine 500 mg (100 Veg Caps),L-Arginine 500 mg in een compacte verpakking met 100 veggie caps.,in stock,new,21.34 EUR,,https://thehealthhouse.nl/product/l-arginine-500-mg-100-veg-caps/,https://thehealthhouse.nl/wp-content/uploads/2026/08/69940.webp,,NOW Foods,Pump,NOW3209-100
52170,Skinny Syrup Vanilla (425ml),"Skinny Syrup Vanilla met vanillesmaak: vegan, glutenvrij en suikervrij in 425 ml.",in stock,new,11.54 EUR,,https://thehealthhouse.nl/product/skinny-syrup-vanilla-425ml/,https://thehealthhouse.nl/wp-content/uploads/2026/08/69682.jpg,,The Skinny Food Co,Fit Sausjes,SKF9501-VAN
52172,Skinny Syrup Red Velvet Cake (425ml),Vegan en suikervrije Skinny Syrup Red Velvet Cake in een glutenvrije fles van 425 ml.,in stock,new,11.54 EUR,,https://thehealthhouse.nl/product/skinny-syrup-red-velvet-cake-425ml/,https://thehealthhouse.nl/wp-content/uploads/2026/08/69689.jpg,,The Skinny Food Co,Fit Sausjes,SKF9501-RVC
52176,Skinny Syrup Chocolate Fudge Cake (425ml),"Suikervrije Skinny Syrup Chocolate Fudge Cake met chocoladesmaak, vegan en glutenvrij, 425 ml.",in stock,new,11.54 EUR,,https://thehealthhouse.nl/product/skinny-syrup-chocolate-fudge-cake-425ml/,https://thehealthhouse.nl/wp-content/uploads/2026/08/69698.jpg,,The Skinny Food Co,Fit Sausjes,SKF9501-CHFC
52180,Kid Vits™ Juicy Orange (60 Chewables),Ondersteunt immuunsysteem* Voedingsstoffen voor sterke botten* Bevordert het welzijn* Ronde vorm Gezoet met Xylitol 60 zuigtabletten,in stock,new,21.34 EUR,,https://thehealthhouse.nl/product/kid-vits-juicy-orange-60-chewables/,https://thehealthhouse.nl/wp-content/uploads/2026/08/69837.jpg,,NOW Foods,Vitamines,NOW4406-60-JOR
52182,Kid Vits™ Grape Splash (120 Chewables),Ondersteunt immuunsysteem* Voedingsstoffen voor sterke botten* Bevordert het welzijn* Ronde vorm Gezoet met Xylitol 120 zuigtabletten,in stock,new,32.34 EUR,,https://thehealthhouse.nl/product/kid-vits-grape-splash-120-chewables/,https://thehealthhouse.nl/wp-content/uploads/2026/08/5672.jpg,,NOW Foods,Vitamines,NOW4406-120-GRSP
52184,Skinny Syrup Cookies & Cream (425ml),"Skinny Syrup Cookies & Cream met koekjessmaak, vegan, glutenvrij en suikervrij, 425 ml.",in stock,new,11.54 EUR,,https://thehealthhouse.nl/product/skinny-syrup-cookies-cream-425ml/,https://thehealthhouse.nl/wp-content/uploads/2026/08/69796.jpg,,The Skinny Food Co,Fit Sausjes,SKF9501-CC
52186,Rei-Shi Mushrooms 270 mg (100 Vcaps),"Reishi/Shiitake Mengsel Super paddo&#8217;s 120 Vegetarische capsules",in stock,new,22.44 EUR,,https://thehealthhouse.nl/product/rei-shi-mushrooms-270-mg-100-vcaps/,https://thehealthhouse.nl/wp-content/uploads/2026/08/69333.jpg,,NOW Foods,Gezondheidsproducten,NOW4114
52188,HMB 1000 (120 caps),1000 mg actief ß-Hydroxy ß-methylbutyraat per portie HMB 1000 werkt als een antikatabool Verbeterd de spiereiwitsynthese 120 capsules,in stock,new,32.34 EUR,,https://thehealthhouse.nl/product/hmb-1000-120-caps/,https://thehealthhouse.nl/wp-content/uploads/2026/08/69306.jpg,,Nutrex,Muscle Builders,NTR-3201
52190,Critical Mass Original (6000 Gram),"Originele Critical Mass formule Met essentiële vetzuren (EFA&#8217;s), CLA en MCT-poeder Shake met veel calorieën, eiwitten en koolhydraten Met toegevoegde L-glutamine Halal gecertificeerd product",in stock,new,70.84 EUR,,https://thehealthhouse.nl/product/critical-mass-original-6000-gram/,https://thehealthhouse.nl/wp-content/uploads/2026/08/69284.jpg,,Applied Nutrition,Weightgainers,APN2203-6
52192,Stacker 3 XPLC (100 caps),Boost je metabolisme Gepatenteerde blend 300mg cafeïne 100 Capsules,in stock,new,32.34 EUR,,https://thehealthhouse.nl/product/stacker-3-xplc-100-caps/,https://thehealthhouse.nl/wp-content/uploads/2026/08/3635.jpg,,Stacker2,Fatburners,STC5105
52194,7-PhenylStack (100 caps),Vertrouwd Stacker gevoel Krachtige vetverbranding 280mg cafeïne 100 Capsules,in stock,new,32.34 EUR,,https://thehealthhouse.nl/product/7-phenylstack-100-caps/,https://thehealthhouse.nl/wp-content/uploads/2026/08/3751.jpg,,Stacker2,Fatburners,STC5107
52196,Testo 4HD (120 caps),"Bekroonde Test Booster 100% natuurlijke samenstelling Met Tribulus Terrestris en Maca Met zink, magnesium en vitamine B6 120 capsules",in stock,new,43.34 EUR,,https://thehealthhouse.nl/product/testo-4hd-120-caps/,https://thehealthhouse.nl/wp-content/uploads/2026/08/69252.jpg,,Stacker2,Test boosters,STC8201
52198,KSM-66 Ashwagandha® 1200 mg (90 caps),1200 mg Biologisch KSM-66 Ashwagandha-extract Helpt lichaam en geest te ontspannen Bevordert een goede nachtrust Hoog gedoseerd 90 capsules,in stock,new,43.34 EUR,,https://thehealthhouse.nl/product/ksm-66-ashwagandha-1200-mg-90-caps/,https://thehealthhouse.nl/wp-content/uploads/2026/08/69154.jpg,,5% Nutrition,Gezondheidsproducten,RIP8101
52202,Snickers Hi Protein Low Sugar (12 x 57g),Snickers Hi Protein Low Sugar: 12 eiwitrepen van 57 gram per doos.,in stock,new,43.34 EUR,,https://thehealthhouse.nl/product/snickers-hi-protein-low-sugar-12-x-57g/,https://thehealthhouse.nl/wp-content/uploads/2026/08/68957.jpg,,Mars Protein,Eiwitrepen > Eiwitten,MRS9511
52204,Mars Hi Protein Low Sugar (12 x 57g),Laag in suiker Rijk aan eiwitten Geweldige smaken,in stock,new,43.34 EUR,,https://thehealthhouse.nl/product/mars-hi-protein-low-sugar-12-x-57g/,https://thehealthhouse.nl/wp-content/uploads/2026/08/68971.jpg,,Mars Protein,Eiwitrepen > Eiwitten,MRS9512
52206,Mars High Protein Cookie (12 x 60g),Klassieke Mars smaak Bevredigt zoete trek Eiwitrijk tussendoortje,in stock,new,32.34 EUR,,https://thehealthhouse.nl/product/mars-high-protein-cookie-12-x-60g/,https://thehealthhouse.nl/wp-content/uploads/2026/08/68933.jpg,,Mars Protein,Eiwitrepen > Eiwitten,MRS9510
52208,Snickers Hi-Protein Cookie (12 x 60g),Geweldige smaak Perfecte textuur Eiwitrijk tussendoortje,in stock,new,32.34 EUR,,https://thehealthhouse.nl/product/snickers-hi-protein-cookie-12-x-60g/,https://thehealthhouse.nl/wp-content/uploads/2026/08/68943.jpg,,Mars Protein,Eiwitrepen > Eiwitten,MRS9509
52210,Chaga Mushroom 1000 mg (150 Caps),Gemaakt met Biologische Chaga Paddenstoel 1000mg per dosering (2 capsules) CCOF Gecertificeerd Biologisch Voedingssupplement Nutricost® Kwaliteit Gegarandeerd Vegetarisch product 150 capsules (75 doseringen),in stock,new,37.84 EUR,,https://thehealthhouse.nl/product/chaga-mushroom-1000-mg-150-caps/,https://thehealthhouse.nl/wp-content/uploads/2026/08/68875.jpg,,Nutricost,Gezondheidsproducten,NCS4115
52212,Reishi Mushroom 1500 mg (120 Caps),"Gemaakt met biologische Reishi Paddenstoel 500 mg per dosering (2 capsules) Kan ondersteuning bieden bij weerstand, stress en nachtrust CCOF Gecertificeerd Biologisch Voedingssupplement Nutricost® Kwaliteit Gegarandeerd Vegetarisch product 120 capsules (60 doseringen)",in stock,new,43.34 EUR,,https://thehealthhouse.nl/product/reishi-mushroom-1500-mg-120-caps/,https://thehealthhouse.nl/wp-content/uploads/2026/08/68878.jpg,,Nutricost,Gezondheidsproducten,NCS4116
52214,Cordyceps Mushroom 1100 mg (90 Caps),Gemaakt met biologische Cordyceps 1000 mg per dosering (2 caps) Bied ondersteuning voor lichaam en geest CCOF Gecertificeerd Biologisch Voedingssupplement Nutricost® Kwaliteit Gegarandeerd Vegetarisch product 90 capsules (45 doseringen),in stock,new,37.84 EUR,,https://thehealthhouse.nl/product/cordyceps-mushroom-1100-mg-90-caps/,https://thehealthhouse.nl/wp-content/uploads/2026/08/68887.jpg,,Nutricost,Gezondheidsproducten,NCS4117
52216,Shiitake Mushroom 1000 mg (180 Caps),Gemaakt met biologische shiitake-paddenstoelen 1000 mg per dosering (2 capsules) Shiitake versterkt het immuunsysteem CCOF Gecertificeerd Biologisch Voedingssupplement Nutricost® Kwaliteit Gegarandeerd Vegetarisch product 180 capsules (90 doseringen,in stock,new,37.84 EUR,,https://thehealthhouse.nl/product/shiitake-mushroom-1000-mg-180-caps/,https://thehealthhouse.nl/wp-content/uploads/2026/08/68891.jpg,,Nutricost,Gezondheidsproducten,NCS4118
52218,USN Trust 50 Protein (6 x 500ml),Ondersteunt het behoud van magere spiermassa Lactosevrij 50 gram eiwitten Gezond snackalternatief 4 verrukkelijke smaken Verpakking 6 x 500ml,in stock,new,37.84 EUR,,https://thehealthhouse.nl/product/usn-trust-50-protein-6-x-500ml/,https://thehealthhouse.nl/wp-content/uploads/2026/08/68789.jpg,,USN,Eiwitten,USN9601
52220,Biotin Extra Strength 10.000 mcg (120 veggi caps),Hoge kwaliteit Biotine Extra sterk 10.000 mcg per capsule Energieproductie Ondersteunt het aminozuurmetabolisme Bevordert de normale immuun functie,in stock,new,26.84 EUR,,https://thehealthhouse.nl/product/biotin-extra-strength-10-000-mcg-120-veggi-caps/,https://thehealthhouse.nl/wp-content/uploads/2026/08/68671.webp,,NOW Foods,Gezondheidsproducten,NOW4191-1
52222,Full Spectrum Ashwagandha 450mg (100 Caps),Kruiden supplement 450 mg pure ashwagandha wortel 100 capsules 30-60 dagen verpakking,in stock,new,14.19 EUR,,https://thehealthhouse.nl/product/full-spectrum-ashwagandha-450mg-100-caps/,https://thehealthhouse.nl/wp-content/uploads/2026/08/68630.jpg,,Sunwarrior,Vitaliteit,SWA4110-
52224,Relora® 250 mg (90 Caps),"Gepatenteerd Magnolia &#038; Phellodendron Extract 250 mg per capsule Voedingssupplement Controle van stress en eetlust 90 Capsules (30 dagen)",in stock,new,48.84 EUR,,https://thehealthhouse.nl/product/relora-250-mg-90-caps/,https://thehealthhouse.nl/wp-content/uploads/2026/08/68633.jpg,,Sunwarrior,Fatburners,SWA5103-90
52226,Triple Mushroom Complex (60 Caps),"Kruiden supplement Ondersteuning van het immuunsysteem Gestandaardiseerde extracten van Shiitake-, Reishi en Maitake-paddenstoelen",in stock,new,25.74 EUR,,https://thehealthhouse.nl/product/triple-mushroom-complex-60-caps/,https://thehealthhouse.nl/wp-content/uploads/2026/08/68636.jpg,,Sunwarrior,Gezondheidsproducten,SWA4109
52228,Tri-Fiber Complex (100 Caps),"Voor een gezonde spijsvertering Psyllium, Haverzemelen en Appelpectine Helpt bij incidentele constipatie Voedingssupplement Ondersteunt een regelmatige stoelgang 100 capsules / 50 doseringen",in stock,new,19.14 EUR,,https://thehealthhouse.nl/product/tri-fiber-complex-100-caps/,https://thehealthhouse.nl/wp-content/uploads/2026/08/68640.jpg,,Sunwarrior,Gezondheidsproducten,SWA4106
52230,Power Lifting Knee Wraps White,"3″ breed extra dik heavy duty elastisch ontwerp Klittenbandsluiting Biedt extra ondersteuning tijdens het trainen van benen Eén maat, past iedereen",in stock,new,43.34 EUR,,https://thehealthhouse.nl/product/power-lifting-knee-wraps-white/,https://thehealthhouse.nl/wp-content/uploads/2026/08/68476.jpg,,Grizzly Fitness,Gear,T-GRF101-PLKRW
52232,B4UGAME® Nootropic Formule (60 Caps),Boost energie Maximaliseer mentale prestaties Verhoog focus Verbeter concentratie Verbeter de stemming Gepatenteerde Nootropic Formule Vervaardigd in de VS 60 capsules,in stock,new,59.84 EUR,,https://thehealthhouse.nl/product/b4ugame-nootropic-formule-60-caps/,https://thehealthhouse.nl/wp-content/uploads/2026/08/68451.jpg,,Vyotech Nutritionals,Gezondheidsproducten,VYT6202
52234,100% Organic Lion’s Mane Mushroom (113 gram),"Gemaakt met biologische Lion&#8217;s Mane 1 gram per portie CCOF Gecertificeerd Biologisch Voedingssupplement Nutricost® Kwaliteit Gegarandeerd Vegetarisch product 113 gram",in stock,new,37.84 EUR,,https://thehealthhouse.nl/product/100-organic-lions-mane-mushroom-113-gram/,https://thehealthhouse.nl/wp-content/uploads/2026/08/68395.jpg,,Nutricost,Gezondheidsproducten,NCS4001-113
52236,Fadogia Agrestis 600 mg (240 Caps),600 mg per dosering (1 capsule) Krachtig 10:1 extract: Ondersteuning mannelijke vitaliteit Libido booster 240 doseringen,in stock,new,48.84 EUR,,https://thehealthhouse.nl/product/fadogia-agrestis-600-mg-240-caps/,https://thehealthhouse.nl/wp-content/uploads/2026/08/68241.jpg,,Nutricost,Test boosters,NCS8201-240-1
52240,Rule One Lytes (40 servings),"5-elektrolytenmengsel met kalium, natrium, magnesium, chloride en calcium Verrijkt met citrulline, kokoswater, watermeloen en taurine Antioxidant vitamine A en C 2 heerlijke verfrissende smaken 40 porties",in stock,new,32.34 EUR,,https://thehealthhouse.nl/product/rule-one-lytes-40-servings/,https://thehealthhouse.nl/wp-content/uploads/2026/08/68089.jpg,,Rule One,Elektrolyten,RUL6001
52242,Brain Gains Switch ON (30 servings),Geen suiker Schone energie Laser focus Een aanrader voor een heldere geest Goed voor het leervermogen Goed voor het geheugen,in stock,new,48.84 EUR,,https://thehealthhouse.nl/product/brain-gains-switch-on-30-servings/,https://thehealthhouse.nl/wp-content/uploads/2026/08/25276.jpg,,Brain Gains,Gezondheidsproducten,BRG6002
52244,Guarana Powder (200 gram),Pure samenstelling 1.000 mg Veelzijdig gebruik Zuiverheidsgarantie Handige verpakking 200 gram,in stock,new,59.84 EUR,,https://thehealthhouse.nl/product/guarana-powder-200-gram/,https://thehealthhouse.nl/wp-content/uploads/2026/08/67929.jpg,,Primaforce,Pre Workout,PRF6001
52246,Pregnenolone High Potency 25mg (60 Caps),Vitaliteit Voor geestelijke en lichamelijk welzijn Elke capsule levert 25 mg 60 Capsules,in stock,new,32.34 EUR,,https://thehealthhouse.nl/product/pregnenolone-high-potency-25mg-60-caps/,https://thehealthhouse.nl/wp-content/uploads/2026/08/67870.jpg,,Sunwarrior,Nachtrust en herstel,SWA8211
52248,Magnesium Transporters (180 Vcaps),"5 vormen van magnesium voor een optimale biologische beschikbaarheid Ondersteunt gezonde spier-, zenuw- en hartfuncties* 180 Vegetarische capsules",in stock,new,37.84 EUR,,https://thehealthhouse.nl/product/magnesium-transporters-180-vcaps/,https://thehealthhouse.nl/wp-content/uploads/2026/08/67702.jpg,,NOW Foods,Vitamines,NOW4138
52254,Devil’s Claw (100 Veg Caps),"Afkomstig uit zuidelijke regio&#8217;s van Afrika Rijk aan natuurlijk voorkomende bioactieve stoffen 100 Vegetarische capsulles",in stock,new,26.84 EUR,,https://thehealthhouse.nl/product/devils-claw-100-veg-caps/,https://thehealthhouse.nl/wp-content/uploads/2026/08/67593.jpg,,NOW Foods,Joints / Gewrichten,NOW4141-1
52256,BerryDophilus ™ Kids (120 Chewables),"2 miljard, 10 probiotische stammen Voor kinderen en volwassenen Xylitol Gezoet Nieuwe ronde vorm",in stock,new,37.84 EUR,,https://thehealthhouse.nl/product/berrydophilus-kids-120-chewables/,https://thehealthhouse.nl/wp-content/uploads/2026/08/67576.webp,,NOW Foods,Gezondheidsproducten,NOW4405-120
52258,Tri-Chromium with Cinnamon (180 Vcaps),Tri-Chromium with Cinnamon in een pot met 180 vegetarische capsules.,in stock,new,32.34 EUR,,https://thehealthhouse.nl/product/tri-chromium-with-cinnamon-180-vcaps/,https://thehealthhouse.nl/wp-content/uploads/2026/08/67566.webp,,NOW Foods,Vitamines,NOW4127-180
52260,Magnesium Citrate 200mg (100 Tabletten),Magnesiumcitraat van 200 mg in een verpakking met 100 tabletten.,in stock,new,26.84 EUR,,https://thehealthhouse.nl/product/magnesium-citrate-200mg-100-tabletten/,https://thehealthhouse.nl/wp-content/uploads/2026/08/67559.webp,,NOW Foods,Vitamines,NOW4231-100
52262,Acidophilus 4×6 (120 Vcaps),4 miljard potentie / 6 probiotische stammen Bevordert een positieve probiotische balans * 120 vegetarische capsules,in stock,new,32.34 EUR,,https://thehealthhouse.nl/product/acidophilus-4x6-120-vcaps/,https://thehealthhouse.nl/wp-content/uploads/2026/08/4218.jpg,,NOW Foods,Gezondheidsproducten,NOW4128-120
52264,Tribulus 1000 (180 tabs),Tribulus 1000 tabletten: 1000 mg in een verpakking van 180 stuks.,in stock,new,65.34 EUR,,https://thehealthhouse.nl/product/tribulus-1000-180-tabs/,https://thehealthhouse.nl/wp-content/uploads/2026/08/67500.jpg,,NOW Foods,Test boosters,NOW8201-180
52266,Muscle Fuel Anabolic (2kg),Lost zeer gemakkelijk op Bevat hoge concentratie eiwitten en koolhydraten Aangevuld met aminozuren en multivitaminen Helpt bij de toename van spiermassa Bevat Tolerase™ voor een vlottere spijsvertering. Mix met water of melk voor een rijke en krachtige shake,in stock,new,59.84 EUR,,https://thehealthhouse.nl/product/muscle-fuel-anabolic-2kg/,https://thehealthhouse.nl/wp-content/uploads/2026/08/60676.jpg,,USN,Weightgainers,USN2101-2
52270,Sweet Sweat Stick (182 gram) Citrus Mint,"Versnelt opwarming en hersteltijd Pakt traag reagerende probleem gebieden en gebieden met een blessure aan Bevordert een extra toename van bloedcirculatie, zweten en motivatie Bestrijdt spiervermoeidheid en pijnlijke verwondingen zoals overbelasting van het scheenbeen, stijve/harde spieren en -overbelasting van spieren Handige stick in een aangename citrus mint geur",in stock,new,48.84 EUR,,https://thehealthhouse.nl/product/sweet-sweat-stick-182-gram-citrus-mint/,https://thehealthhouse.nl/wp-content/uploads/2026/08/66525.jpg,,Sports Research,Gear,T-SPR542-6-CM
52272,Woven Nylon Pro Dip and Pull Up Belt,"Voor Mannen en Vrouwen Gebruikt door de Pro’s Massief stalen 90 cm ketting met verstelbare D-ring en kliksluiting Breed zacht nylon voor ongeëvenaard comfort tijdens zwaar liften Eén maat, past iedereen",in stock,new,59.84 EUR,,https://thehealthhouse.nl/product/woven-nylon-pro-dip-and-pull-up-belt/,https://thehealthhouse.nl/wp-content/uploads/2026/08/66505.jpg,,Grizzly Fitness,Gear,T-GRF301
52276,TNT Nuclear Pump (50 servings),Krachtige Pomp formule 6000 mg Citrulline 6000 mg Glycerol Cafeïne vrij 50 doseringen,in stock,new,48.84 EUR,,https://thehealthhouse.nl/product/tnt-nuclear-pump-50-servings/,https://thehealthhouse.nl/wp-content/uploads/2026/08/66454.jpg,,NXT Nutrition,Pre Workout,NXT3005
52278,TNT Nuclear EAA (30 servings),Geavanceerde formule 10000 mg EAA’s 1000iu mg Vitamine D3 50 mg CoQ10 30 doseringen,in stock,new,43.34 EUR,,https://thehealthhouse.nl/product/tnt-nuclear-eaa-30-servings/,https://thehealthhouse.nl/wp-content/uploads/2026/08/66439.jpg,,NXT Nutrition,EAA,NXT3001
52280,Amino Fuel EAA (30 servings),"11 g amino&#8217;s per portie Bouwstenen van eiwitten Getest voor sporters Geweldige smaak en gemakkelijk te mengen Halal gecertificeerd product",in stock,new,37.84 EUR,,https://thehealthhouse.nl/product/amino-fuel-eaa-30-servings/,https://thehealthhouse.nl/wp-content/uploads/2026/08/66361.jpg,,USN,EAA,USN3003-1
52282,BCAA Amino Hydrate (30 servings),"Informed-Sport batch getest voor sporters 2 g BCAA’s Met elektrolyten 0 g Suiker, Koolhydraten, Calorieën Met citrulline (intra-workout pomp) Halal gecertificeerd product Geweldige smaken",in stock,new,37.84 EUR,,https://thehealthhouse.nl/product/bcaa-amino-hydrate-30-servings/,https://thehealthhouse.nl/wp-content/uploads/2026/08/66377.jpg,,Applied Nutrition,EAA,APN3002
52284,Hydration+ (30 servings),"Rehydratie tijdens en na het sporten Geeft natuurlijke energie en vermindert vermoeidheid en moeheid Onze complete mix ondersteunt de hydratatie van de huid Revitaliserende formule voor late nachten, lange vluchten en katers. Essentieel voor dagelijks welzijn en bescherming tegen antioxidanten Makkelijk te mixen, verfrissend en heerlijk Geschikt voor veganisten en vegetariërs Halal-gecertificeerd product",in stock,new,32.34 EUR,,https://thehealthhouse.nl/product/hydration-30-servings/,https://thehealthhouse.nl/wp-content/uploads/2026/08/66383.jpg,,Applied Nutrition,Elektrolyten,APN6001
52288,Spirulina Organic 1000mg Double Strength (120 tabs),Bevat organische Spirulina van de blauw groene alg Rijk aan voedingstoffen Dubbele sterkte Spirulina 1000 mg Verkrijgbaar in 120 tabletten,in stock,new,26.84 EUR,,https://thehealthhouse.nl/product/spirulina-organic-1000mg-double-strength-120-tabs/,https://thehealthhouse.nl/wp-content/uploads/2026/08/65949.webp,,NOW Foods,Liver Support,NOW4232
52290,Spirulina Organic 500mg (100 tabs),"Biologische spirulina-tabletten van 500 mg, verpakt per 100 stuks.",in stock,new,19.14 EUR,,https://thehealthhouse.nl/product/spirulina-organic-500mg-100-tabs/,https://thehealthhouse.nl/wp-content/uploads/2026/08/65945.webp,,NOW Foods,Liver Support,NOW4221-100
52292,Spirulina Organic 500mg (200 tabs),Biologische spirulina van 500 mg in een voordeelverpakking met 200 tabletten.,in stock,new,23.54 EUR,,https://thehealthhouse.nl/product/spirulina-organic-500mg-200-tabs/,https://thehealthhouse.nl/wp-content/uploads/2026/08/65941.webp,,NOW Foods,Liver Support,NOW4221-200
52294,Relora® 300 mg (120 Veggi Caps),Relora® voedingssupplement met 300 mg per vegetarische capsule en 120 Veggi Caps.,in stock,new,48.84 EUR,,https://thehealthhouse.nl/product/relora-300-mg-120-veggi-caps/,https://thehealthhouse.nl/wp-content/uploads/2026/08/65933.webp,,NOW Foods,Fatburners,NOW5107-120
52296,Papaya Enzymes (360 chews),Spijsvertering ondersteuning Met munt en Chlorophyll Ondersteunt de eiwit spijsvertering Voedingssupplement Kwaliteit GMP verzekerd Verkrijgbaar in 180 en 360 kauwtabletten,in stock,new,32.34 EUR,,https://thehealthhouse.nl/product/papaya-enzymes-360-chews/,https://thehealthhouse.nl/wp-content/uploads/2026/08/65918.webp,,NOW Foods,Gezondheidsproducten,NOW4402-360
52298,Collagen Hair Skin & Nails (150 gram) Wild Berry,Collageenpoeder met Wild Berry-smaak in een pot van 150 gram.,in stock,new,32.34 EUR,,https://thehealthhouse.nl/product/collagen-hair-skin-nails-150-gram-wild-berry/,https://thehealthhouse.nl/wp-content/uploads/2026/08/65910.jpg,,Osavi,Joints / Gewrichten,OSA1501-WB
52300,Collagen Hair Skin & Nails (150 gram) Unflavoured,Smaakloos collageenpoeder in een verpakking van 150 gram.,in stock,new,32.34 EUR,,https://thehealthhouse.nl/product/collagen-hair-skin-nails-150-gram-unflavoured/,https://thehealthhouse.nl/wp-content/uploads/2026/08/65903.jpg,,Osavi,Joints / Gewrichten,OSA1501-UNF
52302,Taurine Double Strength 1000mg (250 Vcaps),Dubbel sterkte 1000mg Vrijevorm aminozuur 250 Vegetarische capsules,in stock,new,37.84 EUR,,https://thehealthhouse.nl/product/taurine-double-strength-1000mg-250-vcaps/,https://thehealthhouse.nl/wp-content/uploads/2026/08/65892.webp,,NOW Foods,EAA,NOW3216-250
52304,Taurine Double Strength 1000mg (100 Vcaps),Dubbel sterkte 1000mg Vrijevorm aminozuur 100 Vegetarische capsules,in stock,new,23.54 EUR,,https://thehealthhouse.nl/product/taurine-double-strength-1000mg-100-vcaps/,https://thehealthhouse.nl/wp-content/uploads/2026/08/65888.webp,,NOW Foods,EAA,NOW3216-100
52306,Fenugreek 500mg (250 Veggi Caps),500 mg Traditioneel kruid 250 Vegetarische capsules,in stock,new,32.34 EUR,,https://thehealthhouse.nl/product/fenugreek-500mg-250-veggi-caps/,https://thehealthhouse.nl/wp-content/uploads/2026/08/65884.jpg,,NOW Foods,Gezondheidsproducten,NOW4136-250
52308,Fenugreek 500mg (100 Veggi Caps),500 mg Traditioneel kruid 100 Vegetarische capsules,in stock,new,20.24 EUR,,https://thehealthhouse.nl/product/fenugreek-500mg-100-veggi-caps/,https://thehealthhouse.nl/wp-content/uploads/2026/08/65880.webp,,NOW Foods,Gezondheidsproducten,NOW4136-100
52310,Gymstick Lifting Straps Leather,Materiaal hoogwaardig leer Breedte 3.8cm Lengte 50cm,in stock,new,32.34 EUR,,https://thehealthhouse.nl/product/gymstick-lifting-straps-leather/,https://thehealthhouse.nl/wp-content/uploads/2026/08/63784.jpg,,Gymstick,Gear,T-GYS202
52312,Rubilind Classic Muskel- Gelenks Roll On (50ml),Werkt kalmerend en snel Praktische roller voor gelijkmatig aanbrengen Voor stijve spieren Voor spanning Kalmerend voor spieren en gewrichten,in stock,new,21.34 EUR,,https://thehealthhouse.nl/product/rubilind-classic-muskel-gelenks-roll-on-50ml/,https://thehealthhouse.nl/wp-content/uploads/2026/08/63075.jpg,,BANO Healthcare,Joints / Gewrichten,BAN5803-50
52314,Rubilind Rot Muskel- Gelenks Roll On (50ml),Bij spit Bij verharde spieren Bij spierspanning Verwarmende thermische gel Kalmerend voor spieren en gewrichten Praktische roller voor gelijkmatig aanbrengen,in stock,new,21.34 EUR,,https://thehealthhouse.nl/product/rubilind-rot-muskel-gelenks-roll-on-50ml/,https://thehealthhouse.nl/wp-content/uploads/2026/08/63076.jpg,,BANO Healthcare,Joints / Gewrichten,BAN5804-50
52316,Dedicated Creatine (500 Gram),Ultra puur en gemicroniseerde creatine Voor mannen en vrouwen 500 g netto gewicht. +100 porties per verpakking,in stock,new,26.84 EUR,,https://thehealthhouse.nl/product/dedicated-creatine-500-gram/,https://thehealthhouse.nl/wp-content/uploads/2026/08/63297.jpg,,DEDICATED,Creatine,DDC7002
52318,COR-Performance® Creatine (306 gr),Verbeterd fysiek prestaties Geschikt voor veganisten Geen cafeïne en calorieën Circa 90 porties,in stock,new,32.34 EUR,,https://thehealthhouse.nl/product/cor-performance-creatine-306-gr/,https://thehealthhouse.nl/wp-content/uploads/2026/08/62576.jpg,,Cellucor,Creatine,CEL7001
52322,USN Turk Test 1200 (60 caps),"1200mg Turkesterone per dosering Bevat BioPerine® voor betere absorptie Kan de eiwitsynthese verbeteren Mogelijk toename van kracht, prestaties en herstel 60 Vegetarische capsules (30 dagen)",in stock,new,26.84 EUR,,https://thehealthhouse.nl/product/usn-turk-test-1200-60-caps/,https://thehealthhouse.nl/wp-content/uploads/2026/08/62373.jpg,,USN,Test boosters,USN-8205
52324,Gr8-Dophilus (120 Vcaps),"Gr8-Dophilus voedingssupplement in vegetarische capsules, verpakt per 120 Vcaps.",in stock,new,43.34 EUR,,https://thehealthhouse.nl/product/gr8-dophilus-120-vcaps/,https://thehealthhouse.nl/wp-content/uploads/2026/08/62318.webp,,NOW Foods,Gezondheidsproducten,NOW4111-120
52326,Aloe Vera Gels (100 Softgels),Aloë Vera concentraat (200:1) 50 mg Staat gelijk aan 10.000 mg Aloë Vera 100 Softgels per verpakking,in stock,new,26.84 EUR,,https://thehealthhouse.nl/product/aloe-vera-gels-100-softgels/,https://thehealthhouse.nl/wp-content/uploads/2026/08/62309.webp,,NOW Foods,Gezondheidsproducten,NOW4320-100
52330,Kaged Citrulline (200 gram),L-citrulline : puur en gefermenteerd Ondersteunt de bloedsomloop en de vasculaire gezondheid Verhoogt de productie van stikstofmonoxide Betere spierpomp Ondersteunt spiergroei Verhoogt atletische prestaties Inhoud: 200 gram,in stock,new,37.84 EUR,,https://thehealthhouse.nl/product/kaged-citrulline-200-gram/,https://thehealthhouse.nl/wp-content/uploads/2026/08/62239.jpg,,Kaged,EAA,KGM3001
52332,Animal 100% Whey Protein (1000 gram),"24 gram eiwit Bevat 4,6 g BCAA&#8217;s Geen kunstmatige kleurstoffen Gluten vrij 3 verrukkelijke smaken",in stock,new,43.34 EUR,,https://thehealthhouse.nl/product/animal-100-whey-protein-1000-gram/,https://thehealthhouse.nl/wp-content/uploads/2026/08/62088.jpg,,Universal Nutrition,Eiwitten,UNI1001-1
52334,Citrulline Unflavored (300 gram),Zuivere farmaceutische kwaliteit Ondersteunt de bloedsomloop en de vasculaire gezondheid Verhoogt de productie van stikstofmonoxide Ondersteunt spiergroei Verhoogt atletische prestaties Inhoud: 300 gram,in stock,new,43.34 EUR,,https://thehealthhouse.nl/product/citrulline-unflavored-300-gram/,https://thehealthhouse.nl/wp-content/uploads/2026/08/62135.jpg,,Metabolic Nutrition,EAA,MBN3001
52336,Chitosan (120 Veggie Caps),Vetbindende Chitosan vezel Pure Chitosan Afkomstig uit de zee (schaaldieren) Functionele vezel Gebruik voor vetrijke maaltijden 120 Capsules (30 dagen),in stock,new,37.84 EUR,33.44 EUR,https://thehealthhouse.nl/product/chitosan-120-veggie-caps/,https://thehealthhouse.nl/wp-content/uploads/2026/08/62128.jpg,,Natural Balance,Fatburners,NBA1501-120
52338,Nine Aminos (30 servings),"2:1:1 Ratio BCAA&#8217;s Ultieme hydratatie tijdens de training Ondersteuning voor o.a. duursporten Veganistisch en natuurlijk glutenvrij* 4 Heerlijke smaken",in stock,new,26.84 EUR,,https://thehealthhouse.nl/product/nine-aminos-30-servings/,https://thehealthhouse.nl/wp-content/uploads/2026/08/61677.jpg,,USN,EAA,USN3003
52340,Kidney Cleanse (90 Vcaps),Ondersteuning van de urinewegen* Behoud van reeds gezonde nierfuncties* 90 Vegetarische capsules (45 doseringen),in stock,new,32.34 EUR,,https://thehealthhouse.nl/product/kidney-cleanse-90-vcaps/,https://thehealthhouse.nl/wp-content/uploads/2026/08/61811.jpg,,NOW Foods,Liver Support,NOW4157
52342,Grassfed Collagen Peptiden + Vitamin C & Biotin (180 tabl),"Collageen Type 1 &#038; 3 | Vitamine C | Biotine 6 g collageen per portie Voor een gezonde huid, haar, nagels en gewrichtsondersteuning Voedingssupplement Keto-gecertificeerd Glutenvrij Gras gevoerd Igen™ Non-GMO Getest 180 tabletten (30 doseringen)",in stock,new,37.84 EUR,,https://thehealthhouse.nl/product/grassfed-collagen-peptiden-vitamin-c-biotin-180-tabl/,https://thehealthhouse.nl/wp-content/uploads/2026/08/61803.jpg,,NeoCell,Joints / Gewrichten,NEC1201-180
52344,Shilajit 1000mg (120 Capsules),1000 mg per portie (2 caps) Met natuurlijk voorkomend fulvinezuur Hoogwaardige kwaliteit Nutricost® Kwaliteit Gegarandeerd 120 capsules (60 porties),in stock,new,37.84 EUR,,https://thehealthhouse.nl/product/shilajit-1000mg-120-capsules/,https://thehealthhouse.nl/wp-content/uploads/2026/08/54237.jpg,,Nutricost,Gezondheidsproducten,NCS4112-120
52346,BCAA Complete Amino +EAA (30 servings),6500mg EAA’s 2750mg L-Leucine Intra-Workout drink Verfrissende smaken 30 doseringen,in stock,new,43.34 EUR,,https://thehealthhouse.nl/product/bcaa-complete-amino-eaa-30-servings/,https://thehealthhouse.nl/wp-content/uploads/2026/08/61647.jpg,,USN,Glutamine,USN3002
52348,BCAA+ Power Punch (36 servings),0 Suiker 6900mg BCAA’s 2500mg L-Glutamine Intra-Workout drink Verfrissende smaken,in stock,new,37.84 EUR,,https://thehealthhouse.nl/product/bcaa-power-punch-36-servings/,https://thehealthhouse.nl/wp-content/uploads/2026/08/8500.jpg,,USN,Glutamine,USN3001
52350,Ginger Root 550mg (100 Vcaps),Ondersteuning van de spijsvertering* Cardiovasculaire functie* 550mg gemberwortel poeder per capsule,in stock,new,21.34 EUR,,https://thehealthhouse.nl/product/ginger-root-550mg-100-vcaps/,https://thehealthhouse.nl/wp-content/uploads/2026/08/61383.webp,,NOW Foods,Gezondheidsproducten,NOW4126
52352,Rutin 450mg (100 Vcaps),Ondersteunt vasculaire gezondheid. Ondersteunt vrije radicalen 550mg per capsule 100 Vegetarische capsules,in stock,new,26.84 EUR,,https://thehealthhouse.nl/product/rutin-450mg-100-vcaps/,https://thehealthhouse.nl/wp-content/uploads/2026/08/61380.webp,,NOW Foods,Gezondheidsproducten,NOW4109
52354,L-Tyrosine Extra Strength 750 mg (90 Vcaps),750 mg L-Tyrosine Ondersteunt mentale alertheid Farmaceutische kwaliteit,in stock,new,26.84 EUR,,https://thehealthhouse.nl/product/l-tyrosine-extra-strength-750-mg-90-vcaps/,https://thehealthhouse.nl/wp-content/uploads/2026/08/61377.webp,,NOW Foods,EAA,NOW3102
52356,L-Tryptophan Double Strength 1000 mg (60 Tabl),Stimuleert een positieve stemming* Bevordert een goede nachtrust* 1000mg per tablet,in stock,new,43.34 EUR,,https://thehealthhouse.nl/product/l-tryptophan-double-strength-1000-mg-60-tabl/,https://thehealthhouse.nl/wp-content/uploads/2026/08/61374.jpg,,NOW Foods,Nachtrust en herstel,NOW3113
52358,Echinacea 400mg (100 Veggi Caps),Ondersteuning van het immuunsysteem Purpurea-wortel Vegetarisch / Veganistisch Botanicals / Kruiden 100 Veggi Capsules,in stock,new,21.34 EUR,,https://thehealthhouse.nl/product/echinacea-400mg-100-veggi-caps/,https://thehealthhouse.nl/wp-content/uploads/2026/08/61351.webp,,NOW Foods,Gezondheidsproducten,NOW4131-100
52360,Now Sports ZMA® (180 Vcaps),Now Sports ZMA® in een ruime verpakking met 180 vegetarische capsules.,in stock,new,59.84 EUR,,https://thehealthhouse.nl/product/now-sports-zma-180-vcaps/,https://thehealthhouse.nl/wp-content/uploads/2026/08/61339.webp,,NOW Foods,ZMA,NOW8105-180
52362,DY White The Creatine Complex (316 gram),"6000 mg Creatine 1000 mg Beta-Alanine 500 mg Taurine Verkrijgbaar in 2 smaken: Orange, Perzik",in stock,new,32.34 EUR,,https://thehealthhouse.nl/product/dy-white-the-creatine-complex-316-gram/,https://thehealthhouse.nl/wp-content/uploads/2026/08/61227.jpg,,Dorian Yates,Creatine,DYA-7002
52364,Adrenal Energy Formula (120 Veggi Caps),Adrenal Energy Formula in 120 glutenvrije Veggi Caps voor je dagelijkse supplementenroutine.,in stock,new,70.84 EUR,,https://thehealthhouse.nl/product/adrenal-energy-formula-120-veggi-caps/,https://thehealthhouse.nl/wp-content/uploads/2026/08/60564.jpg,,Life Extension,Gezondheidsproducten,LEX4116-120
52366,Adrenal Energy Formula (60 Veggi Caps),Adrenal Energy Formula met 60 glutenvrije Veggi Caps in een compactere verpakking.,in stock,new,37.84 EUR,,https://thehealthhouse.nl/product/adrenal-energy-formula-60-veggi-caps/,https://thehealthhouse.nl/wp-content/uploads/2026/08/60560.jpg,,Life Extension,Gezondheidsproducten,LEX4116-60
52368,Cortisol-Stress Balance (30 Veggi Caps),Glutenvrij 1 Dagelijks Non GMO LE gecertificeerd Brengt de reactie van cortisol op stress in evenwicht Voedingssupplement,in stock,new,70.84 EUR,,https://thehealthhouse.nl/product/cortisol-stress-balance-30-veggi-caps/,https://thehealthhouse.nl/wp-content/uploads/2026/08/60556.jpg,,Life Extension,Gezondheidsproducten,LEX4115-30
52370,Liver Refresh (180 Vcaps),Liver Refresh is een voedingssupplement in een verpakking met 180 Vcaps.,in stock,new,59.84 EUR,,https://thehealthhouse.nl/product/liver-refresh-180-vcaps/,https://thehealthhouse.nl/wp-content/uploads/2026/08/60547.webp,,NOW Foods,Liver Support,NOW4301-180
52374,Glucomannan 575mg (180 Vcaps),575 mg – van Konjac Root Ondersteunt een gezond cholesterolgehalte dat al binnen het gezonde bereik ligt* Ondersteunt regelmaat* Kan helpen bij gewichtsverlies,in stock,new,32.34 EUR,,https://thehealthhouse.nl/product/glucomannan-575mg-180-vcaps/,https://thehealthhouse.nl/wp-content/uploads/2026/08/60740.webp,,NOW Foods,Fatburners,NOW4153
52376,Inositol Powder (113 gram),Cellulaire gezondheid Ondersteunt een gezonde membraanfunctie* Myo-inositol vorm Positieve invloed op de lever Inhoud 113 gram,in stock,new,26.84 EUR,,https://thehealthhouse.nl/product/inositol-powder-113-gram/,https://thehealthhouse.nl/wp-content/uploads/2026/08/60737.webp,,NOW Foods,Gezondheidsproducten,NOW4005-1
52378,Active C 1000 mg vitamin C (60 veggi caps),1000mg PureWay-C® Vitamine C Verrijkt met acerola (Malpighia glabra) fruitextract Een Anti-Oxidante werking 60 Vegetarische capsules,in stock,new,19.14 EUR,,https://thehealthhouse.nl/product/active-c-1000-mg-vitamin-c-60-veggi-caps/,https://thehealthhouse.nl/wp-content/uploads/2026/08/60828.jpg,,Osavi,Vitamines,OSA4201-60
52380,Active Creatine Monohydrate (300 gram),100% Pure Creatine Monohydraat 300 gram / circa 100 doseringen,in stock,new,32.34 EUR,,https://thehealthhouse.nl/product/active-creatine-monohydrate-300-gram/,https://thehealthhouse.nl/wp-content/uploads/2026/08/60259.jpg,,Sunwarrior,Creatine,SUW7001-3
52382,Active MCT Oil Powder (360gr),Metabolisme stimuleren Verbeteren van de cognitieve functie Verminderen van lactaïde opbouw Bevorderen van energie Verbeteren van de opname van voedingsstoffen,in stock,new,37.84 EUR,,https://thehealthhouse.nl/product/active-mct-oil-powder-360gr/,https://thehealthhouse.nl/wp-content/uploads/2026/08/60262.jpg,,Sunwarrior,Fatburners,SUW6001
52384,Dorian Yates Legacy Shaker (500ml),Capaciteit 500ml Zeef voor beter mengen Vaatwasmachinebestendig BPA-vrij,in stock,new,11.44 EUR,,https://thehealthhouse.nl/product/dorian-yates-legacy-shaker-500ml/,https://thehealthhouse.nl/wp-content/uploads/2026/08/60131.jpg,,Dorian Yates,Gear,A-DYA501
52386,Lecithin 1200 mg (100 Softgels),Natuurlijk voorkomende fosfatidylcholine Ondersteunt de hersen- en zenuwfunctie*,in stock,new,21.34 EUR,,https://thehealthhouse.nl/product/lecithin-1200-mg-100-softgels/,https://thehealthhouse.nl/wp-content/uploads/2026/08/60044.webp,,NOW Foods,Gezondheidsproducten,NOW4526-100
52388,Now Foods DMAE 250mg (100 veggi caps),"Dimethylaminoethanol Ondersteunt de productie van neurotransmitters* Goed voor geheugen, concentratie en leervermogen",in stock,new,26.84 EUR,,https://thehealthhouse.nl/product/now-foods-dmae-250mg-100-veggi-caps/,https://thehealthhouse.nl/wp-content/uploads/2026/08/60038.webp,,NOW Foods,Gezondheidsproducten,NOW4147-100
52390,Applied Nutrition Critical Oats (600 gram),"Perfect ontbijt of tussendoortje voor onderweg Met 3 g MCT-poeder per portie Perfect te mengen met warm en koud water/melk Levert een hoog gehalte aan eiwitten en BCAA&#8217;s Halal-gecertificeerd product Inclusief ISO-XP-eiwitisolaat",in stock,new,26.84 EUR,,https://thehealthhouse.nl/product/applied-nutrition-critical-oats-600-gram/,https://thehealthhouse.nl/wp-content/uploads/2026/08/59995.jpg,,Applied Nutrition,Eiwitrepen > Eiwitten,APN1206-6
52392,Applied Nutrition Cream of Rice (1kg),Applied Nutrition Cream of Rice: vegan en halal rijstproduct van 1 kg met 33 porties.,in stock,new,21.34 EUR,,https://thehealthhouse.nl/product/applied-nutrition-cream-of-rice-1kg/,https://thehealthhouse.nl/wp-content/uploads/2026/08/59982.jpg,,Applied Nutrition,Eiwitten > Eiwitten Vegan,APN1501-1
52394,Guarana Powder (100 gram),1 gram guarana-extract per portie (100 porties) Elke portie guarana bevat 220 mg natuurlijke cafeïne 1000 mg Guarana per schep (inbegrepen) 100 gram guarana poeder per verpakking,in stock,new,37.84 EUR,,https://thehealthhouse.nl/product/guarana-powder-100-gram/,https://thehealthhouse.nl/wp-content/uploads/2026/08/59838.jpg,,Nutricost,Pre Workout,NCS6001
52398,Stacker2 100% Whey (2000 gr),"Jouw basis voor optimale spiergroei Bevat alleen wei met de hoogste biologische waarde Hoog in natuurlijk beschikbare BCAA-waarden Geen toegevoegde suikers en vrij van aspartaam Lost volledig op, geen klontjes Een heerlijke (romige) shake, verkrijgbaar in 6 smaken",in stock,new,92.84 EUR,,https://thehealthhouse.nl/product/stacker2-100-whey-2000-gr/,https://thehealthhouse.nl/wp-content/uploads/2026/08/59592.jpg,,Stacker2,Eiwitten,STC1001-2
52400,"Omega-3 Fish Oil, Molecularly Destilled (200 Fish Softgels)",1.000 mg visolie per softgel 180 EPA / 120 DHA per Softgel In visgelatine softgel,in stock,new,30.14 EUR,,https://thehealthhouse.nl/product/omega-3-fish-oil-molecularly-destilled-200-fish-softgels/,https://thehealthhouse.nl/wp-content/uploads/2026/08/59586.webp,,NOW Foods,Vitamines,NOW4504-200
52402,Magnesium Citrate Softgels (90 softgels),"Magnesiumcitraat in zachte softgels, verpakt per 90 stuks.",in stock,new,26.84 EUR,,https://thehealthhouse.nl/product/magnesium-citrate-softgels-90-softgels/,https://thehealthhouse.nl/wp-content/uploads/2026/08/59513.webp,,NOW Foods,Vitamines,NOW4310-90
52404,Maca 750mg Raw (90 Veggi Caps),Libido verhogend* Voor mannen en vrouwen Populaire bij sporters 750mg per capsule,in stock,new,33.44 EUR,,https://thehealthhouse.nl/product/maca-750mg-raw-90-veggi-caps/,https://thehealthhouse.nl/wp-content/uploads/2026/08/59506.webp,,NOW Foods,Test boosters,NOW4199
52406,Kre-Alkalyn® Creatine (120 vcaps),Verhoogt kracht en uithouding 1500 mg per dosering (2 capsules) Gebufferde pH-stabiel 120 Veggi capsules,in stock,new,37.84 EUR,,https://thehealthhouse.nl/product/kre-alkalyn-creatine-120-vcaps/,https://thehealthhouse.nl/wp-content/uploads/2026/08/59499.jpg,,NOW Foods,Creatine,NOW7101-120
52408,GABA Pure Powder (170gr),500 mg GABA dosering Aminozuur dat wordt gemaakt uit glutamaat Populair bij fitness en bodybuilding Circa 340 doseringen (1/4 theelepel),in stock,new,26.84 EUR,,https://thehealthhouse.nl/product/gaba-pure-powder-170gr/,https://thehealthhouse.nl/wp-content/uploads/2026/08/59493.webp,,NOW Foods,Nachtrust en herstel,NOW3001
52410,Adam Superior Men’s Multi (180 Softgels),"Met Saw Palmetto, Plantensterolen, Lycopeen &#038; CoQ10 Zachter en gemakkelijker te slikken en te absorberen Speciaal voor de man Verkrijgbaar in 180 softgels",in stock,new,81.84 EUR,,https://thehealthhouse.nl/product/adam-superior-mens-multi-180-softgels/,https://thehealthhouse.nl/wp-content/uploads/2026/08/59481.webp,,NOW Foods,Vitamines,NOW4333-180
52412,Thyroid T-3 (60 Caps),Snel vet verbranden Stimulant vrij Voedingssupplement Ontworpen om een traag metabolisme veroorzaakt door een dieet te helpen Originele Formule 60 capsules,in stock,new,37.84 EUR,,https://thehealthhouse.nl/product/thyroid-t-3-60-caps/,https://thehealthhouse.nl/wp-content/uploads/2026/08/59477.jpg,,Absolute Nutrition,Fatburners,ABS5201-60
52414,SmartShake Ultimate Jug Black (2100ml),Easy-grip handvat voor moeiteloos gebruik Brede opening en gebogen bodem maken opruimen veel gemakkelijker Maateenheden gegraveerd op de zijkant 100% gegarandeerd door onze SmartShake-garantie™. Vaatwasmachinebestendig Inhoud 2.1L,in stock,new,21.34 EUR,,https://thehealthhouse.nl/product/smartshake-ultimate-jug-black-2100ml/,https://thehealthhouse.nl/wp-content/uploads/2026/08/59463.jpg,,Smartshake,Gear,A-SMS510-BL
52416,ISOACTIVE Isotone drank (20 x 31.5g),"Een optimale samenstelling van koolhydraten, elektrolyten en vitamines Een ideale combinatie van functie en smaak Een gunstige invloed van vitamines uit de B-groep op energetische processen Plantenextracten die het lichaam ondersteunen bij fysieke inspanning Verkrijgbaar in verschillende smaken Verkrijgbaar in 20 sachets van elk 31,5 gram Goede oplosbaarheid",in stock,new,21.34 EUR,,https://thehealthhouse.nl/product/isoactive-isotone-drank-20-x-31-5g/,https://thehealthhouse.nl/wp-content/uploads/2026/08/59242.jpg,,ActivLab,Elektrolyten,ACL6001-1
52420,Respir-All™ (60 tabs),"Met quercetine, vitamine C, brandnetelextract en bromelaïne Nieuwe ovale tabletten",in stock,new,43.34 EUR,,https://thehealthhouse.nl/product/respir-all-60-tabs/,https://thehealthhouse.nl/wp-content/uploads/2026/08/59151.webp,,NOW Foods,Gezondheidsproducten,NOW4251
52422,Magnesium Glycinate (180 tabs),"Goed opneembare vorm Ondersteunt gezonde spier-, zenuw- en hartfuncties* 180 tabletten",in stock,new,43.34 EUR,,https://thehealthhouse.nl/product/magnesium-glycinate-180-tabs/,https://thehealthhouse.nl/wp-content/uploads/2026/08/59147.webp,,NOW Foods,Joints / Gewrichten,NOW4252
52424,Grassfed Collagen Peptiden + Vitamin C & Biotin (270 tabl),"Collageen Type 1 &#038; 3 | Vitamine C | Biotine 6 g collageen per portie Voor een gezonde huid, haar, nagels en gewrichtsondersteuning Voedingssupplement Keto-gecertificeerd Glutenvrij Gras gevoerd Igen™ Non-GMO Getest 270 tabletten (45 doseringen)",in stock,new,54.34 EUR,,https://thehealthhouse.nl/product/grassfed-collagen-peptiden-vitamin-c-biotin-270-tabl/,https://thehealthhouse.nl/wp-content/uploads/2026/08/59043.jpg,,NeoCell,Joints / Gewrichten,NEC1201-270
52426,DY Creatine Monohydrate (300 gram),Toename in Kracht Verbeterd uithoudingsvermogen 100% Creatine Ruim 100 doseringen (3 gram p. dosering),in stock,new,32.34 EUR,,https://thehealthhouse.nl/product/dy-creatine-monohydrate-300-gram/,https://thehealthhouse.nl/wp-content/uploads/2026/08/58948.jpg,,Dorian Yates,Creatine,DYA-7001-3
52428,Oat King Protein Pancakes Original Flavour (500 gr),Originele Oat King® Eiwitpannenkoekjes Eiwitrijk tussendoortje Hele haver + wei-eiwit + caseïne Slechts 1 gram suiker Gemakkelijke voorbereiding Gemakkelijk te mengen en te bereiden Verbetert de dagelijkse eiwitinname,in stock,new,32.34 EUR,,https://thehealthhouse.nl/product/oat-king-protein-pancakes-original-flavour-500-gr/,https://thehealthhouse.nl/wp-content/uploads/2026/08/57581.jpg,,LSP,Food,LSP9501
52440,USN Tornado Shaker Blue (700ml),"Uniek systeem, stimuleert draaikolk Breed mondstuk voor makkelijk drinken Stevige schroefdop met afdichting Met extra compartiment 100% BPA-vrij en vaatwasmachinebestendig Handig voor gebruik tijdens of na een training/wedstrijd Transparant, 700 ml",in stock,new,15.84 EUR,,https://thehealthhouse.nl/product/usn-tornado-shaker-blue-700ml/,https://thehealthhouse.nl/wp-content/uploads/2026/08/57742.jpg,,USN,Gear,A-USN505
52442,"Alka Mineralen, Basische Mineralen Complex (100 V-caps)","Draagt bij ter ondersteuning van een gezond zuur-base evenwicht 1 Ondersteunt het immuunsysteem 1,2,3,4 Calcium en magnesium uit zuiver gecalcificeerd zeewier",in stock,new,32.40 EUR,,https://thehealthhouse.nl/product/alka-mineralen-basische-mineralen-complex-100-v-caps/,https://thehealthhouse.nl/wp-content/uploads/2026/08/57461.jpg,,Alka,Liver Support,ALK5202-1
52446,"Alka Bad, Basisch Badzout pH 8,5 (2400 gram)","Basisch badzout met pH 8,5 in een royale verpakking van 2400 gram.",in stock,new,52.20 EUR,,https://thehealthhouse.nl/product/alka-bad-basisch-badzout-ph-85-2400-gram/,https://thehealthhouse.nl/wp-content/uploads/2026/08/32984.jpg,,Alka,Liver Support,ALK5801-2400
52448,SmartShake Double Wall (750ml),Dubbele isolerende wand Vaatwasser bestendig Lekvrij Duurzaam 750 ml inhoud Verkrijgbaar in 4 prints,in stock,new,15.84 EUR,,https://thehealthhouse.nl/product/smartshake-double-wall-750ml/,https://thehealthhouse.nl/wp-content/uploads/2026/08/56285.jpg,,Smartshake,Gear,A-SMS508
52450,DY Whey Complex Tempro (2270gr),Bevat 5 hoogwaardige eiwitbronnen Bevat spijsverteringsenzymen Ondersteunt de spiergroei Draagt ​​bij aan een snel herstel Superieure kwaliteit: Verkrijgbaar 7 top smaken,in stock,new,92.84 EUR,,https://thehealthhouse.nl/product/dy-whey-complex-tempro-2270gr/,https://thehealthhouse.nl/wp-content/uploads/2026/08/56161.jpg,,Dorian Yates,Eiwitten,DYA1001
52452,"Methyl Folate 1,000 mcg (90 tabl)",Co-enzym B-vitamine Metabolisch actief foliumzuur* Superieure biologische beschikbaarheid,in stock,new,30.14 EUR,,https://thehealthhouse.nl/product/methyl-folate-1000-mcg-90-tabl/,https://thehealthhouse.nl/wp-content/uploads/2026/08/56156.webp,,NOW Foods,Gezondheidsproducten,NOW4244
52454,Big Grip No Lifting Straps,"De Harbinger Big Grip No Lifting Straps is een stabilisator die je meer grip geeft, waardoor je met zwaardere gewichten kunt tillen en je intensiever kunt trainen.",in stock,new,23.54 EUR,,https://thehealthhouse.nl/product/big-grip-no-lifting-straps/,https://thehealthhouse.nl/wp-content/uploads/2026/08/8192.jpg,,Harbinger Fitness,Gear,T-HBI202-BGNLS
52456,Nattokinase 2.000 FU (120 Caps),"2,000 FU per portie 100 mg Natto extract per capsule 100% puur Nattokinase enzym Voedingssupplement Nutricost® gegarandeerde kwaliteit Vegetarisch product 120 doseringen",in stock,new,37.84 EUR,,https://thehealthhouse.nl/product/nattokinase-2-000-fu-120-caps/,https://thehealthhouse.nl/wp-content/uploads/2026/08/55875.jpg,,Nutricost,Gezondheidsproducten,NCS4113
52458,"Lion’s Mane Mushroom, 2100mg (90 Caps)","Lion’s Mane Mushroom in vegetarische, biologische capsules: 2100 mg en 90 capsules.",in stock,new,37.84 EUR,,https://thehealthhouse.nl/product/lions-mane-mushroom-2100mg-90-caps/,https://thehealthhouse.nl/wp-content/uploads/2026/08/55871.jpg,,Nutricost,Gezondheidsproducten,NCS4114
52460,Harbinger Training Grip WW 2.0 Blue,"Comfortabele 4-weg stretchstof op de achterkant van de hand voor volledige bewegingsvrijheid Ontworpen voor gemakkelijk verwijderen met geïntegreerde vinger labels Veilige pasvorm met klittenband polsbevestiging Verkrijgbare maten: S, M, L, XL",in stock,new,43.34 EUR,,https://thehealthhouse.nl/product/harbinger-training-grip-ww-2-0-blue/,https://thehealthhouse.nl/wp-content/uploads/2026/08/55711.jpg,,Harbinger Fitness,Gear,T-HBI215
52462,Harbinger Red Line Wrist Wraps 18 inch – Camo,Het onderscheidend elastiek van Red Line wedstrijdkwaliteit maximaliseert de stabiliteit en ondersteuning van de pols Verlengde lengte van 18 inch voor sterke ondersteuning en polsstabiliteit Duim lus bevestigt de wrap op de hand Volledig verstelbare sluiting,in stock,new,26.84 EUR,,https://thehealthhouse.nl/product/harbinger-red-line-wrist-wraps-18-inch-camo/,https://thehealthhouse.nl/wp-content/uploads/2026/08/55704.jpg,,Harbinger Fitness,Gear,T-HBI105-RWW-CA
52464,Harbinger Pro WW 2.0 Unisex Black,"Ontworpen voor gemakkelijk verwijderen met geïntegreerde vinger labels Veilige pasvorm met verstelbare klittenband polsbevestiging Verkrijgbare maten: S, M, L, XL",in stock,new,37.84 EUR,,https://thehealthhouse.nl/product/harbinger-pro-ww-2-0-unisex-black/,https://thehealthhouse.nl/wp-content/uploads/2026/08/55696.jpg,,Harbinger Fitness,Gear,T-HBI214
52466,Fenugreek 1350mg (240 Caps),1350 mg per portie (2 capsules) Voedingssupplement Nutricost® Kwaliteit Gegarandeerd Fenegriek helpt de spijsvertering en draagt bij aan een gezonde bloedsuikerspiegel* 240 capsules/120 doseringen,in stock,new,37.84 EUR,,https://thehealthhouse.nl/product/fenugreek-1350mg-240-caps/,https://thehealthhouse.nl/wp-content/uploads/2026/08/54477.jpg,,Nutricost,Gezondheidsproducten,NCS4112
52468,Tribulus 1500mg (120 Caps),"Tribulus 1500 mg in capsulevorm, met 120 capsules per verpakking.",in stock,new,26.84 EUR,,https://thehealthhouse.nl/product/tribulus-1500mg-120-caps/,https://thehealthhouse.nl/wp-content/uploads/2026/08/54374.jpg,,Nutricost,Test boosters,NCS8201-120
52472,DIM 300 Diindolylmethane (120 Caps),Diindolylmethaan 300 mg per portie Voedingssupplement Nutricost® Kwaliteit Gegarandeerd Vegetarisch product 120 Caps per verpakking,in stock,new,54.34 EUR,,https://thehealthhouse.nl/product/dim-300-diindolylmethane-120-caps/,https://thehealthhouse.nl/wp-content/uploads/2026/08/54359.jpg,,Nutricost,Vitamines,NCS4312
52474,Ashwagandha Root Extract 600mg (120 Caps),600 mg Ashwagandha per capsule Nutricost® Kwaliteit Gegarandeerd Inhoud 120 capsules Vegetarisch product,in stock,new,37.84 EUR,,https://thehealthhouse.nl/product/ashwagandha-root-extract-600mg-120-caps/,https://thehealthhouse.nl/wp-content/uploads/2026/08/54231.jpg,,Nutricost,Vitaliteit,NCS4110-120
52476,KSM-66® Ashwagandha Root Extract 600mg (60 Vcaps),600 mg per dosering Nutricost® Kwaliteit Gegarandeerd 5% withanolides (30 mg per capsule) BioPerine voor een betere absorptie 60 Vegetarische Capsules,in stock,new,37.84 EUR,34.54 EUR,https://thehealthhouse.nl/product/ksm-66-ashwagandha-root-extract-600mg-60-vcaps/,https://thehealthhouse.nl/wp-content/uploads/2026/08/54234.jpg,,Nutricost,Vitaliteit,NCS4111-60
52478,Pregnenolone 10mg (120 Caps),Pregnenolone 10mg: vegetarisch voedingssupplement met 120 capsules in de laagste variant uit de reeks.,in stock,new,43.34 EUR,,https://thehealthhouse.nl/product/pregnenolone-10mg-120-caps/,https://thehealthhouse.nl/wp-content/uploads/2026/08/54244.jpg,,Nutricost,Nachtrust en herstel,NCS8201
52480,Pregnenolone 30mg (120 Caps),Pregnenolone 30mg met 120 vegetarische capsules voor een dosering van 30 mg per capsule.,in stock,new,48.84 EUR,,https://thehealthhouse.nl/product/pregnenolone-30mg-120-caps/,https://thehealthhouse.nl/wp-content/uploads/2026/08/54250.jpg,,Nutricost,Nachtrust en herstel,NCS8202
52482,Pregnenolone 50mg (120 Caps),Pregnenolone 50mg in een pot met 120 vegetarische capsules — de 50 mg-variant.,in stock,new,54.34 EUR,,https://thehealthhouse.nl/product/pregnenolone-50mg-120-caps/,https://thehealthhouse.nl/wp-content/uploads/2026/08/54253.jpg,,Nutricost,Nachtrust en herstel,NCS8203
52484,Acetyl L-Carnitine 500mg (180 caps),500mg per capsule Acetyl L-Carnitine is een niet-essentieel aminozuur Best opneembare vorm van Carnitine Voedingssupplement Nutricost® Kwaliteit Gegarandeerd Getest door derden GMP-conforme faciliteit Niet-GGO-product,in stock,new,48.84 EUR,,https://thehealthhouse.nl/product/acetyl-l-carnitine-500mg-180-caps/,https://thehealthhouse.nl/wp-content/uploads/2026/08/54325.jpg,,Nutricost,Fatburners,NCS5110
52486,Pregnenolone 100mg (120 Caps),"Pregnenolone 100mg: de hoogste sterkte uit de reeks, met 120 vegetarische capsules.",in stock,new,70.84 EUR,,https://thehealthhouse.nl/product/pregnenolone-100mg-120-caps/,https://thehealthhouse.nl/wp-content/uploads/2026/08/54256.jpg,,Nutricost,Nachtrust en herstel,NCS8204
52488,CLA 2400mg (240 Softgels),CLA 2400 mg in 240 glutenvrije softgels voor een extra ruime voorraad.,in stock,new,48.84 EUR,,https://thehealthhouse.nl/product/cla-2400mg-240-softgels/,https://thehealthhouse.nl/wp-content/uploads/2026/08/54328.jpg,,Nutricost,Fatburners,NCS5501-240
52490,CLA 2400mg (120 Softgels),Glutenvrije CLA 2400 mg softgels in een verpakking van 120 stuks.,in stock,new,37.84 EUR,,https://thehealthhouse.nl/product/cla-2400mg-120-softgels/,https://thehealthhouse.nl/wp-content/uploads/2026/08/54331.jpg,,Nutricost,Fatburners,NCS5501-120
52492,Stacker2 100% Caseïne (900 gr),"De basis van continue spiergroei terwijl je lichaam in rust is Langdurige bescherming tegen spierafbraak &#8216;s nachts 100% caseïne, 80% eiwitten (24 gram eiwitten per shake) Volledig oplosbaar in water, zonder klontjes Een heerlijke, romige shake Bevat geen toegevoegde suikers",in stock,new,43.34 EUR,,https://thehealthhouse.nl/product/stacker2-100-caseine-900-gr/,https://thehealthhouse.nl/wp-content/uploads/2026/08/53961.jpg,,Stacker2,Eiwitten > Eiwitten Caseine,STC1401-9
52494,"Full Spectrum Lion’s Mane Mushroom, 500mg (60 Caps)",Verhoogt antioxiderende activiteit. Behoudt een gevoel van kalmte Ondersteunt een evenwichtige mentale en algehele gezondheid,in stock,new,21.34 EUR,,https://thehealthhouse.nl/product/full-spectrum-lions-mane-mushroom-500mg-60-caps/,https://thehealthhouse.nl/wp-content/uploads/2026/08/53976.jpg,,Sunwarrior,Gezondheidsproducten,SWA4115
52496,Brain Elevate™ (60 Vcaps),"Cognitieve functie Met Ginkgo Biloba, RoseOx® en Fosfatidyl Serine Vrije radicalenvangers en neuronale voedingsstoffen 60 Vegetarische capsules",in stock,new,32.34 EUR,,https://thehealthhouse.nl/product/brain-elevate-60-vcaps/,https://thehealthhouse.nl/wp-content/uploads/2026/08/53902.webp,,NOW Foods,Nachtrust en herstel,NOW4159
52500,Red Yeast Rice 600mg (60 Vcaps),Red Yeast Rice 600mg: biologische en vegetarische Vcaps in een pot van 60 capsules.,in stock,new,23.54 EUR,,https://thehealthhouse.nl/product/red-yeast-rice-600mg-60-vcaps/,https://thehealthhouse.nl/wp-content/uploads/2026/08/53910.webp,,NOW Foods,Gezondheidsproducten,NOW4158-60
52502,DIM met Calcium D-Glucarate (60 Caps),Uitgebreide formule met 325 mg DIM Met Calcium D-Glucarate 250mg Geschikt voor mannen en vrouwen 30 doseringen,in stock,new,32.34 EUR,,https://thehealthhouse.nl/product/dim-met-calcium-d-glucarate-60-caps/,https://thehealthhouse.nl/wp-content/uploads/2026/08/75150.jpg,,5% Nutrition,Vitamines,RPI4212
52506,Animal Water Jug (1.5l),1500 ml Gegarandeerd lekvrij Semi-transparante waterfles Hoge kwaliteit Opdruk ANIMAL Logo,in stock,new,19.14 EUR,,https://thehealthhouse.nl/product/animal-water-jug-1-5l/,https://thehealthhouse.nl/wp-content/uploads/2026/08/4952.jpg,,Animal,Gear,A-UNI505
52520,Alpha Lipoic Acid 250 (60 Veggi Caps),krachtige antioxidant (zowel water- als vet oplosbaar) ondersteunt de leverfunctie van belang voor de energieproductie goed voor hart en bloedvaten,in stock,new,26.84 EUR,,https://thehealthhouse.nl/product/alpha-lipoic-acid-250-60-veggi-caps/,https://thehealthhouse.nl/wp-content/uploads/2026/08/53028.webp,,NOW Foods,Liver Support,NOW4130-60
52522,Chromium Picolinate 200mcg (250 Vcaps),Chromium Picolinate 200mcg in een grote pot met 250 Vcaps.,in stock,new,26.84 EUR,,https://thehealthhouse.nl/product/chromium-picolinate-200mcg-250-vcaps/,https://thehealthhouse.nl/wp-content/uploads/2026/08/53038.webp,,NOW Foods,Fatburners,NOW4145-250
52524,Chitosan 500 mg with Chromium (120 Vcaps),Werkt als een vetblokker Voorkomt dat je lichaam overmatige hoeveelheden vet opneemt Helpt je om niet in gewicht aan te komen als je uit eten gaat of af en toe wilt snacken Helpt bij de verlaging van het cholesterolgehalte 120 Veggi Caps,in stock,new,34.54 EUR,,https://thehealthhouse.nl/product/chitosan-500-mg-with-chromium-120-vcaps/,https://thehealthhouse.nl/wp-content/uploads/2026/08/53033.webp,,NOW Foods,Fatburners,NOW5110-120
52526,L-Lysine 500 (250 tabs),Ondersteunt collageensynthese* Gezonde immuun functie* 250 Vegetarische tabletten,in stock,new,26.84 EUR,,https://thehealthhouse.nl/product/l-lysine-500-250-tabs/,https://thehealthhouse.nl/wp-content/uploads/2026/08/53045.webp,,NOW Foods,EAA,NOW3112-250
52528,Zink Glycinate 30 mg (120 Softgels),30 mg Albion™ TRAACS™ Zink Met 250 mg Pompoenpitolie Gechelateerde vorm in softgels voor superieure biologische beschikbaarheid*,in stock,new,26.84 EUR,,https://thehealthhouse.nl/product/zink-glycinate-30-mg-120-softgels/,https://thehealthhouse.nl/wp-content/uploads/2026/08/53050.webp,,NOW Foods,Vitamines,NOW4334
52532,Lutein & Zeaxanthin (60 softgels),Verbetert de visuele functie 25 mg luteïne + 5 mg zeaxanthine Bescherming tegen blauw licht en maculaire zorg* Verbetert de cognitieve functie* Helpt de slaapkwaliteit te optimaliseren*,in stock,new,43.34 EUR,,https://thehealthhouse.nl/product/lutein-zeaxanthin-60-softgels/,https://thehealthhouse.nl/wp-content/uploads/2026/08/52057.webp,,NOW Foods,Gezondheidsproducten,NOW4317
52534,Senna Leaves 470 mg (100 Veg Caps),Kruiden laxeermiddel Milde werking Ondersteunt regelmaat Gemaakt in GMP gecertificeerde faciliteit,in stock,new,23.54 EUR,,https://thehealthhouse.nl/product/senna-leaves-470-mg-100-veg-caps/,https://thehealthhouse.nl/wp-content/uploads/2026/08/52050.webp,,NOW Foods,Liver Support,NOW4189
52536,Ultra Omega-3 Fish Oil (180 fish gelatin softgels),500 EPA / 250 DHA In visgelatine softgel 1.000 mg visolie per softgel Cardiovasculaire ondersteuning Ondersteunt de gezondheid van de hersenen*,in stock,new,65.34 EUR,,https://thehealthhouse.nl/product/ultra-omega-3-fish-oil-180-fish-gelatin-softgels/,https://thehealthhouse.nl/wp-content/uploads/2026/08/52034.webp,,NOW Foods,Vitamines,NOW4525
52538,GAT TURKESTERONE (60 caps),"Bevat Beta-Cyclodextrine Complex Ondersteund Spiermassa &#038; Herstel Kan helpen de spiergroei te versnellen Ondersteund het Anabolisme Met Zwarte Peper Fruit Extract",in stock,new,54.34 EUR,,https://thehealthhouse.nl/product/gat-turkesterone-60-caps/,https://thehealthhouse.nl/wp-content/uploads/2026/08/52000.jpg,,GAT Sport,Test boosters,GAT-8205
52540,Magnesium & Calcium met Zinc en Vit D3 (250 tabl),Zenuw- en botondersteuning Omgekeerde 2:1-verhouding Met zink en vitamine D-3 250 Tabletten,in stock,new,48.84 EUR,,https://thehealthhouse.nl/product/magnesium-calcium-met-zinc-en-vit-d3-250-tabl/,https://thehealthhouse.nl/wp-content/uploads/2026/08/51970.webp,,NOW Foods,Joints / Gewrichten,NOW4211-250
52542,Valerian Root 500mg (100 Vcaps),500 mg Traditioneel kruid 100 Veggi Caps,in stock,new,21.34 EUR,,https://thehealthhouse.nl/product/valerian-root-500mg-100-vcaps/,https://thehealthhouse.nl/wp-content/uploads/2026/08/51771.webp,,NOW Foods,Nachtrust en herstel,NOW4140-100
52544,Testrol Original (60 tabs),Originele formule Maximaliseer vitaliteit en prestaties Verhoogd libido Maand verpakking,in stock,new,48.84 EUR,,https://thehealthhouse.nl/product/testrol-original-60-tabs/,https://thehealthhouse.nl/wp-content/uploads/2026/08/66429.jpg,,GAT Sport,Test boosters,GAT8102
52548,Panax Ginseng Extract (250 Veggi Caps),Panax Ginseng Extract met 250 Veggi Caps in een extra grote capsuleverpakking.,in stock,new,48.84 EUR,,https://thehealthhouse.nl/product/panax-ginseng-extract-250-veggi-caps/,https://thehealthhouse.nl/wp-content/uploads/2026/08/51156.webp,,NOW Foods,Vitaliteit,NOW4238-250
52550,Gaspari Protein Shaker Blue (500 ml),Heerlijk luchtige shakes Nooit meer knoeien! Handig formaat 500 ml Met zeefje,in stock,new,12.54 EUR,,https://thehealthhouse.nl/product/gaspari-protein-shaker-blue-500-ml/,https://thehealthhouse.nl/wp-content/uploads/2026/08/51097.jpg,,Gaspari Nutrition,Gear,A-GSP502
52552,Shaker Gaspari Crater Cap Blue (770ml),"Inhoud 770 ml Incl. opberg reservoir Speciaal ontworpen meng bol Neemt geen geur op Lekt niet Comfortabele, grote shaker Handig voor onderweg",in stock,new,13.64 EUR,,https://thehealthhouse.nl/product/shaker-gaspari-crater-cap-blue-770ml/,https://thehealthhouse.nl/wp-content/uploads/2026/08/51088.jpg,,Gaspari Nutrition,Gear,A-STC501-1
52554,Premium Gaspari Duffle Bag,Zeer hoogwaardige sporttas Gemaakt van hoogwaardig rip-stop materiaal Verstrekte handgrepen Veel opberg mogelijkheden,in stock,new,59.84 EUR,43.34 EUR,https://thehealthhouse.nl/product/premium-gaspari-duffle-bag/,https://thehealthhouse.nl/wp-content/uploads/2026/08/51082.jpg,,Gaspari Nutrition,Gear,T-GSP401
52556,Pam Cooking Spray Olive Oil (5oz),zonder Vet zonder Calorieën zonder Natrium zonder Bijsmaak zonder Cholesterol bevat extra Virgin olijfolie,in stock,new,21.34 EUR,,https://thehealthhouse.nl/product/pam-cooking-spray-olive-oil-5oz/,https://thehealthhouse.nl/wp-content/uploads/2026/08/50995.jpg,,Pam,Food,PAM5003-OL
52560,Viraloid® (60 Caps),Legendarische natuurlijke testosteronbooster* Stimuleert Libido en Vitaliteit* 100% geproduceerd in de USA 60 Capsules (30 dagen),in stock,new,59.84 EUR,,https://thehealthhouse.nl/product/viraloid-60-caps/,https://thehealthhouse.nl/wp-content/uploads/2026/08/50983.jpg,,Vyotech Nutritionals,Test boosters,VYT8100-60
52562,SmartShake v2 Lite C4 (400ml),"400 ml inhoud Lekvrij en vaatwasser bestendig De lekkerste, klontvrije eiwit shakes Gemaakt voor sporters Handig formaat",in stock,new,11.44 EUR,,https://thehealthhouse.nl/product/smartshake-v2-lite-c4-400ml/,https://thehealthhouse.nl/wp-content/uploads/2026/08/4916.jpg,,Cellucor,Gear,A-CEL501
52566,Vaso Grow™ (125 caps),"De speciale tabletten werken 24/7 Werkt vanaf de eerste dag Enorm krachtig, te heftig voor beginners Stimulant vrij 125 caps (25 doseringen)",in stock,new,43.34 EUR,,https://thehealthhouse.nl/product/vaso-grow-125-caps/,https://thehealthhouse.nl/wp-content/uploads/2026/08/5341.jpg,,DEDICATED,Pre Workout,DDC3201
52568,Niacin 500mg Flush Free Double Strength (180 Veg Capsules),Niacin 500mg Flush Free Double Strength met 180 vegetarische capsules.,in stock,new,54.34 EUR,,https://thehealthhouse.nl/product/niacin-500mg-flush-free-double-strength-180-veg-capsules/,https://thehealthhouse.nl/wp-content/uploads/2026/08/49651.webp,,NOW Foods,Vitamines,NOW4197-180
52578,Triple Magnesium Complex 400mg (300 Caps),"Triple Magnesium Complex van 400 mg, met 300 capsules per verpakking.",in stock,new,37.84 EUR,,https://thehealthhouse.nl/product/triple-magnesium-complex-400mg-300-caps/,https://thehealthhouse.nl/wp-content/uploads/2026/08/48033.jpg,,Sunwarrior,Joints / Gewrichten,SWA4110-300
52580,Pau d’Arco 500mg (250 Veg Capsules),500 mg binnen schors Traditioneel gebruikt voor eeuwen Ondersteund natuurlijke weerstand 250 Veggi caps,in stock,new,37.84 EUR,,https://thehealthhouse.nl/product/pau-darco-500mg-250-veg-capsules/,https://thehealthhouse.nl/wp-content/uploads/2026/08/47996.webp,,NOW Foods,Gezondheidsproducten,NOW4196-250
52582,Pau d’Arco 500mg (100 Veg Capsules),500 mg binnen schors Traditioneel gebruikt voor eeuwen Ondersteund natuurlijke weerstand 100 Veggi caps,in stock,new,21.34 EUR,,https://thehealthhouse.nl/product/pau-darco-500mg-100-veg-capsules/,https://thehealthhouse.nl/wp-content/uploads/2026/08/47993.jpg,,NOW Foods,Gezondheidsproducten,NOW4196-100
52584,Saw Palmetto Extract 160mg (120 Softgels),Ondersteunt een gezonde prostaatfunctie 120 Softgels,in stock,new,37.84 EUR,,https://thehealthhouse.nl/product/saw-palmetto-extract-160mg-120-softgels/,https://thehealthhouse.nl/wp-content/uploads/2026/08/47558.webp,,NOW Foods,Vitamines,NOW4336
52586,Stacker2 Whey Isolate (1500 gr),"Stacker2 Whey Isolate in 1500 gram, met BCAA en glutamine.",in stock,new,92.84 EUR,,https://thehealthhouse.nl/product/stacker2-whey-isolate-1500-gr/,https://thehealthhouse.nl/wp-content/uploads/2026/08/47546.jpg,,Stacker2,Eiwitten > Eiwitten Isolaat,STC1301-15
52588,Stacker2 Whey Isolate (750 gr),"Stacker2 Whey Isolate in 750 gram, met BCAA en glutamine.",in stock,new,59.84 EUR,,https://thehealthhouse.nl/product/stacker2-whey-isolate-750-gr/,https://thehealthhouse.nl/wp-content/uploads/2026/08/47536.jpg,,Stacker2,Eiwitten > Eiwitten Isolaat,STC1301-7
52592,Pure Creatine Monohydrate Powder (500 gram),Puur creatine monohydraatpoeder in een biologische verpakking van 500 gram.,in stock,new,43.34 EUR,,https://thehealthhouse.nl/product/pure-creatine-monohydrate-powder-500-gram/,https://thehealthhouse.nl/wp-content/uploads/2026/08/47268.jpg,,USN,Creatine,USN7001-5
52594,Amino Complete (120 Vcaps),Proteïne mix 20 aminozuren Met vitamine B-6 Makkelijk te slikken 120 Vegetarische Capsules,in stock,new,26.84 EUR,,https://thehealthhouse.nl/product/amino-complete-120-vcaps/,https://thehealthhouse.nl/wp-content/uploads/2026/08/47340.jpg,,NOW Foods,EAA,NOW3120-120
52596,Buttery Cinnamon Roll Topper (150 gram),"Zoete hartige smaakmaker Heerlijk in Smoothies of Havermout Vrij van conserveringsmiddelen Gewoon pure, schone smaak! 150 gram (200 doseringen)",in stock,new,20.24 EUR,,https://thehealthhouse.nl/product/buttery-cinnamon-roll-topper-150-gram/,https://thehealthhouse.nl/wp-content/uploads/2026/08/47329.jpg,,FlavorGod,Food,FLG9401-BCR
52598,Glycine 1000 mg (100 Vcaps),"Farmaceutische kwaliteit, vrije vorm Bevordert een rustgevende slaap* Ondersteuning van het zenuwstelsel*",in stock,new,26.84 EUR,,https://thehealthhouse.nl/product/glycine-1000-mg-100-vcaps/,https://thehealthhouse.nl/wp-content/uploads/2026/08/47255.webp,,NOW Foods,Nachtrust en herstel,NOW3202
52600,Glycine Pure Powder (454 gram),Bevordert een rustgevende slaap* Ondersteuning van het zenuwstelsel* Farmaceutische kwaliteit,in stock,new,43.34 EUR,,https://thehealthhouse.nl/product/glycine-pure-powder-454-gram/,https://thehealthhouse.nl/wp-content/uploads/2026/08/47250.webp,,NOW Foods,Nachtrust en herstel,NOW3003
52602,Arlberger Murmelin® Franzbranntwein (1000ml),"Met Bergdenolie, Menthol en Arnica-extract Bevordert de regeneratie na het sporten Stimuleert de bloedsomloop 65 % vol. Alcohol Verkrijgbaar in 250, 500 en 1000 ml flacon",in stock,new,37.84 EUR,,https://thehealthhouse.nl/product/arlberger-murmelin-franzbranntwein-1000ml/,https://thehealthhouse.nl/wp-content/uploads/2026/08/47154.jpg,,BANO Healthcare,Joints / Gewrichten,BAN5502-1000
52604,Arlberger Murmelin® Franzbranntwein (500ml),Arlberger Murmelin® Franzbranntwein in een fles van 500 ml.,in stock,new,26.84 EUR,,https://thehealthhouse.nl/product/arlberger-murmelin-franzbranntwein-500ml/,https://thehealthhouse.nl/wp-content/uploads/2026/08/47150.jpg,,BANO Healthcare,Joints / Gewrichten,BAN5502-500
52606,Arlberger Murmelin® Franzbranntwein (250ml),Arlberger Murmelin® Franzbranntwein in een fles van 250 ml.,in stock,new,20.24 EUR,,https://thehealthhouse.nl/product/arlberger-murmelin-franzbranntwein-250ml/,https://thehealthhouse.nl/wp-content/uploads/2026/08/47146.jpg,,BANO Healthcare,Joints / Gewrichten,BAN5502-250
52608,The Curse Glutamine (300 gr),"5 gram l-glutamine per portie 60 porties per verpakking Geen kunstmatige kleur-, toevoegings- of kunstmatige smaakstoffen Glutenvrij en Vegan vriendelijk",in stock,new,32.34 EUR,,https://thehealthhouse.nl/product/the-curse-glutamine-300-gr/,https://thehealthhouse.nl/wp-content/uploads/2026/08/47118.jpg,,JNX Sports,Glutamine,JNX3010
52614,Liquid B-12 B-Complex (237ml),"Liquid B-12 B-Complex: vloeibare B-12-formule van 237 ml, vegan en vegetarisch.",in stock,new,34.54 EUR,,https://thehealthhouse.nl/product/liquid-b-12-b-complex-237ml/,https://thehealthhouse.nl/wp-content/uploads/2026/08/46760.webp,,NOW Foods,Vitamines,NOW4902-237
52618,Arlberger Murmelin® Sport- und Gelenkssalbe (200ml),Arlberger Murmelin® Sport- und Gelenkssalbe in een tube met 200 ml.,in stock,new,32.34 EUR,,https://thehealthhouse.nl/product/arlberger-murmelin-sport-und-gelenkssalbe-200ml/,https://thehealthhouse.nl/wp-content/uploads/2026/08/46736.jpg,,BANO Healthcare,Joints / Gewrichten,BAN5801-200
52620,Arlberger Murmelin® Sport- und Gelenkssalbe (100ml),Arlberger Murmelin® Sport- und Gelenkssalbe in een tube van 100 ml.,in stock,new,23.54 EUR,,https://thehealthhouse.nl/product/arlberger-murmelin-sport-und-gelenkssalbe-100ml/,https://thehealthhouse.nl/wp-content/uploads/2026/08/63083.jpg,,BANO Healthcare,Joints / Gewrichten,BAN5801-100
52622,Arlberger Murmelin® Sport- und Gelenkssalbe (60ml),Arlberger Murmelin® Sport- und Gelenkssalbe in het compacte formaat van 60 ml.,in stock,new,19.14 EUR,,https://thehealthhouse.nl/product/arlberger-murmelin-sport-und-gelenkssalbe-60ml/,https://thehealthhouse.nl/wp-content/uploads/2026/08/46728.jpg,,BANO Healthcare,Joints / Gewrichten,BAN5801-60
52624,DietWorks® Cider Trim Apple Cider Vinegar (90+30 Caps),"Aangetoond om gezond gewichtsverlies te ondersteunen Met gember, cayennepeper &#038; esdoorn Ondersteunt de vochtbalans Bevordert de spijsvertering Bestseller in de USA",in stock,new,32.34 EUR,,https://thehealthhouse.nl/product/dietworks-cider-trim-apple-cider-vinegar-9030-caps/,https://thehealthhouse.nl/wp-content/uploads/2026/08/46549.jpg,,DietWorks,Liver Support,DTW5201
52628,Animal Micronized Creatine (500 gram),Toename in Kracht Verbeterd uithoudingsvermogen 100% Puur Ruim 100 doseringen,in stock,new,37.84 EUR,,https://thehealthhouse.nl/product/animal-micronized-creatine-500-gram/,https://thehealthhouse.nl/wp-content/uploads/2026/08/3609.jpg,,Universal Nutrition,Creatine,UNI7001-5
52630,Animal Creatine Chews (120 chews),5g Creatine Monohydraat per 4 kauwtabletten Frisse smaken Fruit Punch en Grape Gemakkelijk mee te nemen Verbeterde formule 120 kauwtabletten (30 doseringen) Perfecte grab-and-go-oplossing voor een actieve levensstijl,in stock,new,54.34 EUR,,https://thehealthhouse.nl/product/animal-creatine-chews-120-chews/,https://thehealthhouse.nl/wp-content/uploads/2026/08/14035.jpg,,Universal Nutrition,Creatine,UNI7410
52632,L-Arginine 700 mg (180 Veg Caps),"L-Arginine capsules met 700 mg per capsule, verpakt per 180 veggie caps.",in stock,new,37.84 EUR,,https://thehealthhouse.nl/product/l-arginine-700-mg-180-veg-caps/,https://thehealthhouse.nl/wp-content/uploads/2026/08/46057.webp,,NOW Foods,Pump,NOW3215
52634,Allmax Caffeine 200mg (100 tabs),Verhoogt energie Verhoogt het metabolisme Verscherpt de focus Ondersteunt optimale fysieke prestaties,in stock,new,21.34 EUR,,https://thehealthhouse.nl/product/allmax-caffeine-200mg-100-tabs/,https://thehealthhouse.nl/wp-content/uploads/2026/08/46050.jpg,,Allmax,Vitaliteit,ALM6101
52636,Vitamin B-12 2000 mcg (100 chews),Vitamine B-12 van 2000 mcg in een verpakking met 100 kauwtabletten.,in stock,new,22.44 EUR,,https://thehealthhouse.nl/product/vitamin-b-12-2000-mcg-100-chews/,https://thehealthhouse.nl/wp-content/uploads/2026/08/46044.webp,,NOW Foods,Vitamines,NOW4413
52638,PB2 Powdered Peanut Butter (184 gram),PB2 Powdered Peanut Butter: pindapoeder met 184 gram inhoud.,in stock,new,14.74 EUR,,https://thehealthhouse.nl/product/pb2-powdered-peanut-butter-184-gram/,https://thehealthhouse.nl/wp-content/uploads/2026/08/45816.jpg,,PB2 (Bell Plantation),Food,BPL9602-184
52640,PB2 Peanut Powder with Cocoa (184 gram),PB2 Peanut Powder with Cocoa: pindapoeder met cacao in een verpakking van 184 gram.,in stock,new,14.74 EUR,,https://thehealthhouse.nl/product/pb2-peanut-powder-with-cocoa-184-gram/,https://thehealthhouse.nl/wp-content/uploads/2026/08/45813.jpg,,PB2 (Bell Plantation),Food,BPL9601-184
52642,TestoFX Sport (80 caps),Testosteron Ondersteuning Boosts het vrije testosteron in 7 dagen! Verbetert de spierkracht In het laboratorium getest – elke partij 80 capsules,in stock,new,37.84 EUR,,https://thehealthhouse.nl/product/testofx-sport-80-caps/,https://thehealthhouse.nl/wp-content/uploads/2026/08/45661.jpg,,Allmax,Test boosters,ALM8201
52648,L-Citrulline 750mg (90Vcaps),Ondersteunt eiwitmetabolisme Gezonde immuunsysteem functie Een vrij aminozuur 90 Vegetarische capsules,in stock,new,37.84 EUR,,https://thehealthhouse.nl/product/l-citrulline-750mg-90vcaps/,https://thehealthhouse.nl/wp-content/uploads/2026/08/30868.webp,,NOW Foods,EAA,NOW3214-90
52650,Cordyceps 750mg (90 Vcaps),Cordyceps sinensis en militaris Gestandaardiseerd extract Geschikt voor vegetariërs Gezonde vasculaire functie* 90 Vegetarische capsules,in stock,new,43.34 EUR,,https://thehealthhouse.nl/product/cordyceps-750mg-90-vcaps/,https://thehealthhouse.nl/wp-content/uploads/2026/08/45355.webp,,NOW Foods,Gezondheidsproducten,NOW4195
52657,Premium WHEY+ (2kg),"21g premium eiwit per portie Snelle absorptieformule 4,4 g BCAA&#8217;s Verrukkelijke Gourmet smaken 60 doseringen USN een vertrouwd top merk!",in stock,new,81.84 EUR,,https://thehealthhouse.nl/product/premium-whey-2kg/,https://thehealthhouse.nl/wp-content/uploads/2026/08/44828.jpg,,USN,Eiwitten,USN1201-2
52659,TestronSX™ (60 tabs),Potentie verhogend Bevorderd een hoger niveau van lichamelijk functioneren. (Vitaler) Verhoogt het seksueel verlangen. Zorgt voor makkelijker aanmaken van spiermassa*,in stock,new,45.54 EUR,,https://thehealthhouse.nl/product/testronsx-60-tabs/,https://thehealthhouse.nl/wp-content/uploads/2026/08/44922.jpg,,Nutraceutics,Test boosters,NTC8101
52669,Stacker 4 Powder (50 servings),Nu ook in poedervorm Krachtig en effectief Snelle werking 50 doseringen 2 smaken,in stock,new,34.54 EUR,26.84 EUR,https://thehealthhouse.nl/product/stacker-4-powder-50-servings/,https://thehealthhouse.nl/wp-content/uploads/2026/08/44781.jpg,,Stacker2,Fatburners,STC5003
52671,Nitro-Tech® Elite US (998gr),100% puur wei-eiwit isolaat 5-in-1 krachtige eiwitformule ProHydrolase ® voor 20% betere absorptie 3 gram Creatine 1.5g myHMB ® Calcium HMB Made in the USA,in stock,new,59.84 EUR,,https://thehealthhouse.nl/product/nitro-tech-elite-us-998gr/,https://thehealthhouse.nl/wp-content/uploads/2026/08/44352.jpg,,Muscletech,Eiwitten > Eiwitten Isolaat,MUT1401
52675,SmartShake Original2Go ONE (800ml),100% lekvrij BPA vrij Vriezer bestendig Afwasmachine bestendig Zeer duurzaam 800ml verpakking inhoud,in stock,new,16.94 EUR,,https://thehealthhouse.nl/product/smartshake-original2go-one-800ml/,https://thehealthhouse.nl/wp-content/uploads/2026/08/44182.jpg,,Smartshake,Gear,A-SMS504
52677,MAGNEKAL (30x25ml),Magnesium/Potassium shot Magnesium 300mg Kalium (Potassium) 600mg 30 Drink ampullen Smaak: Citrus,in stock,new,48.84 EUR,,https://thehealthhouse.nl/product/magnekal-30x25ml/,https://thehealthhouse.nl/wp-content/uploads/2026/08/44058.jpg,,SANAS,Vitamines,SNS4602
52679,CARTIPLUS (30x25ml),Collageen Shot Bevat Collageen (Peptan®) 10000 mg Vitamine C 30 Drink ampullen Smaak: Framboos,in stock,new,81.84 EUR,,https://thehealthhouse.nl/product/cartiplus-30x25ml/,https://thehealthhouse.nl/wp-content/uploads/2026/08/44008.jpg,,SANAS,Eiwitten,SNS4601
52681,GUARANOL (30x25ml),Cafeïne shot Voor langdurige energie Geen bijwerkingen 30 Drink ampullen Verkrijgbare in de smaak Citrus en Mint,in stock,new,59.84 EUR,,https://thehealthhouse.nl/product/guaranol-30x25ml/,https://thehealthhouse.nl/wp-content/uploads/2026/08/43989.jpg,,SANAS,Pre Workout,SNS6601
52687,BCAA (30x25ml),BCAA Shot BCAA’s is handige drink ampullen Bevat Wei-Hydrolysaat 30 Drink ampullen Smaak: Orange,in stock,new,70.84 EUR,,https://thehealthhouse.nl/product/bcaa-30x25ml/,https://thehealthhouse.nl/wp-content/uploads/2026/08/43969.jpg,,SANAS,EAA,SNS3602
52689,AMINOBOLAN (30x25ml),"Sinds 1985 Populaire bij krachtsport atleten Aminozuren shot Bevat 2700mg L-Arginine Bevat 1500mg L-Ornithine Hoog gedoseerde formule (10.000mg) Wetenschappelijk Onderbouwd &#038; Getest 30 Drink ampullen Smaak: Fruit Punch",in stock,new,70.84 EUR,,https://thehealthhouse.nl/product/aminobolan-30x25ml/,https://thehealthhouse.nl/wp-content/uploads/2026/08/43960.jpg,,SANAS,EAA,SNS3601
52691,Aquatic Beauty Powder (85 gram),Bevordert jeugdige huidtextuur en -teint* Hydrateert van binnenuit* Marine collageen van wild gevangen vis Stralende huid* Consumeer met water of meng in smoothies Heerlijke Citrus smaak,in stock,new,43.34 EUR,,https://thehealthhouse.nl/product/aquatic-beauty-powder-85-gram/,https://thehealthhouse.nl/wp-content/uploads/2026/08/43872.jpg,,NOW Foods,Eiwitten,NOW4001
52693,Hydration Rescue (60 Vcaps),Helpt de jeugdig uitziende huid te behouden* Ondersteunt een gezonde huidvochtigheid* Met Hyabest Hyaaluronic Acid ®,in stock,new,37.84 EUR,,https://thehealthhouse.nl/product/hydration-rescue-60-vcaps/,https://thehealthhouse.nl/wp-content/uploads/2026/08/43867.jpg,,NOW Foods,Gezondheidsproducten,NOW4351
52695,NADH 10mg (60 Veg Capsules),"Neurotransmitter Ondersteuning* Stabiel en biologisch beschikbaar* Met 200 mg D-Ribose Meer energie, alertheid en concentratie",in stock,new,59.84 EUR,,https://thehealthhouse.nl/product/nadh-10mg-60-veg-capsules/,https://thehealthhouse.nl/wp-content/uploads/2026/08/43854.webp,,NOW Foods,Vitaliteit,NOW4194
52697,MCT OIL Liquid (946ml),Vloeibare MCT-olie in een vegetarische fles van 946 ml.,in stock,new,48.84 EUR,,https://thehealthhouse.nl/product/mct-oil-liquid-946ml/,https://thehealthhouse.nl/wp-content/uploads/2026/08/43819.webp,,NOW Foods,Fatburners,NOW6501-32
52699,MCT OIL Liquid (473ml),"Vloeibare, vegetarische MCT-olie in een handzame fles van 473 ml.",in stock,new,32.34 EUR,,https://thehealthhouse.nl/product/mct-oil-liquid-473ml/,https://thehealthhouse.nl/wp-content/uploads/2026/08/43816.jpg,,NOW Foods,Fatburners,NOW6501-16
52701,EGCg Green Tea Extract 400mg (180 Vcaps),200 mg EGCg / 80% Catechines Ondersteunt cellulaire gezondheid* 180 Vcaps,in stock,new,36.74 EUR,,https://thehealthhouse.nl/product/egcg-green-tea-extract-400mg-180-vcaps/,https://thehealthhouse.nl/wp-content/uploads/2026/08/43807.jpg,,NOW Foods,Liver Support,NOW5105-180
52703,Pure CLA 1250 (90 softgels),"CLA-supplement in softgels, met 90 stuks per verpakking.",in stock,new,32.34 EUR,,https://thehealthhouse.nl/product/pure-cla-1250-90-softgels/,https://thehealthhouse.nl/wp-content/uploads/2026/08/43710.jpg,,SAN,Fatburners,SAN5301-90
52709,6th Gear Complex (1135gr),Gepatenteerd zesdelig creatinecomplex Unieke combinatie met Alfa-liponzuur en Beta-alanine Optimale insulinegevoeligheid en -absorptie Resultaten vanaf de eerste dosis,in stock,new,45.54 EUR,,https://thehealthhouse.nl/product/6th-gear-complex-1135gr/,https://thehealthhouse.nl/wp-content/uploads/2026/08/43414.jpg,,Stacker2,Creatine,STC7601
52711,Stacker2 Liquid Amino (1000 ml),Bevat 51% aminozuren Handelt supersnel en effectief Aminozuren uit wei-eiwit-hydrolysaat Levert vrije vorm aminozuren Zonder twijfel de best smakende vloeibare amino ooit!,in stock,new,37.84 EUR,,https://thehealthhouse.nl/product/stacker2-liquid-amino-1000-ml/,https://thehealthhouse.nl/wp-content/uploads/2026/08/43409.jpg,,Stacker2,EAA,STC3601
52713,"Hair, Skin & Nails (90 Vcaps)","Geformuleerd met klinisch getest cynatine ® Onderhoud van sterk haar &#038; nagels* Ondersteunt een gezonde huid*",in stock,new,43.34 EUR,,https://thehealthhouse.nl/product/hair-skin-nails-90-vcaps/,https://thehealthhouse.nl/wp-content/uploads/2026/08/43174.jpg,,NOW Foods,Gezondheidsproducten,NOW4350
52715,CLA 1250 (90 Softgels),Helpt bij het verlies van lichaamsvet* Vrij van stimulerende middelen Helpt de spierdefinitie te verhogen* Ondersteuning voor gewichtsverlies* GAT CLA 1250 levert 1000 mg pure CLA per portie 90 Softgels (maandverpakking),in stock,new,32.34 EUR,,https://thehealthhouse.nl/product/cla-1250-90-softgels/,https://thehealthhouse.nl/wp-content/uploads/2026/08/43161.jpg,,GAT Sport,Fatburners,GAT5502
52717,Thyroid T-3 (180 Caps),Snel vet verbranden Stimulant vrij Voedingssupplement Ontworpen om een traag metabolisme veroorzaakt door een dieet te helpen Originele Formule 180 capsules,in stock,new,70.84 EUR,,https://thehealthhouse.nl/product/thyroid-t-3-180-caps/,https://thehealthhouse.nl/wp-content/uploads/2026/08/43157.jpg,,Absolute Nutrition,Fatburners,ABS5201-180
52723,DHEA 50mg (60 Caps),50 mg per capsules Ondersteund de algehele gezondheid Voor mannen en vrouwen,in stock,new,43.34 EUR,,https://thehealthhouse.nl/product/dhea-50mg-60-caps/,https://thehealthhouse.nl/wp-content/uploads/2026/08/42684.jpg,,Life Extension,Test boosters,LEX8102-1
52725,DHEA 25mg (100 Caps),Eigenschappen Life Extension DHEA 100mg: 25 mg per capsules Ondersteund de algehele gezondheid Voor mannen en vrouwen,in stock,new,37.84 EUR,,https://thehealthhouse.nl/product/dhea-25mg-100-caps/,https://thehealthhouse.nl/wp-content/uploads/2026/08/42672.jpg,,Life Extension,Test boosters,LEX8102
52727,DHEA 15mg (100 Caps),Eigenschappen Life Extension DHEA 100mg: 15 mg per capsules Ondersteund de algehele gezondheid Voor mannen en vrouwen,in stock,new,37.84 EUR,,https://thehealthhouse.nl/product/dhea-15mg-100-caps/,https://thehealthhouse.nl/wp-content/uploads/2026/08/42666.jpg,,Life Extension,Test boosters,LEX8101
52731,Oregano 450 mg (100 Veg Caps),Versterkt de immuniteit Bevordert een uitstekende spijsvertering Versterkt de botten Bevordert het energiegehalte Ontgift en reinigt het lichaam Levert krachtige antioxidantenbescherming tegen vrije radicalen,in stock,new,23.54 EUR,,https://thehealthhouse.nl/product/oregano-450-mg-100-veg-caps/,https://thehealthhouse.nl/wp-content/uploads/2026/08/42415.webp,,NOW Foods,Joints / Gewrichten,NOW4193
52735,Vitamine A & D 10.000/400 IE (100 softgels),"Levert een bijdrage aan de gezondheid van de ogen Ondersteunt het immuunsysteem Biedt ondersteuning aan de maag-, darm- en urinewegen Ondersteunt het calciumgehalte in het lichaam Bevat 100 softgels per verpakking",in stock,new,20.24 EUR,,https://thehealthhouse.nl/product/vitamine-a-d-10-000-400-ie-100-softgels/,https://thehealthhouse.nl/wp-content/uploads/2026/08/42215.webp,,NOW Foods,Vitamines,NOW4187
52737,MSM 1500 (200 Tabl),1500 mg MSM per tablet Methylsulfonylmethaan Ondersteunt gezond kraakbeen 200 tabletten,in stock,new,43.34 EUR,,https://thehealthhouse.nl/product/msm-1500-200-tabl/,https://thehealthhouse.nl/wp-content/uploads/2026/08/42141.webp,,NOW Foods,Joints / Gewrichten,NOW4160-200
52739,CLA Clarinol® 1000mg (90 Softgels),"California Gold Nutrition CLA, geconjugeerd linolzuur 1.000 mg Met Clarinol® geconjugeerd linolzuur afgeleid van saffloerolie Biedt ondersteuning voor algehele programma&#8217;s voor gewichtsbeheersing* Geschikt voor vegetariërs en veganisten Geformuleerd zonder gluten, GGO&#8217;s of soja",in stock,new,48.84 EUR,,https://thehealthhouse.nl/product/cla-clarinol-1000mg-90-softgels/,https://thehealthhouse.nl/wp-content/uploads/2026/08/42057.jpg,,California Gold Nutrition,Fatburners,CGN5501
52741,Hyperbolic Mass gH (6kg),"Weightgainer van 6 kg met creatine, BCAA en glutamine.",in stock,new,103.84 EUR,,https://thehealthhouse.nl/product/hyperbolic-mass-gh-6kg/,https://thehealthhouse.nl/wp-content/uploads/2026/08/41578.jpg,,USN,Weightgainers,USN2001-6
52745,Astragalus 500mg (100 Veg Caps),Ondersteuning van het immuunsysteem Traditionele Chinese kruiden Gestandaardiseerd op 70 % Polysachariden Ondersteunt een gezonde immuun cel functie,in stock,new,20.24 EUR,,https://thehealthhouse.nl/product/astragalus-500mg-100-veg-caps/,https://thehealthhouse.nl/wp-content/uploads/2026/08/41782.webp,,NOW Foods,Gezondheidsproducten,NOW4186
52747,Triple Magnesium Complex 400mg (100 Caps),"Triple Magnesium Complex van 400 mg, verpakt in 100 capsules.",in stock,new,19.14 EUR,,https://thehealthhouse.nl/product/triple-magnesium-complex-400mg-100-caps/,https://thehealthhouse.nl/wp-content/uploads/2026/08/41778.jpg,,Sunwarrior,Joints / Gewrichten,SWA4110-100
52749,5-HTP 100mg (60 Vcaps),5-HTP-supplement van 100 mg in een verpakking met 60 Vcaps.,in stock,new,26.84 EUR,,https://thehealthhouse.nl/product/5-htp-100mg-60-vcaps/,https://thehealthhouse.nl/wp-content/uploads/2026/08/41753.webp,,NOW Foods,Nachtrust en herstel,NOW3108-60
52755,Magtein Magnesium L-Threonate (90 Vcaps),Cognitieve ondersteuning Ondersteunt geheugen en leren Bevordert de gezondheid van de hersenen 90 Vegan Capsules,in stock,new,59.84 EUR,,https://thehealthhouse.nl/product/magtein-magnesium-l-threonate-90-vcaps/,https://thehealthhouse.nl/wp-content/uploads/2026/08/41448.webp,,NOW Foods,Joints / Gewrichten,NOW4185
52757,Hyperbolic Mass gH (2kg),"Weightgainer van 2 kg met creatine, BCAA en glutamine.",in stock,new,54.34 EUR,,https://thehealthhouse.nl/product/hyperbolic-mass-gh-2kg/,https://thehealthhouse.nl/wp-content/uploads/2026/08/41381.jpg,,USN,Weightgainers,USN2001-2
52759,Amino Build (40 doseringen),Verbetert het uithoudingsvermogen van de spieren Bevordert spiergroei en herstel Vermindert spierpijn na inspanning Bevat 7g BCAA’s plus Elektrolyten Bevat taurine en betaïne,in stock,new,43.34 EUR,,https://thehealthhouse.nl/product/amino-build-40-doseringen/,https://thehealthhouse.nl/wp-content/uploads/2026/08/41366.jpg,,Muscletech,EAA,MUT3001
52761,Advanced Gamma E Complex (120 softgels),Gemengde tocoferolen en tocotriënolen 120 softgels,in stock,new,54.34 EUR,,https://thehealthhouse.nl/product/advanced-gamma-e-complex-120-softgels/,https://thehealthhouse.nl/wp-content/uploads/2026/08/41331.webp,,NOW Foods,Vitamines,NOW4184
52763,Vitamin E-400 with Selenium (100 softgels),d-alpha met gemengde tocoferolen 268 mg (400 IE) Plus 100 mcg Selenium,in stock,new,33.44 EUR,,https://thehealthhouse.nl/product/vitamin-e-400-with-selenium-100-softgels/,https://thehealthhouse.nl/wp-content/uploads/2026/08/41324.webp,,NOW Foods,Vitamines,NOW4183
52765,Shark Cartilage 750mg (300 Caps),Shark Cartilage-supplement van 750 mg met 300 capsules.,in stock,new,65.34 EUR,,https://thehealthhouse.nl/product/shark-cartilage-750mg-300-caps/,https://thehealthhouse.nl/wp-content/uploads/2026/08/41043.webp,,NOW Foods,Joints / Gewrichten,NOW4247-300
52773,Arginine & Ornithine 500mg / 250mg (100 Vcaps),Eiwitmetabolisme* Stikstofmonoxide Promotor* 500mg L-Arginine per capsule 250mg L-Ornithine per capsule Populair onder atleten,in stock,new,26.84 EUR,,https://thehealthhouse.nl/product/arginine-ornithine-500mg-250mg-100-vcaps/,https://thehealthhouse.nl/wp-content/uploads/2026/08/45537.jpg,,NOW Foods,Pre Workout,NOW3213-100
52775,CLA+ Green Tea (90 softgels),CLA+ Groene Thee Extract 600mg Groene Thee (ECGC) 800mg CLA,in stock,new,32.34 EUR,,https://thehealthhouse.nl/product/cla-green-tea-90-softgels/,https://thehealthhouse.nl/wp-content/uploads/2026/08/40590.jpg,,USN,Fatburners,USN5506
52777,TURKESTERONE (60 caps),Gestandaardiseerd op 10% Turkesterone 100% Natuurlijk Helpt jouw sportdoelen te bereiken 500mg per capsule,in stock,new,54.34 EUR,,https://thehealthhouse.nl/product/turkesterone-60-caps/,https://thehealthhouse.nl/wp-content/uploads/2026/08/40235.jpg,,Trained By JP,Test boosters,TJP-8201
52779,TURKESTERONE 1200 (120 caps),Turkesterone-supplement van 1200 mg in een pot met 120 capsules.,in stock,new,76.34 EUR,,https://thehealthhouse.nl/product/turkesterone-1200-120-caps/,https://thehealthhouse.nl/wp-content/uploads/2026/08/40228.jpg,,5% Nutrition,Test boosters,RPI-8205-120
52785,ZMAG Athletic Performance (120 caps),"Natuurlijke formule met vitamine B6, zink en magnesium Magnesium helpt bij de eiwitsynthese Kan zorgen voor een diepere slaap en verbeterde nachtrust",in stock,new,26.84 EUR,,https://thehealthhouse.nl/product/zmag-athletic-performance-120-caps/,https://thehealthhouse.nl/wp-content/uploads/2026/08/5268.jpg,,USN,ZMA,USN8201
52789,Super Enzymes (180 tabs),"Super Enzymes in tabletvorm, met 180 tabletten per verpakking.",in stock,new,48.84 EUR,,https://thehealthhouse.nl/product/super-enzymes-180-tabs/,https://thehealthhouse.nl/wp-content/uploads/2026/08/39962.webp,,NOW Foods,Gezondheidsproducten,NOW4243-180
52791,Eve Women’s Multiple Vitamin (180 Tabl),"Extra Foliumzuur en vitamine B3, B5, B6, Met Cranberry, Alpha Lipoic Acid &#038; CoQ10 Plus Superfruits – Granaatappel, Acai &#038; Mangosteen Leverbaar in 90/180 softgels / 90/180 tabletten / 120 v-caps (ijzer vrij)",in stock,new,70.84 EUR,,https://thehealthhouse.nl/product/eve-womens-multiple-vitamin-180-tabl/,https://thehealthhouse.nl/wp-content/uploads/2026/08/39923.webp,,NOW Foods,Vitamines,NOW4245-180
52793,"Collagen Types 1 and 3 with Peptan and Vitamin C 1,000 mg (180 Tablets)","Enzymatisch gehydroliseerd Type I &#038; III Verrijkt met Vitamine C Niet-GMO en glutenvrij Bevat Peptan",in stock,new,43.34 EUR,,https://thehealthhouse.nl/product/collagen-types-1-and-3-with-peptan-and-vitamin-c-1000-mg-180-tablets/,https://thehealthhouse.nl/wp-content/uploads/2026/08/39883.jpg,,Docter's Best,Joints / Gewrichten,DBE4115
52795,Multi and Mineral (100 Caps),Full spectrum vitaminen en mineralen Uitgebalanceerde formule Voor man en vrouw Makkelijk te slikken capsules,in stock,new,30.14 EUR,,https://thehealthhouse.nl/product/multi-and-mineral-100-caps/,https://thehealthhouse.nl/wp-content/uploads/2026/08/39621.jpg,,Sunwarrior,Vitamines,SWA4201
52799,Creatine Micronized Powder (500+100g Gratis),Micronized 200 MESH Hoogwaardig Creatine Monohydraat Verbetert de spierkracht en het uithoudingsvermogen Met Taurine 200 Doseringen,in stock,new,37.84 EUR,,https://thehealthhouse.nl/product/creatine-micronized-powder-500100g-gratis/,https://thehealthhouse.nl/wp-content/uploads/2026/08/39571.jpg,,HIRO.LAB,Creatine,HRO7001-5
52801,Creatine Micronized Powder (300+100g Gratis),Micronized 200 MESH Hoogwaardig Creatine Monohydraat Verbetert de spierkracht en het uithoudingsvermogen Met Taurine 120 Doseringen,in stock,new,26.84 EUR,,https://thehealthhouse.nl/product/creatine-micronized-powder-300100g-gratis/,https://thehealthhouse.nl/wp-content/uploads/2026/08/39568.jpg,,HIRO.LAB,Creatine,HRO7001-3
52803,Mixmaster Shaker Blue (700ml),"Uniek systeem voor eenvoudig vermengen Breed mondstuk voor makkelijk drinken Stevige schroefdop Vaatwasser bestendig Handig voor gebruik tijdens of na een training/wedstrijd Transparant, 700 ml",in stock,new,13.64 EUR,,https://thehealthhouse.nl/product/mixmaster-shaker-blue-700ml/,https://thehealthhouse.nl/wp-content/uploads/2026/08/39410.jpg,,USN,Gear,A-USN500
52807,BlueLab Whey (908 gr),"Wei-eiwit van topkwaliteit Eiwitmix Isolaat, Hydrolysaat en Concentraat Geweldig smakende, gemakkelijke mix formulering",in stock,new,54.34 EUR,,https://thehealthhouse.nl/product/bluelab-whey-908-gr/,https://thehealthhouse.nl/wp-content/uploads/2026/08/39338.jpg,,USN,Eiwitten,USN1301-9
52809,Mutant CreaKong CX8 (249 gram),Stimuleer spiergroei Verlaagt de hersteltijd Verhoogt kracht en uithoudingsvermogen,in stock,new,26.84 EUR,,https://thehealthhouse.nl/product/mutant-creakong-cx8-249-gram/,https://thehealthhouse.nl/wp-content/uploads/2026/08/39318.jpg,,Mutant,Creatine,PVL7002
52811,Odorless Garlic (250 Softgels),Geconcentreerd extract van de gehele knoflookteen Opgelost in rijstzemelenolie voor een gemakkelijke opname. Van nature rijk aan zwavelverbindingen.,in stock,new,37.84 EUR,,https://thehealthhouse.nl/product/odorless-garlic-250-softgels/,https://thehealthhouse.nl/wp-content/uploads/2026/08/39302.webp,,NOW Foods,Gezondheidsproducten,NOW4163-250
52813,UC-II® Advanced Joint Relief (60 Vcaps),"Met niet-gedenatureerd type II collageen Plus hyaluronzuur , boron, vitamine D-3",in stock,new,48.84 EUR,,https://thehealthhouse.nl/product/uc-ii-advanced-joint-relief-60-vcaps/,https://thehealthhouse.nl/wp-content/uploads/2026/08/38552.webp,,NOW Foods,Joints / Gewrichten,NOW4192
52817,Adam Superior Men’s Multi (90 Softgels),"Met Saw Palmetto, Plantensterolen, Lycopeen &#038; CoQ10 Zachter en gemakkelijker te slikken en te absorberen Speciaal voor de man Verkrijgbaar in 90 softgels",in stock,new,43.34 EUR,,https://thehealthhouse.nl/product/adam-superior-mens-multi-90-softgels/,https://thehealthhouse.nl/wp-content/uploads/2026/08/38106.webp,,NOW Foods,Vitamines,NOW4333-90
52819,R1 Men’s Train Daily (180 Tabs),R1 Men’s Train Daily met vitamine D3 in een verpakking van 180 tabletten.,in stock,new,48.84 EUR,,https://thehealthhouse.nl/product/r1-mens-train-daily-180-tabs/,https://thehealthhouse.nl/wp-content/uploads/2026/08/38099.jpg,,Rule One,Vitamines,RUL4201-180
52821,R1 Men’s Train Daily (90 Tabs),"R1 Men’s Train Daily tabletten met vitamine D3, verpakt per 90 stuks.",in stock,new,32.34 EUR,,https://thehealthhouse.nl/product/r1-mens-train-daily-90-tabs/,https://thehealthhouse.nl/wp-content/uploads/2026/08/38056.jpg,,Rule One,Vitamines,RUL4201-90
52823,Ultra Omega-3 Fish Oil (180 softgels),180 softgels 1g Visolie 500mg EPA 250mg DHA Halal-gecertificeerd,in stock,new,59.84 EUR,,https://thehealthhouse.nl/product/ultra-omega-3-fish-oil-180-softgels/,https://thehealthhouse.nl/wp-content/uploads/2026/08/38045.webp,,NOW Foods,Vitamines,NOW4520-180
52825,Slender Blend™ (1.2kg),"HOOG IN EIWIT, caloriearme maaltijdvervanger en/of shake na de training ONDERSTEUNT GEWICHTSVERLIES als onderdeel van een caloriebeperkt dieet 24G EIWIT per portie PRE &#038; PROBIOTICA toegevoegd om de spijsvertering te bevorderen 26 ESSENTIELE vitamines en mineralen",in stock,new,48.84 EUR,,https://thehealthhouse.nl/product/slender-blend-1-2kg/,https://thehealthhouse.nl/wp-content/uploads/2026/08/37864.jpg,,Protein World,Mealprep en Dieet,PRW1001
52829,Prostate Support (180 Softgels),100% natuurlijke preparaat 180 softgels Speciaal voor mannen,in stock,new,59.84 EUR,,https://thehealthhouse.nl/product/prostate-support-180-softgels/,https://thehealthhouse.nl/wp-content/uploads/2026/08/37795.webp,,NOW Foods,Vitamines,NOW4330-180
52831,Ashwagandha Stress Relief (60 Vcaps),Met klinisch onderzocht Lactium ® Bevordert ontspanning en rustgevende slaap* Ayurvedische Adaptogen.,in stock,new,43.34 EUR,,https://thehealthhouse.nl/product/ashwagandha-stress-relief-60-vcaps/,https://thehealthhouse.nl/wp-content/uploads/2026/08/37711.webp,,NOW Foods,Vitaliteit,NOW4176-60
52833,19-Anabol Testo (90 caps),"Kracht, uithouding en herstel toename Voor fanatieke, mannelijke sporters 90 capsules",in stock,new,48.84 EUR,,https://thehealthhouse.nl/product/19-anabol-testo-90-caps/,https://thehealthhouse.nl/wp-content/uploads/2026/08/5622.jpg,,USN,Test boosters,USN8203-90
52835,Creatine Caps Creapure® (90 caps),Verbeterd prestaties Makkelijk in te nemen capsules De meest zuivere creatine 700mg Creapure® per capsule 90 Capsules (Creapure® Creatine),in stock,new,26.84 EUR,,https://thehealthhouse.nl/product/creatine-caps-creapure-90-caps/,https://thehealthhouse.nl/wp-content/uploads/2026/08/36882.jpg,,Reflex Nutrition,Creatine,RFL7201
52837,MSM 1000 (120 Vcaps),1000 mg MSM per capsule Methylsulfonylmethaan Ondersteunt gezond kraakbeen 120 capsules,in stock,new,25.74 EUR,,https://thehealthhouse.nl/product/msm-1000-120-vcaps/,https://thehealthhouse.nl/wp-content/uploads/2026/08/36705.webp,,NOW Foods,Joints / Gewrichten,NOW4133-120
52839,Saw Palmetto Extract 320mg (90 Veggi Softgels),Ondersteunt een gezonde prostaatfunctie Met Pompoenpitolie 90 Veggie Softgels,in stock,new,45.54 EUR,,https://thehealthhouse.nl/product/saw-palmetto-extract-320mg-90-veggi-softgels/,https://thehealthhouse.nl/wp-content/uploads/2026/08/36698.webp,,NOW Foods,Vitamines,NOW4332
52841,Boswellia Extract 500mg (90 Softgels),500 mg Boswellia Extract per softgel Gestandaardiseerd op 65% Boswellia zuren In MCT-oliebasis voor betere opname Voor behoud van sterke botten en soepele gewrichten* Goed voor een normale darmfunctie* Goed voor de cholesterolspiegel*,in stock,new,34.54 EUR,,https://thehealthhouse.nl/product/boswellia-extract-500mg-90-softgels/,https://thehealthhouse.nl/wp-content/uploads/2026/08/36693.webp,,NOW Foods,Joints / Gewrichten,NOW4331
52843,MK-7 Vitamin K-2 100 (120 Vcaps),"Vitamine K-2 in vegetarische capsules, met 100 mcg per capsule en 120 stuks.",in stock,new,48.84 EUR,,https://thehealthhouse.nl/product/mk-7-vitamin-k-2-100-120-vcaps/,https://thehealthhouse.nl/wp-content/uploads/2026/08/36678.webp,,NOW Foods,Vitamines,NOW4156-120
52845,CLA (90 Softgels),1000 mg CLA per portie 90 doseringen 80% geconjugeerd linolzuur uit saffloerolie Makkelijk te slikken softgels,in stock,new,26.84 EUR,,https://thehealthhouse.nl/product/cla-90-softgels/,https://thehealthhouse.nl/wp-content/uploads/2026/08/36408.jpg,,Gaspari Nutrition,Fatburners,GSP5301
52849,Mutant Mega Mug Red (2.6l),"Inhoud 2,6 liter Lekt niet Milieuvriendelijke hervulbare fles Gemaakt van niet-giftig BPA-vrij plastic",in stock,new,26.84 EUR,,https://thehealthhouse.nl/product/mutant-mega-mug-red-2-6l/,https://thehealthhouse.nl/wp-content/uploads/2026/08/36168.jpg,,Mutant,Gear,A-MUT505
52851,Prostate Support (90 Softgels),100% natuurlijke preparaat 90 softgels Speciaal voor mannen,in stock,new,34.54 EUR,,https://thehealthhouse.nl/product/prostate-support-90-softgels/,https://thehealthhouse.nl/wp-content/uploads/2026/08/35240.webp,,NOW Foods,Vitamines,NOW4330-90
52853,AAKG (120 caps),Een voorloper van stikstofmonoxide Combineerbaar met elke Pre-Workout Geschikt voor alle trainingsdoelen 800mg L-Arginine per capsule Halal gecertificeerd product,in stock,new,26.84 EUR,,https://thehealthhouse.nl/product/aakg-120-caps/,https://thehealthhouse.nl/wp-content/uploads/2026/08/35166.jpg,,Applied Nutrition,Pump,APN3201
52855,Cream of Rice (2kg),"Vegan en halal Cream of Rice-poeder van 2 kg, goed voor 67 porties.",in stock,new,34.54 EUR,,https://thehealthhouse.nl/product/cream-of-rice-2kg/,https://thehealthhouse.nl/wp-content/uploads/2026/08/35036.jpg,,Applied Nutrition,Eiwitten > Eiwitten Vegan,APN1501-2
52857,Pregnenolone Super Strength 50mg (60 Caps),Krachtige hormonale voorloper Ondersteunt de gezondheid van de hersenen Elke capsule levert 50 mg,in stock,new,37.84 EUR,,https://thehealthhouse.nl/product/pregnenolone-super-strength-50mg-60-caps/,https://thehealthhouse.nl/wp-content/uploads/2026/08/36636.jpg,,Sunwarrior,Nachtrust en herstel,SWA8210
52859,Animal M.Stak (21 packs),"De Stack om extra massa te winnen. Bijzondere formule zonder hormonen Met aminozuren, planten- en fruitextracten 21 zakjes per verpakking",in stock,new,76.34 EUR,,https://thehealthhouse.nl/product/animal-m-stak-21-packs/,https://thehealthhouse.nl/wp-content/uploads/2026/08/3559.jpg,,Universal Nutrition,Test boosters,UNI8101
52861,"Vitamin A 10,000 (100 softgels)","3.000 mcg (10.000 IE) Ondersteunt de gezondheid van ogen, huid en immuunsysteem* 100 Softgels",in stock,new,19.14 EUR,,https://thehealthhouse.nl/product/vitamin-a-10000-100-softgels/,https://thehealthhouse.nl/wp-content/uploads/2026/08/34691.webp,,NOW Foods,Vitamines,NOW4180
52865,Krill Oil 500mg (60 Softgels),"Halal krillolie met omega-3, 500 mg per softgel en 60 stuks.",in stock,new,45.54 EUR,,https://thehealthhouse.nl/product/krill-oil-500mg-60-softgels/,https://thehealthhouse.nl/wp-content/uploads/2026/08/34264.webp,,NOW Foods,Vitamines,NOW4512-60
52869,PB2 Powdered Peanut Butter (453 gram),"PB2 pindapoeder met pindasmaak, verpakt in een pot van 453 gram.",in stock,new,24.64 EUR,,https://thehealthhouse.nl/product/pb2-powdered-peanut-butter-453-gram/,https://thehealthhouse.nl/wp-content/uploads/2026/08/33911.jpg,,PB2 (Bell Plantation),Food,BPL9602-453
52871,PB2 Peanut Powder with Cocoa (453 gram),"PB2 pindapoeder met cacao, in een verpakking van 453 gram.",in stock,new,24.64 EUR,,https://thehealthhouse.nl/product/pb2-peanut-powder-with-cocoa-453-gram/,https://thehealthhouse.nl/wp-content/uploads/2026/08/33908.jpg,,PB2 (Bell Plantation),Food,BPL9601-453
52877,"Alka Thee, Ontzurende kruidenthee (96 zakjes)",Kruidenthee in een verpakking met 96 zakjes voor een ruim theevoorraadje.,in stock,new,32.40 EUR,,https://thehealthhouse.nl/product/alka-thee-ontzurende-kruidenthee-96-zakjes/,https://thehealthhouse.nl/wp-content/uploads/2026/08/32973.jpg,,Alka,Liver Support,ALK9701-96
52879,"Alka Thee, Ontzurende kruidenthee (48 zakjes)","Kruidenthee met cafeïne, verpakt per 48 praktische theezakjes.",in stock,new,21.40 EUR,,https://thehealthhouse.nl/product/alka-thee-ontzurende-kruidenthee-48-zakjes/,https://thehealthhouse.nl/wp-content/uploads/2026/08/32923.jpg,,Alka,Liver Support,ALK9701-48
52881,"Alka Bad, Basisch Badzout pH 8,5 (1200 gram)","Basisch badzout pH 8,5 met magnesium en calcium, grootverpakking van 1200 gram.",in stock,new,34.60 EUR,,https://thehealthhouse.nl/product/alka-bad-basisch-badzout-ph-85-1200-gram/,https://thehealthhouse.nl/wp-content/uploads/2026/08/57440.jpg,,Alka,Liver Support,ALK5801-1200
52883,"Alka Greens, Basische Voedingsextracten 8 gram (10 sticks)","Basische voedingsextracten met vitamines en mineralen, verdeeld over 10 sticks van 8 gram.",in stock,new,21.40 EUR,,https://thehealthhouse.nl/product/alka-greens-basische-voedingsextracten-8-gram-10-sticks/,https://thehealthhouse.nl/wp-content/uploads/2026/08/32964.jpg,,Alka,Liver Support,ALK5001-10
52885,"Alka Greens, Basische Voedingsextracten 8 gram (30 sticks)",Alka Greens: 30 vegan sticks met basische voedingsextracten van 8 gram.,in stock,new,48.90 EUR,,https://thehealthhouse.nl/product/alka-greens-basische-voedingsextracten-8-gram-30-sticks/,https://thehealthhouse.nl/wp-content/uploads/2026/08/32934.jpg,,Alka,Liver Support,ALK5001-30
52891,Alka BasenCaps Original (60 v-caps),Om nieuwe zure afvalstoffen direct te neutraliseren Helpt opgeslagen vaste zuren in het lichaam en de gewrichten op te lossen Zeer efficiënte opname via de darmen Met de juiste verhouding natriumbicarbonaat en kaliumbicarbonaat,in stock,new,34.60 EUR,,https://thehealthhouse.nl/product/alka-basencaps-original-60-v-caps/,https://thehealthhouse.nl/wp-content/uploads/2026/08/32904.jpg,,Alka,Liver Support,ALK5201
52893,Alka® Zuur Base Druppels (55ml),Om nieuwe zure afvalstoffen direct te neutraliseren Helpt opgeslagen vaste zuren in het lichaam en de gewrichten op te lossen De meest efficiënte manier om basisch water te maken Voordelig in gebruik: 1 flesje is voldoende voor ruim 3 maanden.,in stock,new,37.90 EUR,,https://thehealthhouse.nl/product/alka-zuur-base-druppels-55ml/,https://thehealthhouse.nl/wp-content/uploads/2026/08/32866.jpg,,Alka,Liver Support,ALK5501
52895,L-Lysine 500 (100 tabs),Ondersteunt collageensynthese* Gezonde immuun functie* 100 Vegetarische tabletten,in stock,new,20.24 EUR,,https://thehealthhouse.nl/product/l-lysine-500-100-tabs/,https://thehealthhouse.nl/wp-content/uploads/2026/08/32855.webp,,NOW Foods,EAA,NOW3112-100
52897,Hawthorn Extract 300mg (90 Vcaps),eidoornextract 300mg Ondersteund de bloedruk Cardiovasculaire ondersteuning Natuurlijke rustgever,in stock,new,26.84 EUR,,https://thehealthhouse.nl/product/hawthorn-extract-300mg-90-vcaps/,https://thehealthhouse.nl/wp-content/uploads/2026/08/32690.webp,,NOW Foods,Vitamines,NOW4179
52899,Hawthorn Berry 540mg (100 V-caps),Meidoornbessen 540mg Opruimen van vrij radicalen Kruiden supplement Vegetarisch/Veganistisch 100 V-caps,in stock,new,21.34 EUR,,https://thehealthhouse.nl/product/hawthorn-berry-540mg-100-v-caps/,https://thehealthhouse.nl/wp-content/uploads/2026/08/32687.webp,,NOW Foods,Vitamines,NOW4178
52901,ZMA® (90 Caps),Premium kwaliteit Bevat 5mg Boron (borium) 90 Caps,in stock,new,34.54 EUR,,https://thehealthhouse.nl/product/zma-90-caps/,https://thehealthhouse.nl/wp-content/uploads/2026/08/32630.jpg,,5% Nutrition,ZMA,RPI8203-90
52903,L-Glutamine 5000 (60 servings),Superieur Glutamine supplement Met L-Alanine 250mg Met N-Acetyl L-Glutamine 250mg,in stock,new,34.54 EUR,,https://thehealthhouse.nl/product/l-glutamine-5000-60-servings/,https://thehealthhouse.nl/wp-content/uploads/2026/08/32627.jpg,,5% Nutrition,Glutamine,RPI3015
52907,Boron 3mg (250 Vcaps),"Biologisch actief spoorelement Bevat 3 mg borium per capsule 1 capsule per dag, bij de maaltijd 250 capsules",in stock,new,26.84 EUR,,https://thehealthhouse.nl/product/boron-3mg-250-vcaps/,https://thehealthhouse.nl/wp-content/uploads/2026/08/32547.webp,,NOW Foods,Joints / Gewrichten,NOW4107-250
52909,Critical Mass Professional (6000 Gram),"Nieuwe formule met verlaagd suikergehalte Toegevoegd HMB, Glutamine, Leucine &#038; Creatine Matrix Bevat CLA &#038; MCT-poeder Hoogcalorische eiwit- en koolhydraat shake",in stock,new,92.84 EUR,,https://thehealthhouse.nl/product/critical-mass-professional-6000-gram/,https://thehealthhouse.nl/wp-content/uploads/2026/08/32258.jpg,,Applied Nutrition,Weightgainers,APN2002-6
52913,Apple Cider Vinegar (180 Caps),Ondersteunt de spijsvertering Gezonde darmen 180 porties,in stock,new,26.84 EUR,,https://thehealthhouse.nl/product/apple-cider-vinegar-180-caps/,https://thehealthhouse.nl/wp-content/uploads/2026/08/32248.jpg,,Redcon1,Liver Support,RED5501-1
52915,Zinc (90 caps),Essentieel mineraal Gemakkelijk opneembare bron Halal gecertificeerd product Draagt ​​bij aan de normale functie van het immuunsysteem Met Vitamine C 90 Tabletten,in stock,new,21.34 EUR,,https://thehealthhouse.nl/product/zinc-90-caps/,https://thehealthhouse.nl/wp-content/uploads/2026/08/32245.jpg,,Applied Nutrition,Vitamines,APN4207
52917,Vitamine C 1000mg (100 tabl),Halal gecertificeerd product Geschikt voor veganisten Met Rozenbottel Anti-Oxidante werking 100 tabletten,in stock,new,21.34 EUR,,https://thehealthhouse.nl/product/vitamine-c-1000mg-100-tabl/,https://thehealthhouse.nl/wp-content/uploads/2026/08/32234.jpg,,Applied Nutrition,Vitamines,APN4205
52919,Applied Shaker Blue (700ml),"Uniek systeem voor eenvoudig vermengen Breed mondstuk voor makkelijk drinken Stevige schroefdop BPA vrij Handig voor gebruik tijdens of na een training/wedstrijd Transparant, 700 ml",in stock,new,11.44 EUR,,https://thehealthhouse.nl/product/applied-shaker-blue-700ml/,https://thehealthhouse.nl/wp-content/uploads/2026/08/44284.jpg,,Applied Nutrition,Gear,A-APN500
52925,Amino Complete (360 Vcaps),Proteïne mix 20 aminozuren Met vitamine B-6 Makkelijk te slikken 360 Vegetarische Capsules,in stock,new,48.84 EUR,,https://thehealthhouse.nl/product/amino-complete-360-vcaps/,https://thehealthhouse.nl/wp-content/uploads/2026/08/31250.webp,,NOW Foods,EAA,NOW3120-360
52929,Stage Ready (60 caps),Messcherpe focus Krachtige formule 60 Vegetarische caps,in stock,new,37.84 EUR,,https://thehealthhouse.nl/product/stage-ready-60-caps/,https://thehealthhouse.nl/wp-content/uploads/2026/08/31055.jpg,,5% Nutrition,Fatburners,RPI5101
52937,L-Citrulline 3000 (60 servings),NO Booster Betere pomp L-Citrulline 3000 mg GlycerSize 500 mg 60 servings,in stock,new,43.34 EUR,,https://thehealthhouse.nl/product/l-citrulline-3000-60-servings/,https://thehealthhouse.nl/wp-content/uploads/2026/08/31027.jpg,,5% Nutrition,EAA,RPI3020
52939,Diet Fuel Ultra Lean (2kg),Selecteer: CLA+ Green Tea en Mixmaster shaker en profiteer van de Combi Deal Laag suiker 25g eiwit per portie Rijk aan vezels Bevat Tolerase™ ph-stabiel lactase.,in stock,new,81.84 EUR,,https://thehealthhouse.nl/product/diet-fuel-ultra-lean-2kg/,https://thehealthhouse.nl/wp-content/uploads/2026/08/30992.jpg,,USN,Eiwitten > Eiwitten Isolaat,USN1501-2
52941,Triphala 500 mg (120 Tabl),"Gestandaardiseerd fruitextract Ayurvedische Tonifier &#038; Spijsverteringsondersteuning*",in stock,new,26.84 EUR,,https://thehealthhouse.nl/product/triphala-500-mg-120-tabl/,https://thehealthhouse.nl/wp-content/uploads/2026/08/30884.webp,,NOW Foods,Gezondheidsproducten,NOW4218
52943,Magnesium Caps 400mg (180 Vcaps),Ondersteuning van het zenuwstelsel Ondersteunt energieproductie* Cruciaal voor de enzymfunctie*,in stock,new,30.14 EUR,,https://thehealthhouse.nl/product/magnesium-caps-400mg-180-vcaps/,https://thehealthhouse.nl/wp-content/uploads/2026/08/30878.webp,,NOW Foods,Joints / Gewrichten,NOW4177
52945,"L-Lysine, Double Strength 1000mg (100 Tabs)",Ondersteunt collageensynthese* Gezonde immuun functie* Dubbele sterkte 1000mg per tablet 100 tabletten,in stock,new,23.54 EUR,,https://thehealthhouse.nl/product/l-lysine-double-strength-1000mg-100-tabs/,https://thehealthhouse.nl/wp-content/uploads/2026/08/30858.webp,,NOW Foods,EAA,NOW3111-100
52947,"L-Theanine, Double Strength 200mg (120 Vcap)","Vegetarische L-Theanine Vcaps van 200 mg, 120 capsules per pot.",in stock,new,48.84 EUR,,https://thehealthhouse.nl/product/l-theanine-double-strength-200mg-120-vcap/,https://thehealthhouse.nl/wp-content/uploads/2026/08/30850.webp,,NOW Foods,Nachtrust en herstel,NOW3212-120
52951,Stim Junkie (100 caps),Ultieme energie en focus Bevat Zynamite® en EnXtra® 100 capsules per verpakking,in stock,new,32.34 EUR,,https://thehealthhouse.nl/product/stim-junkie-100-caps/,https://thehealthhouse.nl/wp-content/uploads/2026/08/28572.jpg,,Stacker2,Pre Workout,STC6101
52955,Black Burn Micronized (60 doseringen),"Bevat nieuw super ingrediënt: Ketonen Geavanceerde thermogene formule voor gewichtsverlies Krachtige vetverbrander in poedervorm Helpt de vetstofwisseling te verhogen Onderdrukking van eetlust 4 verrukkelijke smaken: Orange, Fruit Punch Green Apple en Lemon Lime Combineer met Black Burn STIM Free*",in stock,new,43.34 EUR,,https://thehealthhouse.nl/product/black-burn-micronized-60-doseringen/,https://thehealthhouse.nl/wp-content/uploads/2026/08/3495.jpg,,Stacker2,Fatburners,STC5001
52957,Black Burn STIM Free (90 caps),"Zet vet om in energie 24/7 formule om dag en nacht te gebruiken Geavanceerd, wetenschappelijk getest gewichtsverlies Zuiverste vormen van EPA, ALA, GLA, DHA en CLA beschikbaar Verbetert het vettransport naar de mitochondriën Stimulant Vrije formule Combineer met Black Burn*",in stock,new,32.34 EUR,,https://thehealthhouse.nl/product/black-burn-stim-free-90-caps/,https://thehealthhouse.nl/wp-content/uploads/2026/08/28527.jpg,,Stacker2,Fatburners,STC5111
52959,Snickers Hi Protein Crisp Bar (12x55g),Snickers Hi Protein Crisp Bar: doos met 12 knapperige eiwitrepen van 55 gram.,in stock,new,43.34 EUR,,https://thehealthhouse.nl/product/snickers-hi-protein-crisp-bar-12x55g/,https://thehealthhouse.nl/wp-content/uploads/2026/08/28165.jpg,,Mars Protein,Eiwitrepen > Eiwitten,MRS9504-1
52963,Hyper-Aller C (454gr),"Gebufferd – Bruisend Ondersteuning van antioxidanten en collageen Kristallijn poeder Bevat Calcium, Magnesium, Kalium en Zinc",in stock,new,43.34 EUR,,https://thehealthhouse.nl/product/hyper-aller-c-454gr/,https://thehealthhouse.nl/wp-content/uploads/2026/08/27749.jpg,,NutriBiotic,Vitamines,NBI4001
52973,DHEA MAX (60 tabl),25mg per tablet 60 tabletten/verpakking Ondersteund de algehele gezondheid Natuurlijke voorloper van oestrogeen en testosteron Voor mannen en vrouwen,in stock,new,43.34 EUR,,https://thehealthhouse.nl/product/dhea-max-60-tabl/,https://thehealthhouse.nl/wp-content/uploads/2026/08/27697.jpg,,Nutrex,Test boosters,NTR8101
52975,GABA 750 mg (200 Veggi Caps),750 mg GABA per capsule Aminozuur dat wordt gemaakt uit glutamaat Populair bij fitness en bodybuilding 200 Vegetarische capsules,in stock,new,43.34 EUR,,https://thehealthhouse.nl/product/gaba-750-mg-200-veggi-caps/,https://thehealthhouse.nl/wp-content/uploads/2026/08/27500.webp,,NOW Foods,Nachtrust en herstel,NOW3103-200
52981,Cholesterol Pro™ (120 Tabl),Ondersteunt gezonde cholesterolwaarden Bergamonte Bergamot-extract CardioAid plantensterolen Vegetarische formule,in stock,new,70.84 EUR,,https://thehealthhouse.nl/product/cholesterol-pro-120-tabl/,https://thehealthhouse.nl/wp-content/uploads/2026/08/27436.webp,,NOW Foods,Gezondheidsproducten,NOW4250
52985,Multi-Vit Complex (90 Caps),"30+ Vitaminen, Mineralen, Probiotica &#038; Antioxidanten Alleen de meest biologisch beschikbare bronnen gebruikt Toonaangevende doseringen van elk ingrediënt Halal gecertificeerd product",in stock,new,21.34 EUR,,https://thehealthhouse.nl/product/multi-vit-complex-90-caps/,https://thehealthhouse.nl/wp-content/uploads/2026/08/27422.jpg,,Applied Nutrition,Vitamines,APN4201
52987,Full AF (20 servings),"Unieke combinatie Met o.a. L-Citrulline, L-Taurine , GlycerSize™ en Nitrosigine™ Caffeine vrij 20 servings",in stock,new,56.54 EUR,,https://thehealthhouse.nl/product/full-af-20-servings/,https://thehealthhouse.nl/wp-content/uploads/2026/08/27324.jpg,,5% Nutrition,Pre Workout,RPI3009
52989,Biotin 5000 mcg (120 veggi caps),Hoge kwaliteit Biotine 5000 mcg per capsule Ondersteunt het aminozuurmetabolisme Bevordert de normale immuun functie,in stock,new,23.54 EUR,,https://thehealthhouse.nl/product/biotin-5000-mcg-120-veggi-caps/,https://thehealthhouse.nl/wp-content/uploads/2026/08/27290.webp,,NOW Foods,Gezondheidsproducten,NOW4191
52991,Vitamin K-2 100mcg (250 Vcaps),"Vitamine K-2 met 100 mcg per vegetarische capsule, in een voordeelpot van 250 stuks.",in stock,new,48.84 EUR,,https://thehealthhouse.nl/product/vitamin-k-2-100mcg-250-vcaps/,https://thehealthhouse.nl/wp-content/uploads/2026/08/27285.webp,,NOW Foods,Vitamines,NOW4155-250
52993,Candida Support (90 Vcaps),90 v-caps 2000mcg Biotine 45mg Magnesium Plantaardige ingrediënten,in stock,new,26.84 EUR,,https://thehealthhouse.nl/product/candida-support-90-vcaps/,https://thehealthhouse.nl/wp-content/uploads/2026/08/27017.webp,,NOW Foods,Gezondheidsproducten,NOW4313-90
52995,Calcium & Magnesium (60 Caps),"Glutenvrij en geschikt voor zowel veganisten als vegetariërs Per 3 capsules bevatten 100% referentie-inname (RI) voor Calcium &#038; Magnesium Halal gecertificeerd product",in stock,new,21.34 EUR,,https://thehealthhouse.nl/product/calcium-magnesium-60-caps/,https://thehealthhouse.nl/wp-content/uploads/2026/08/26849.jpg,,Applied Nutrition,Joints / Gewrichten,APN4206
52997,Dedicated Lifting Straps,2 Straps per set Lengte: 56 cm Breedte: 4 cm Duurzaam materiaal Zachte pols ondersteuning Geborduurd logo-patroon,in stock,new,19.14 EUR,,https://thehealthhouse.nl/product/dedicated-lifting-straps/,https://thehealthhouse.nl/wp-content/uploads/2026/08/26515.jpg,,DEDICATED,Gear,T-DDC107
53001,ISO-GRO WHEY (2kg),28g eiwit per portie Compleet multi-level eiwitcomplex met runder-peptiden. Sojavrij,in stock,new,92.84 EUR,,https://thehealthhouse.nl/product/iso-gro-whey-2kg/,https://thehealthhouse.nl/wp-content/uploads/2026/08/26424.jpg,,USN,Eiwitten,USN1302
53003,Thyroid Energy (180 Vcaps),Ondersteunt gezonde schildklierfunctie * Ondersteunt een gezonde stofwisseling * Verkrijgbaar in 90 en 180 Veggi Caps,in stock,new,59.84 EUR,,https://thehealthhouse.nl/product/thyroid-energy-180-vcaps/,https://thehealthhouse.nl/wp-content/uploads/2026/08/26054.webp,,NOW Foods,Gezondheidsproducten,NOW4154-180
53005,Zinc 50 mg (100 tabs),"Zinksupplement met 50 mg per tablet, verpakt per 100 tabletten.",in stock,new,15.84 EUR,,https://thehealthhouse.nl/product/zinc-50-mg-100-tabs/,https://thehealthhouse.nl/wp-content/uploads/2026/08/26033.webp,,NOW Foods,Vitamines,NOW4210-100
53009,Adam Superior Men’s Multi (60 Tabl),"Adam Superior Men’s Multi met zink, geleverd in 60 tabletten.",in stock,new,37.84 EUR,,https://thehealthhouse.nl/product/adam-superior-mens-multi-60-tabl/,https://thehealthhouse.nl/wp-content/uploads/2026/08/25355.webp,,NOW Foods,Vitamines,NOW4246-60
53011,Glucosamine & Chondroitin with MSM (180 Veggi Caps),"Combinatie van glucosamine, chondroïtine en MSM in 180 vegetarische capsules.",in stock,new,59.84 EUR,,https://thehealthhouse.nl/product/glucosamine-chondroitin-with-msm-180-veggi-caps/,https://thehealthhouse.nl/wp-content/uploads/2026/08/25351.webp,,NOW Foods,Joints / Gewrichten,NOW4249-180
53013,Iron Complex Caps (100 Veggi Caps),"Iron Complex in 100 vegetarische capsules, ook biologisch gecertificeerd.",in stock,new,23.54 EUR,,https://thehealthhouse.nl/product/iron-complex-caps-100-veggi-caps/,https://thehealthhouse.nl/wp-content/uploads/2026/08/25343.webp,,NOW Foods,Vitamines,NOW4182
53015,Iron 18mg (120 Veg Caps),Ferrochel ® IJzerbisglycinaat Zacht en niet-constiperend* Zeer hoge kwaliteit 120 Veg Caps,in stock,new,23.54 EUR,,https://thehealthhouse.nl/product/iron-18mg-120-veg-caps/,https://thehealthhouse.nl/wp-content/uploads/2026/08/25334.webp,,NOW Foods,Vitamines,NOW4181
53017,Men’s Active Sports Multi (180 Softgels),Men’s Active Sports Multi in 180 softgels voor mannen.,in stock,new,70.84 EUR,,https://thehealthhouse.nl/product/mens-active-sports-multi-180-softgels/,https://thehealthhouse.nl/wp-content/uploads/2026/08/25318.jpg,,NOW Foods,Vitamines,NOW4180-180
53019,Men’s Active Sports Multi (90 Softgels),"Men’s Active Sports Multi voor mannen, met 90 softgels.",in stock,new,37.84 EUR,,https://thehealthhouse.nl/product/mens-active-sports-multi-90-softgels/,https://thehealthhouse.nl/wp-content/uploads/2026/08/25313.jpg,,NOW Foods,Vitamines,NOW4180-90
53023,Eve Women’s Multiple Vitamin (180 Softgels),"Extra Foliumzuur en vitamine B3, B5, B6, Met Cranberry, Alpha Lipoic Acid &#038; CoQ10 Plus Superfruits – Granaatappel, Acai &#038; Mangosteen Leverbaar in 90/180 softgels / 90 tabletten / 120 v-caps (ijzer vrij)",in stock,new,70.84 EUR,,https://thehealthhouse.nl/product/eve-womens-multiple-vitamin-180-softgels/,https://thehealthhouse.nl/wp-content/uploads/2026/08/24558.jpg,,NOW Foods,Vitamines,NOW4329-180
53025,Liquid Magnesium (237ml),Met sporenmineralen 400 mg Magnesium per 3 Porties Ionische sporenmineralen,in stock,new,31.24 EUR,,https://thehealthhouse.nl/product/liquid-magnesium-237ml/,https://thehealthhouse.nl/wp-content/uploads/2026/08/24105.webp,,NOW Foods,Vitamines,NOW4606
53029,SizeOn Get Swole (24 Servings),Versnelt eiwitsynthese en spierkrachtherstel * Verhoogd spiervolume en cel-volume * Versterkt S6K1- en 4E-BP1-signalering en hypertrofische mTOR-padgeleiding * 4 geweldige smaken,in stock,new,81.84 EUR,,https://thehealthhouse.nl/product/sizeon-get-swole-24-servings/,https://thehealthhouse.nl/wp-content/uploads/2026/08/20846.jpg,,Gaspari Nutrition,Creatine,GSP7201
53037,Diet Fuel Ultra Lean (1kg),Laag suiker 25g eiwit per portie Rijk aan vezels Bevat Tolerase™ ph-stabiel lactase.,in stock,new,48.84 EUR,,https://thehealthhouse.nl/product/diet-fuel-ultra-lean-1kg/,https://thehealthhouse.nl/wp-content/uploads/2026/08/20612.jpg,,USN,Mealprep en Dieet,USN1501-1
53039,Woman’s Multi (90 caps),21 actieve ingrediënten Alles-in-één vitamine- en mineralenformule ontworpen voor vrouwen Geschikt voor vegetariërs,in stock,new,25.74 EUR,,https://thehealthhouse.nl/product/womans-multi-90-caps/,https://thehealthhouse.nl/wp-content/uploads/2026/08/20607.jpg,,USN,Vitamines,USN4202
53041,Men’s Multi (90 caps),21 actieve ingrediënten Op maat gemaakte formule voor mannen Alles-in-één vitamine- en mineralenformule,in stock,new,25.74 EUR,,https://thehealthhouse.nl/product/mens-multi-90-caps/,https://thehealthhouse.nl/wp-content/uploads/2026/08/20600.jpg,,USN,Vitamines,USN4201
53047,Snickers Hi Protein Bar White (12 x 57g),Protein Bar 20 gram eiwit per reep Met de bekende Snickers smaak Perfect voor onderweg,in stock,new,43.34 EUR,,https://thehealthhouse.nl/product/snickers-hi-protein-bar-white-12-x-57g/,https://thehealthhouse.nl/wp-content/uploads/2026/08/4670.jpg,,Mars Protein,Eiwitrepen > Eiwitten,MRS9504
53049,Bounty Protein Hi Protein Bars (12 x 52g),Protein Bar 18 gram eiwit per reep Met de bekende Bounty smaak Perfect voor onderweg 2 bars per wikkel,in stock,new,43.34 EUR,,https://thehealthhouse.nl/product/bounty-protein-hi-protein-bars-12-x-52g/,https://thehealthhouse.nl/wp-content/uploads/2026/08/4673.jpg,,Mars Protein,Eiwitrepen > Eiwitten,MRS9503
53051,M&M’s Hi Protein Peanut Bar (12x51g),M&M’s Hi Protein Peanut Bar: 12 pindasmaak-eiwitrepen van 51 gram.,in stock,new,43.34 EUR,,https://thehealthhouse.nl/product/mms-hi-protein-peanut-bar-12x51g/,https://thehealthhouse.nl/wp-content/uploads/2026/08/20291.jpg,,Mars Protein,Eiwitrepen > Eiwitten,MRS9507-PN
53053,M&M’s Hi Protein Chocolate Bar (12x51g),M&M’s Hi Protein Chocolate Bar: 12 chocolade-eiwitrepen van 51 gram.,in stock,new,43.34 EUR,,https://thehealthhouse.nl/product/mms-hi-protein-chocolate-bar-12x51g/,https://thehealthhouse.nl/wp-content/uploads/2026/08/20282.jpg,,Mars Protein,Eiwitrepen > Eiwitten,MRS9507-CH
53055,Peri-Peri Style (300 ml),"Vegan Peri-Peri Style saus van 300 ml, glutenvrij en lactosevrij.",in stock,new,10.44 EUR,,https://thehealthhouse.nl/product/peri-peri-style-300-ml/,https://thehealthhouse.nl/wp-content/uploads/2026/08/19891.jpg,,CALLOWFIT,Fit Sausjes,CAF9501-PPS
53057,Curry Mango Style (300 ml),"Vegan Curry Mango Style saus van 300 ml, glutenvrij en lactosevrij.",in stock,new,10.44 EUR,,https://thehealthhouse.nl/product/curry-mango-style-300-ml/,https://thehealthhouse.nl/wp-content/uploads/2026/08/19884.jpg,,CALLOWFIT,Fit Sausjes,CAF9501-CUM
53059,Dandelion Root 500mg (100 Veggi caps),Kruidensupplement Vegetarisch / Veganistisch Botanische / Kruiden,in stock,new,18.04 EUR,,https://thehealthhouse.nl/product/dandelion-root-500mg-100-veggi-caps/,https://thehealthhouse.nl/wp-content/uploads/2026/08/19826.webp,,NOW Foods,Liver Support,NOW4173
53061,7-Keto DHEA Metabolite 100mg (60 Veggi Caps),Natuurlijke metaboliet van DHEA Bevordert veilig thermogenese Stimuleert een gezond lichaamsgewicht Ondersteunt droge spiermassa Bevat extracten die oxidatieve stress op celniveau helpen remmen,in stock,new,76.34 EUR,,https://thehealthhouse.nl/product/7-keto-dhea-metabolite-100mg-60-veggi-caps/,https://thehealthhouse.nl/wp-content/uploads/2026/08/19821.jpg,,Life Extension,Test boosters,LEX8115-60
53065,Gluten Digest (60 Veggi caps),BioCor e® DPP IV Helpt bij het verteren van gluten en granen,in stock,new,26.84 EUR,,https://thehealthhouse.nl/product/gluten-digest-60-veggi-caps/,https://thehealthhouse.nl/wp-content/uploads/2026/08/19444.webp,,NOW Foods,Gezondheidsproducten,NOW4166
53067,NAC with Selenium & Molybdenum 600mg (250 Vcaps),"Met Selenium &#038; Molybdenum Belangrijk Antioxidant 600mg NAC per capsule Vegetarische capsules",in stock,new,54.34 EUR,,https://thehealthhouse.nl/product/nac-with-selenium-molybdenum-600mg-250-vcaps/,https://thehealthhouse.nl/wp-content/uploads/2026/08/19368.webp,,NOW Foods,EAA,NOW3211-250
53069,Niacin 500mg Flush Free Double Strength (90 Veg Capsules),Flush Free niacine van 500 mg in vegetarische capsules.,in stock,new,37.84 EUR,,https://thehealthhouse.nl/product/niacin-500mg-flush-free-double-strength-90-veg-capsules/,https://thehealthhouse.nl/wp-content/uploads/2026/08/19290.jpg,,NOW Foods,Vitamines,NOW4197-90
53073,Male Performance (60 Veggi Caps),Energie en uithoudingsvermogen 21 Hele kruiden Niet-GMO-product Glutenvrij Vegetarisch Getest door derden Bevordert energie en herstel Ondersteuning van een gezonde bloedstroom Met Wilde haver en Maca,in stock,new,56.54 EUR,,https://thehealthhouse.nl/product/male-performance-60-veggi-caps/,https://thehealthhouse.nl/wp-content/uploads/2026/08/19257.jpg,,Crystal Star,Test boosters,CRS8301
53075,Super Enzymes (90 tabs),"Super Enzymes in tabletvorm, met 90 tabletten per verpakking.",in stock,new,26.84 EUR,,https://thehealthhouse.nl/product/super-enzymes-90-tabs/,https://thehealthhouse.nl/wp-content/uploads/2026/08/19242.webp,,NOW Foods,Gezondheidsproducten,NOW4243-90
53077,Super Enzymes (180 caps),Enzymensupplement in capsulevorm met een ruime verpakking van 180 capsules.,in stock,new,48.84 EUR,,https://thehealthhouse.nl/product/super-enzymes-180-caps/,https://thehealthhouse.nl/wp-content/uploads/2026/08/19237.webp,,NOW Foods,Gezondheidsproducten,NOW4144-180
53081,Ultra Pregnenolone 50mg (60 Veggi Caps),"Gemicroniseerde Pregnenolone voor beterde absorptie HPLC getest op potentie en zuiverheid Ondersteunt de immuun-, bot- en cardiovasculaire gezondheid 60 vegetarische capsules Met Bioperine 50mg per capsule",in stock,new,48.84 EUR,,https://thehealthhouse.nl/product/ultra-pregnenolone-50mg-60-veggi-caps/,https://thehealthhouse.nl/wp-content/uploads/2026/08/19208.jpg,,NaturesPlus,Nachtrust en herstel,NPL8201
53091,P-5-P 50mg (90 Veggi Caps),Gezondheid van het zenuwstelsel Co-enzym B-6 + Mg bisglycinaat Vitamine B6 33mg (uit 50mg P-5-P) Magnesium,in stock,new,32.34 EUR,,https://thehealthhouse.nl/product/p-5-p-50mg-90-veggi-caps/,https://thehealthhouse.nl/wp-content/uploads/2026/08/18601.webp,,NOW Foods,Gezondheidsproducten,NOW4171
53093,Maca 500 (250 Veggi Caps),"Atleten, bodybuilders en andere sporters gebruiken Maca om op een natuurlijke manier hun sportieve prestaties te ondersteunen.",in stock,new,32.34 EUR,,https://thehealthhouse.nl/product/maca-500-250-veggi-caps/,https://thehealthhouse.nl/wp-content/uploads/2026/08/18524.webp,,NOW Foods,Test boosters,NOW4132-250
53095,Zinc Picolinate (120 Caps),"25mg zink per capsule Draagt o.a. bij tot het behoud van normale botten, haren, nagels en huid Ondersteunt het immuunsysteem",in stock,new,23.54 EUR,,https://thehealthhouse.nl/product/zinc-picolinate-120-caps/,https://thehealthhouse.nl/wp-content/uploads/2026/08/18264.jpg,,Universal Nutrition,Vitamines,UNI4110
53101,Colostrum Powder (85gr),Wat kan Meditropin voor mij betekenen? Je bent energieker Voel je beter en positiever Ervaar minder stress Meer uithoudingsvermogen Uw vetpercentage neemt af,in stock,new,32.34 EUR,,https://thehealthhouse.nl/product/colostrum-powder-85gr/,https://thehealthhouse.nl/wp-content/uploads/2026/08/18169.webp,,NOW Foods,EAA,NOW3015
53103,Glucosamine & Chondroitin with MSM (90 Veggi Caps),"Vegetarische capsules met glucosamine, chondroïtine en MSM in een verpakking van 90 stuks.",in stock,new,37.84 EUR,,https://thehealthhouse.nl/product/glucosamine-chondroitin-with-msm-90-veggi-caps/,https://thehealthhouse.nl/wp-content/uploads/2026/08/18149.webp,,NOW Foods,Joints / Gewrichten,NOW4249-90
53105,Whole Psyllium Husks (454gr),Biologische hele psylliumvezels in een royale verpakking van 454 gram.,in stock,new,32.34 EUR,,https://thehealthhouse.nl/product/whole-psyllium-husks-454gr/,https://thehealthhouse.nl/wp-content/uploads/2026/08/18141.webp,,NOW Foods,Gezondheidsproducten,NOW4601-454
53107,Whole Psyllium Husks (340gr),Biologische hele psylliumvezels in een verpakking van 340 gram.,in stock,new,23.54 EUR,,https://thehealthhouse.nl/product/whole-psyllium-husks-340gr/,https://thehealthhouse.nl/wp-content/uploads/2026/08/18137.webp,,NOW Foods,Gezondheidsproducten,NOW4601-340
53109,Better Stevia® Balance with Chromium & Inulin (100 Packets),"Caloriearme zoetstof 60-100 keer zoeter dan suiker Glutenvrij Bevat Inuline &#038; Chroom Vegetarisch / veganistisch product Natuurlijk Laag glycemische Suikervrij",in stock,new,22.44 EUR,,https://thehealthhouse.nl/product/better-stevia-balance-with-chromium-inulin-100-packets/,https://thehealthhouse.nl/wp-content/uploads/2026/08/18108.jpg,,NOW Foods,Food,NOW9601-1
53111,Better Stevia® French Vanilla (75 Packets),"Caloriearme zoetstof 60-100 keer zoeter dan suiker Glutenvrij Bevat natuurlijke vanille aroma&#8217;s Vegetarisch / veganistisch product Natuurlijk Laag glycemische Suikervrij",in stock,new,24.64 EUR,,https://thehealthhouse.nl/product/better-stevia-french-vanilla-75-packets/,https://thehealthhouse.nl/wp-content/uploads/2026/08/18103.jpg,,NOW Foods,Food,NOW9603
53113,Pregnenolone 50mg (60 Veggi Caps),"Gemicroniseerde Pregnenolone voor beterde absorptie HPLC getest op potentie en zuiverheid Ondersteunt de immuun-, bot- en cardiovasculaire gezondheid 60 vegetarische capsules",in stock,new,37.84 EUR,,https://thehealthhouse.nl/product/pregnenolone-50mg-60-veggi-caps/,https://thehealthhouse.nl/wp-content/uploads/2026/08/17977.jpg,,MRM Nutrition,Nachtrust en herstel,MRM8110
53115,Pregnenolone 100mg (100 Caps),Pregnenolone-supplement met 100 mg per capsule en 100 capsules per verpakking.,in stock,new,54.34 EUR,,https://thehealthhouse.nl/product/pregnenolone-100mg-100-caps/,https://thehealthhouse.nl/wp-content/uploads/2026/08/17973.jpg,,Life Extension,Nachtrust en herstel,LEX8111
53117,Pregnenolone 50mg (100 Caps),"Pregnenolone-supplement met 50 mg per capsule, geleverd in 100 capsules.",in stock,new,48.84 EUR,,https://thehealthhouse.nl/product/pregnenolone-50mg-100-caps/,https://thehealthhouse.nl/wp-content/uploads/2026/08/17966.jpg,,Life Extension,Nachtrust en herstel,LEX8110
53131,Better Stevia® Original (100 Packets),"Suikervrije Better Stevia®-zoetstof in 100 zakjes, vegan en glutenvrij.",in stock,new,19.14 EUR,,https://thehealthhouse.nl/product/better-stevia-original-100-packets/,https://thehealthhouse.nl/wp-content/uploads/2026/08/17730.jpg,,NOW Foods,Food,NOW9601
53135,Indole-3-Carbinol 200mg (60 Veg Caps),Levert de goede kracht van kruisbloemige groentes Met Calcium-D-glucarate Elke capsule levert 200 mg DIM 90 V-Caps per verpakking,in stock,new,43.34 EUR,,https://thehealthhouse.nl/product/indole-3-carbinol-200mg-60-veg-caps/,https://thehealthhouse.nl/wp-content/uploads/2026/08/17615.webp,,NOW Foods,Vitamines,NOW4315
53137,Magnesium Citrate Softgels (180 softgels),"Magnesiumcitraat in softgels, met 180 capsules per verpakking.",in stock,new,43.34 EUR,,https://thehealthhouse.nl/product/magnesium-citrate-softgels-180-softgels/,https://thehealthhouse.nl/wp-content/uploads/2026/08/17611.webp,,NOW Foods,Vitamines,NOW4310-180
53139,Collagen (300 gram),"Fundamenteel supplement Ondersteunt gezond bindweefsel Ondersteunt huid, haar en nagels Neutraal van smaak 300g per pot",in stock,new,37.84 EUR,,https://thehealthhouse.nl/product/collagen-300-gram/,https://thehealthhouse.nl/wp-content/uploads/2026/08/17435.jpg,,Universal Nutrition,Joints / Gewrichten,UNI1501
53141,Cod Liver Oil 1000mg Extra Strength (90 softgels),"Cardiovasculaire ondersteuning Vitaminen A &#038; D-3, EPA, DHA Omega-3 / visoliën Halal gecertificeerd",in stock,new,26.84 EUR,,https://thehealthhouse.nl/product/cod-liver-oil-1000mg-extra-strength-90-softgels/,https://thehealthhouse.nl/wp-content/uploads/2026/08/17132.webp,,NOW Foods,Joints / Gewrichten,NOW4270-90
53145,Echinacea Natural Orange Flavor (30 ml),Weerstand ondersteuning Gemakkelijk te nemen vloeibare formule Heerlijke natuurlijke sinaasappelsmaak Natuurlijk voorkomende antioxidanten Niet-GMO-project geverifieerd Glutenvrij Koosjer,in stock,new,26.84 EUR,,https://thehealthhouse.nl/product/echinacea-natural-orange-flavor-30-ml/,https://thehealthhouse.nl/wp-content/uploads/2026/08/16487.jpg,,ChildLife Essentials,Gezondheidsproducten,CHL4306
53147,"Beta-Glucans with ImmunEnhancer™, Extra Strength (60 vcaps)",Gezonde immuun ondersteuning 250 mg bèta-glucanen Ondersteunt de normale immuun functie Met Lariks Arabinogalactan Vegetarisch – Veganistisch Algemene gezondheid,in stock,new,37.84 EUR,,https://thehealthhouse.nl/product/beta-glucans-with-immunenhancer-extra-strength-60-vcaps/,https://thehealthhouse.nl/wp-content/uploads/2026/08/16397.webp,,NOW Foods,Gezondheidsproducten,NOW4168
53149,"Methyl B-12 Extra Strength 10,000 mcg (60 Chews)",Extra sterke vitamine B12-kauwtabletten met 10.000 mcg per chewable.,in stock,new,48.84 EUR,,https://thehealthhouse.nl/product/methyl-b-12-extra-strength-10000-mcg-60-chews/,https://thehealthhouse.nl/wp-content/uploads/2026/08/16393.webp,,NOW Foods,Vitamines,NOW4408
53151,"Methyl B-12 1,000 mcg (100 Chews)","1,000mcg Methyl B-12 per tablet 100 lozenges 100% plantaardig",in stock,new,21.34 EUR,,https://thehealthhouse.nl/product/methyl-b-12-1000-mcg-100-chews/,https://thehealthhouse.nl/wp-content/uploads/2026/08/16389.webp,,NOW Foods,Vitamines,NOW4412
53153,Vitamin D3 1000IU (360 softgels),"Vitamine D3 van 1000 IU, verpakt in een grote pot met 360 softgels.",in stock,new,26.84 EUR,,https://thehealthhouse.nl/product/vitamin-d3-1000iu-360-softgels/,https://thehealthhouse.nl/wp-content/uploads/2026/08/16371.jpg,,NOW Foods,Joints / Gewrichten,NOW4168-360
53155,Vitamin D3 10.000IU (240 softgels),"Vitamine D3 met 10.000 IU per softgel, in een verpakking van 240 stuks.",in stock,new,54.34 EUR,,https://thehealthhouse.nl/product/vitamin-d3-10-000iu-240-softgels/,https://thehealthhouse.nl/wp-content/uploads/2026/08/16365.webp,,NOW Foods,Joints / Gewrichten,NOW4170-240
53157,Apple Cider Vinegar 450mg (180 Vcaps),Niet GMO 450mg per Vcap Een voedingssupplement Algemene gezondheid,in stock,new,26.84 EUR,,https://thehealthhouse.nl/product/apple-cider-vinegar-450mg-180-vcaps/,https://thehealthhouse.nl/wp-content/uploads/2026/08/16353.webp,,NOW Foods,Liver Support,NOW5501
53159,GAT Cafeïne (100 tabs),Ondersteunt de stofwisseling * Herstelt mentaal bewustzijn * Verhoogt energie en uithoudingsvermogen * Bevordert focus *,in stock,new,19.14 EUR,,https://thehealthhouse.nl/product/gat-cafeine-100-tabs/,https://thehealthhouse.nl/wp-content/uploads/2026/08/15703.jpg,,GAT Sport,Vitaliteit,GAT6201
53163,Vitamine E 400IU Mixed Tocopherols with Selenium (100 softgels),400 IU Vitamine E per softgel 100 softgels Met Selenium,in stock,new,33.44 EUR,,https://thehealthhouse.nl/product/vitamine-e-400iu-mixed-tocopherols-with-selenium-100-softgels/,https://thehealthhouse.nl/wp-content/uploads/2026/08/15383.webp,,NOW Foods,Vitamines,NOW4160
53165,"Beta 1,3 / 1,6-D-Glucan 100 mg (90 Vcaps)",Bèta-glucanen 1.3-1.6 Ondersteunt het immuunsysteem* 100 mg per capsule Geschikt voor vegetariërs,in stock,new,26.84 EUR,,https://thehealthhouse.nl/product/beta-13-16-d-glucan-100-mg-90-vcaps/,https://thehealthhouse.nl/wp-content/uploads/2026/08/15324.webp,,NOW Foods,Gezondheidsproducten,NOW4190
53167,Collagen Peptides Powder (227 gram),Collageenpeptiden van type 1 en 3 rundercollageen Gewrichts- en botgezondheid Bevordert een gezonde huid Klinisch getest Niet GMO,in stock,new,37.84 EUR,,https://thehealthhouse.nl/product/collagen-peptides-powder-227-gram/,https://thehealthhouse.nl/wp-content/uploads/2026/08/15313.webp,,NOW Foods,Joints / Gewrichten,NOW1501
53169,Pure Collagen Types 1 and 3 Powder (200 gram),"Gehydrolyseerd rundercollageen 6g proteïne per 6,6g collageen Gluten vrij/Soja vrij 30 dagen verpakking",in stock,new,37.84 EUR,,https://thehealthhouse.nl/product/pure-collagen-types-1-and-3-powder-200-gram/,https://thehealthhouse.nl/wp-content/uploads/2026/08/15306.jpg,,Docter's Best,Joints / Gewrichten,DBE1501
53173,Grassfed Collagen Peptiden (200 gram),"10 g Bio Active NeoCell® Collageen Peptiden™ per portie Ondersteun schoonheid van binnenuit* Ondersteunt de hydratatie van de huid, de elasticiteit en stevigheid van de huid en sterke nagels* Niet-gearomatiseerd poeder mengt gemakkelijk in eten, drinken of smoothie",in stock,new,37.84 EUR,,https://thehealthhouse.nl/product/grassfed-collagen-peptiden-200-gram/,https://thehealthhouse.nl/wp-content/uploads/2026/08/15287.jpg,,NeoCell,Joints / Gewrichten,NEC1501-2
53175,Vitamin C-1000 Sustained Release With Rose Hips (100 tabl),"Vitamine C-tabletten met 1000 mg en rose hips, in een verpakking van 100 stuks.",in stock,new,21.34 EUR,,https://thehealthhouse.nl/product/vitamin-c-1000-sustained-release-with-rose-hips-100-tabl/,https://thehealthhouse.nl/wp-content/uploads/2026/08/15178.webp,,NOW Foods,Vitamines,NOW4248-100
53177,Calcium Citrate (100 tabs),"Formule met Mineralen &#038; Vitamine D-2* Calcium met hoge biologische beschikbaarheid 100 tabletten",in stock,new,26.84 EUR,,https://thehealthhouse.nl/product/calcium-citrate-100-tabs/,https://thehealthhouse.nl/wp-content/uploads/2026/08/15159.webp,,NOW Foods,Joints / Gewrichten,NOW4230-100
53179,R1 Train BCAA’s (30 servings),"7 g BCAA&#8217;s * 2,5 g L-glutamine * 1,5 g citrulline malaat GEEN stimulerende middelen GEEN vulstoffen ZERO Creatine ZERO toegevoegde suiker Zorgvuldig gemengd en verpakt in een GMP-faciliteit in de VS.",in stock,new,43.34 EUR,,https://thehealthhouse.nl/product/r1-train-bcaas-30-servings/,https://thehealthhouse.nl/wp-content/uploads/2026/08/14477.jpg,,Rule One,EAA,RUL3001
53181,Cal-Mag DK (180 Caps),Met Vitamine D-3 en K-2 Bevat Calcium en Magnesium Complete botformule,in stock,new,32.34 EUR,,https://thehealthhouse.nl/product/cal-mag-dk-180-caps/,https://thehealthhouse.nl/wp-content/uploads/2026/08/14343.webp,,NOW Foods,Joints / Gewrichten,NOW4176
53183,Niacin Flush-Free 250 mg (180 Veggi Capsules),Flush-free niacine in vegetarische capsules met 250 mg per capsule.,in stock,new,34.54 EUR,,https://thehealthhouse.nl/product/niacin-flush-free-250-mg-180-veggi-capsules/,https://thehealthhouse.nl/wp-content/uploads/2026/08/14304.webp,,NOW Foods,Vitamines,NOW4164-180
53189,Sunwarrior Protein Warrior Blend (750 gram),"100% Biologisch Plantaardige proteïne Vrij van dierlijke ingrediënten Uitgebalanceerde aminozuren Bevat BCAA&#8217;s (vertakte aminozuren) en MCT&#8217;s (middellange keten vetzuren) Licht verteerbaar Bevat vezels Vrij van chemische of kunstmatige ingrediënten Geen toegevoegde suiker Geen zuivel of soja Glutenvrij",in stock,new,54.34 EUR,,https://thehealthhouse.nl/product/sunwarrior-protein-warrior-blend-750-gram/,https://thehealthhouse.nl/wp-content/uploads/2026/08/14167.jpg,,Sunwarrior,Eiwitten > Eiwitten Vegan,SWA1002-75
53191,Mutant Test (90 caps),"Bevat Zinc, Magnesium en Vit. B6 Bevat krachtige kruiden extracten Voor de fanatieke, mannelijke sporter!",in stock,new,32.34 EUR,,https://thehealthhouse.nl/product/mutant-test-90-caps/,https://thehealthhouse.nl/wp-content/uploads/2026/08/4947.jpg,,Mutant,Test boosters,MTA8201
53193,Vitamin D3 & K2 (120 Veggi Caps),"Plantaardig Met Vitamine C 1,000 IU Vitamine D3 per capsule 45mcg Vitamine K2 per capsule",in stock,new,23.54 EUR,,https://thehealthhouse.nl/product/vitamin-d3-k2-120-veggi-caps/,https://thehealthhouse.nl/wp-content/uploads/2026/08/13618.webp,,NOW Foods,Joints / Gewrichten,NOW4175
53197,TribuPlex™ 750 (60 Veggi Caps),Kan droge spiermassa en kracht ondersteunen * Een krachtige mix van Tribulus Alatus en Tribulus Terrestris Kan libido en seksuele prestaties ondersteunen * Ondersteunt op natuurlijke wijze de testosteronniveaus * Gecertificeerd veganistisch 60 vegetarische capsules,in stock,new,37.84 EUR,,https://thehealthhouse.nl/product/tribuplex-750-60-veggi-caps/,https://thehealthhouse.nl/wp-content/uploads/2026/08/13526.jpg,,MRM Nutrition,Test boosters,MRM8305
53199,Vitamin D3 10.000IU (120 softgels),"Vitamine D3 van 10.000 IU per softgel, verpakt per 120 softgels.",in stock,new,37.84 EUR,,https://thehealthhouse.nl/product/vitamin-d3-10-000iu-120-softgels/,https://thehealthhouse.nl/wp-content/uploads/2026/08/13520.webp,,NOW Foods,Joints / Gewrichten,NOW4170-120
53203,Mutant Whey (2270 gram),"Mutant Whey eiwitpoeder in 2270 gram, met BCAA en EAA.",in stock,new,76.34 EUR,,https://thehealthhouse.nl/product/mutant-whey-2270-gram/,https://thehealthhouse.nl/wp-content/uploads/2026/08/3936.jpg,,Mutant,Eiwitten,MTA-1001-2
53205,Boron 3mg (100 Vcaps),"Biologisch actief spoorelement Bevat 3 mg borium per capsule 1 tablet per dag, bij de maaltijd",in stock,new,15.84 EUR,,https://thehealthhouse.nl/product/boron-3mg-100-vcaps/,https://thehealthhouse.nl/wp-content/uploads/2026/08/13236.webp,,NOW Foods,Joints / Gewrichten,NOW4107-100
53207,Daily Vits (250 tabs),Multi Vitamine en Mineralen Perfect voor sporters 1 tablet per dag is voldoende 250 dagen per verpakking!,in stock,new,48.84 EUR,,https://thehealthhouse.nl/product/daily-vits-250-tabs/,https://thehealthhouse.nl/wp-content/uploads/2026/08/13165.jpg,,NOW Foods,Vitamines,NOW4100-250
53209,Vitamin D3 2000IU (240 softgels),"NOW Vitamine D-2000 softgels voor gezonde botten en tanden,",in stock,new,25.74 EUR,,https://thehealthhouse.nl/product/vitamin-d3-2000iu-240-softgels/,https://thehealthhouse.nl/wp-content/uploads/2026/08/13158.webp,,NOW Foods,Joints / Gewrichten,NOW4119-240
53211,Sweet Sweat RVS Water Bottle Black (480ml),De Sweet Sweat RVS fles heeft een unieke en stijlvolle uitstraling met een nog zachtere touch.,in stock,new,26.84 EUR,,https://thehealthhouse.nl/product/sweet-sweat-rvs-water-bottle-black-480ml/,https://thehealthhouse.nl/wp-content/uploads/2026/08/13090.jpg,,Sports Research,Gear,T-SPR801
53213,Sweet Sweat Hip Bands (3 variety pack),De verpakking bevat 3 heupbanden met verschillende weerstandsniveaus en een gratis mesh draagtas voor onderweg.,in stock,new,43.34 EUR,,https://thehealthhouse.nl/product/sweet-sweat-hip-bands-3-variety-pack/,https://thehealthhouse.nl/wp-content/uploads/2026/08/13076.jpg,,Sports Research,Gear,T-SPR702-3
53215,Mini Loop Bands (5 variety pack),"Vijf verschillende niveaus van weerstand: licht, gemiddeld, zwaar, X-zwaar en XX-zwaar Effectief voor zowel training van het bovenlichaam als van het onderlichaam Mini-loopbanden kunnen overal worden gebruikt, zelfs tijdens het reizen",in stock,new,41.14 EUR,,https://thehealthhouse.nl/product/mini-loop-bands-5-variety-pack/,https://thehealthhouse.nl/wp-content/uploads/2026/08/13071.jpg,,Sports Research,Gear,T-SPR701-5
53217,Cranberry Caps (100 Vcaps),"100 v-caps 20mg Vitamine C 1,4g Cranberry",in stock,new,25.74 EUR,,https://thehealthhouse.nl/product/cranberry-caps-100-vcaps/,https://thehealthhouse.nl/wp-content/uploads/2026/08/13033.webp,,NOW Foods,Gezondheidsproducten,NOW4169
53219,Sambucus Zinc-C (60 Zuigtabletten),"Suikervrije Sambucus-zuigtabletten met vitamine C en zink, verpakking van 60 stuks.",in stock,new,21.34 EUR,,https://thehealthhouse.nl/product/sambucus-zinc-c-60-zuigtabletten/,https://thehealthhouse.nl/wp-content/uploads/2026/08/12918.webp,,NOW Foods,Vitamines,NOW4430
53221,Omega-3 Premium Fish Oil (240 softgels),Omega-3 visolie in een voordeelpot met 240 softgels.,in stock,new,59.84 EUR,,https://thehealthhouse.nl/product/omega-3-premium-fish-oil-240-softgels/,https://thehealthhouse.nl/wp-content/uploads/2026/08/12839.jpg,,California Gold Nutrition,Vitamines,CGN4501-200
53223,Omega-3 Premium Fish Oil (100 softgels),Omega-3 visolie in een compacte verpakking van 100 softgels.,in stock,new,32.34 EUR,,https://thehealthhouse.nl/product/omega-3-premium-fish-oil-100-softgels/,https://thehealthhouse.nl/wp-content/uploads/2026/08/12828.jpg,,California Gold Nutrition,Vitamines,CGN4501-100
53231,Gaspari Nutrition Creatine (300g),2 maanden voorraad Micro poeder voor betere opname Lost direct op in vloeistof Kracht en prestaties Topkwaliteit Creatine Mondhydraat,in stock,new,26.84 EUR,,https://thehealthhouse.nl/product/gaspari-nutrition-creatine-300g/,https://thehealthhouse.nl/wp-content/uploads/2026/08/3896.jpg,,Gaspari Nutrition,Creatine,GSP7002
53233,CarboMax Carbohydrates (1000g),"Perfect voor consumptie voor, tijdens en na de training Verkort de tijd van het aanvullen van glycogen Biedt een gemakkelijk op te nemen bron van glucose Vergroot de inspanningscapaciteit van het lichaam Belast het spijsverteringskanaal niet Versnelt het herstel na de training Ondersteunt energiemetabolisme Verkrijgbaar in verschillende smaken Goede oplosbaarheid",in stock,new,21.34 EUR,,https://thehealthhouse.nl/product/carbomax-carbohydrates-1000g/,https://thehealthhouse.nl/wp-content/uploads/2026/08/5638.jpg,,ActivLab,Post workout,ACL6001
53235,Vitamin C-1000 Sustained Release With Rose Hips (250 tabl),"Vitamine C met 1000 mg en rose hips, in een voorraadverpakking van 250 tabletten.",in stock,new,37.84 EUR,,https://thehealthhouse.nl/product/vitamin-c-1000-sustained-release-with-rose-hips-250-tabl/,https://thehealthhouse.nl/wp-content/uploads/2026/08/11712.webp,,NOW Foods,Vitamines,NOW4248-250
53237,Vitamin C-1000 with Rose Hips & Bioflavinoids (250 tabs),"Vitamine C-tabletten met 1000 mg, rose hips en bioflavonoïden, verpakking van 250 stuks.",in stock,new,37.84 EUR,,https://thehealthhouse.nl/product/vitamin-c-1000-with-rose-hips-bioflavinoids-250-tabs/,https://thehealthhouse.nl/wp-content/uploads/2026/08/11705.jpg,,NOW Foods,Vitamines,NOW4206-250
53239,Magnesium Citrate 400mg (240 Vcaps),"Magnesiumcitraat met 400 mg, in een grote pot van 240 vegetarische capsules.",in stock,new,54.34 EUR,,https://thehealthhouse.nl/product/magnesium-citrate-400mg-240-vcaps/,https://thehealthhouse.nl/wp-content/uploads/2026/08/11690.webp,,NOW Foods,Vitamines,NOW4160-240
53241,Calcium & Magnesium met Vit D en Zinc (240 softgels),Calcium 1000 mg Magnesium 500 mg Zinc 10 mg Vitamin D 200 IU,in stock,new,43.34 EUR,,https://thehealthhouse.nl/product/calcium-magnesium-met-vit-d-en-zinc-240-softgels/,https://thehealthhouse.nl/wp-content/uploads/2026/08/11685.webp,,NOW Foods,Joints / Gewrichten,NOW4104-240
53243,Calcium & Magnesium (250 tabs),Calcium en magnesium samen in een ruime pot met 250 tabletten.,in stock,new,37.84 EUR,,https://thehealthhouse.nl/product/calcium-magnesium-250-tabs/,https://thehealthhouse.nl/wp-content/uploads/2026/08/11677.webp,,NOW Foods,Joints / Gewrichten,NOW4110-250
53245,Omega 3 (500 softgels),"Halal omega 3-supplement in softgels, met een extra grote verpakking van 500 stuks.",in stock,new,59.84 EUR,,https://thehealthhouse.nl/product/omega-3-500-softgels/,https://thehealthhouse.nl/wp-content/uploads/2026/08/11625.webp,,NOW Foods,Vitamines,NOW4502-500
53247,Dr. Jekyll Stimulant Free (30 servings),"Langdurig trainingsuithoudingsvermogen Maximaal pomp Zonder stimulantia, zonder cafeïne, zonder suiker 30 doseringen Natuurlijke smaken",in stock,new,37.84 EUR,,https://thehealthhouse.nl/product/dr-jekyll-stimulant-free-30-servings/,https://thehealthhouse.nl/wp-content/uploads/2026/08/11398.jpg,,5% Nutrition,Pre Workout,RPI3002-1
53249,CLA (90 servings),"Helpt de droge spiermassa te verbeteren Ondersteunt een gezonde stofwisseling Helpt het lichaam vet te verbranden voor energie Kan verzadiging, het gevoel van volheid verbeteren Kan een gezonde botdichtheid ondersteunen",in stock,new,26.84 EUR,,https://thehealthhouse.nl/product/cla-90-servings/,https://thehealthhouse.nl/wp-content/uploads/2026/08/11136.jpg,,Redcon1,Fatburners,RED5301
53251,L-Carnitine (30 servings),Helpt het lichaam vet te gebruiken voor energie Ondersteunt een gezond metabolisme Verbetert het uithoudingsvermogen 1500 mg per dosering,in stock,new,37.84 EUR,,https://thehealthhouse.nl/product/l-carnitine-30-servings/,https://thehealthhouse.nl/wp-content/uploads/2026/08/11128.jpg,,Redcon1,Fatburners,RED5501
53255,Vitamine C-1000 Boost Immune System (120 servings),"1,111% dagelijkse waarde van vitamine C Versterkt uw immuunsysteem Boordevol antioxidanten Bestrijdt vrije radicalen Ondersteunt het centrale zenuwstelsel Helpt het energieniveau te ondersteunen",in stock,new,26.84 EUR,,https://thehealthhouse.nl/product/vitamine-c-1000-boost-immune-system-120-servings/,https://thehealthhouse.nl/wp-content/uploads/2026/08/11120.jpg,,Redcon1,Vitamines,RED4110
53257,Glutamine (60 servings),Glutaminepoeder met 60 porties — een praktische aanvulling voor je sportroutine.,in stock,new,26.84 EUR,,https://thehealthhouse.nl/product/glutamine-60-servings/,https://thehealthhouse.nl/wp-content/uploads/2026/08/11114.jpg,,Redcon1,Glutamine,RED3012
53259,BCAA (30 servings),Kick-start spiereiwitsynthese Ondersteunt spiergroei en herstel Kan spierpijn na de training helpen verminderen Helpt de afbraak van spierweefsel te voorkomen,in stock,new,22.44 EUR,,https://thehealthhouse.nl/product/bcaa-30-servings/,https://thehealthhouse.nl/wp-content/uploads/2026/08/11110.jpg,,Redcon1,EAA,RED3011
53261,Beta Alanine (30 servings),Vermindert spiervermoeidheid Verbetert de prestaties Verbetert het spieruithoudingsvermogen Vermindert uitputting,in stock,new,26.84 EUR,,https://thehealthhouse.nl/product/beta-alanine-30-servings/,https://thehealthhouse.nl/wp-content/uploads/2026/08/11092.jpg,,Redcon1,Pre Workout,RED3010
53267,IMMUN-C (271 gram),100 porties vitamine C-poeder per verpakking Heerlijke en verfrissende sinaasappelsmaak 1000 mg vitamine C per portie Verbeterd met vitamine D en belangrijke elektrolyten,in stock,new,34.54 EUR,,https://thehealthhouse.nl/product/immun-c-271-gram/,https://thehealthhouse.nl/wp-content/uploads/2026/08/10926.jpg,,Universal Nutrition,Vitamines,UNI4010
53277,Mutant Whey (908 gram),Mutant Whey in 908 gram: whey-eiwitpoeder met BCAA en EAA.,in stock,new,43.34 EUR,,https://thehealthhouse.nl/product/mutant-whey-908-gram/,https://thehealthhouse.nl/wp-content/uploads/2026/08/4830.jpg,,Mutant,Eiwitten,MTA1001-9
53287,Training Hardcore Strong Hooks,Professionele oefen haken met versteviging voor polsen Zeer duurzaam met een Cordura afwerking,in stock,new,20.24 EUR,,https://thehealthhouse.nl/product/training-hardcore-strong-hooks/,https://thehealthhouse.nl/wp-content/uploads/2026/08/10312.jpg,,OLIMP,Gear,T-OLI202
53291,SmartShake Slim Black (500ml),100% lekvrij BPA vrij Vriezer bestendig Afwasmachine bestendig Zeer duurzaam Afneembare opbergvak van 100 ml,in stock,new,15.84 EUR,,https://thehealthhouse.nl/product/smartshake-slim-black-500ml/,https://thehealthhouse.nl/wp-content/uploads/2026/08/10234.jpg,,Smartshake,Gear,A-SMS505
53293,SmartShake Original2Go (600ml),100% lekvrij BPA vrij Vriezer bestendig Afwasmachine bestendig Zeer duurzaam 500ml verpakking inhoud,in stock,new,16.94 EUR,,https://thehealthhouse.nl/product/smartshake-original2go-600ml/,https://thehealthhouse.nl/wp-content/uploads/2026/08/10218.jpg,,Smartshake,Gear,A-SMS503-SG
53297,DHA Kids Chewable (60 softgels),100 mg DHA Visvormige Softgels Heerlijke fruitsmaak,in stock,new,26.84 EUR,,https://thehealthhouse.nl/product/dha-kids-chewable-60-softgels/,https://thehealthhouse.nl/wp-content/uploads/2026/08/10182.jpg,,NOW Foods,Vitamines,NOW4410
53299,Creatine Monohydrate Micronized (250 gr),Creatine-monohydraat verhoogt de fysieke prestaties Kan gemakkelijk in water worden gemengd Getest op atleten Halal gecertificeerd product,in stock,new,32.34 EUR,,https://thehealthhouse.nl/product/creatine-monohydrate-micronized-250-gr/,https://thehealthhouse.nl/wp-content/uploads/2026/08/10173.jpg,,Applied Nutrition,Creatine,APN-7001-250
53301,L-Tryptophan 500 (60 Vcaps),"L-tryptofaansupplement in plantaardige capsules, verpakt per 60 Vcaps.",in stock,new,30.14 EUR,,https://thehealthhouse.nl/product/l-tryptophan-500-60-vcaps/,https://thehealthhouse.nl/wp-content/uploads/2026/08/10168.webp,,NOW Foods,Nachtrust en herstel,NOW3105-60
53303,Selenium 200 mcg (180 Vcaps),Tekort kan ontstaan ondanks evenwichtige voeding Belangrijk spoorelement Werkt als anti-oxidant Ondersteunt het immuunsysteem 200 mcg per veggie capsule,in stock,new,26.84 EUR,,https://thehealthhouse.nl/product/selenium-200-mcg-180-vcaps/,https://thehealthhouse.nl/wp-content/uploads/2026/08/10163.webp,,NOW Foods,Vitamines,NOW4223
53305,Med+Kit® All-In-One Vitamin Kit (60 Servings),Vitamine-mix met volledig spectrum Ontstekingsremmende eigenschappen Ondersteunt hormoonfunctionaliteit Ondersteunt de gezondheid van de lever Verlaagt cholesterol en ondersteunt de cardiovasculaire gezondheid Vermindert oxidatieve stress,in stock,new,70.84 EUR,,https://thehealthhouse.nl/product/medkit-all-in-one-vitamin-kit-60-servings/,https://thehealthhouse.nl/wp-content/uploads/2026/08/9997.jpg,,Redcon1,Vitamines,RED4101
53307,USN BlueLab Whey (2kg),"Wei-eiwit van topkwaliteit Eiwitmix Isolaat, Hydrolysaat en Concentraat Geoptimaliseerd met aminozuren Maar liefs 9 geweldige smaken",in stock,new,92.84 EUR,,https://thehealthhouse.nl/product/usn-bluelab-whey-2kg/,https://thehealthhouse.nl/wp-content/uploads/2026/08/9630.jpg,,USN,Eiwitten,USN1301-2
53309,USN Crunch Protein Bar (12×60 gr),Eiwitreep extra Crunch 20 gram eiwit per reep Lekker voor onderweg Vrij van Palmolie Laag in suiker 6 geweldige smaken,in stock,new,43.34 EUR,,https://thehealthhouse.nl/product/usn-crunch-protein-bar-12x60-gr/,https://thehealthhouse.nl/wp-content/uploads/2026/08/5477.jpg,,USN,Eiwitrepen > Eiwitten,USN9501
53313,Eve Women’s Multiple Vitamin (90 Softgels),"Multivitamine voor vrouwen in softgelvorm, verpakt per 90 stuks.",in stock,new,37.84 EUR,,https://thehealthhouse.nl/product/eve-womens-multiple-vitamin-90-softgels/,https://thehealthhouse.nl/wp-content/uploads/2026/08/9534.webp,,NOW Foods,Vitamines,NOW4329-90
53315,Eve Women’s Multiple Vitamin (90 Tabl),"Multivitamine voor vrouwen in tabletvorm, met 90 tabletten per verpakking.",in stock,new,37.84 EUR,,https://thehealthhouse.nl/product/eve-womens-multiple-vitamin-90-tabl/,https://thehealthhouse.nl/wp-content/uploads/2026/08/9526.webp,,NOW Foods,Vitamines,NOW4245-90
53317,Eve Women’s Multiple Vitamin (120 Vcaps),"Extra Foliumzuur en vitamine B3, B5, B6, Met Cranberry, Alpha Lipoic Acid &#038; CoQ10 Plus Superfruits – Granaatappel, Acai &#038; Mangosteen Ijzer frij Leverbaar in 90 softgels / 90 tabletten / 120 v-caps (ijzer vrij)",in stock,new,46.64 EUR,,https://thehealthhouse.nl/product/eve-womens-multiple-vitamin-120-vcaps/,https://thehealthhouse.nl/wp-content/uploads/2026/08/3757.webp,,NOW Foods,Vitamines,NOW4101-120
53319,Vitamin D3 1000IU (180 softgels),"Vitamine D3 van 1000 IU in softgelvorm, verpakking met 180 capsules.",in stock,new,16.94 EUR,,https://thehealthhouse.nl/product/vitamin-d3-1000iu-180-softgels/,https://thehealthhouse.nl/wp-content/uploads/2026/08/9502.webp,,NOW Foods,Joints / Gewrichten,NOW4168-180
53321,Oregano Oil (90 Softgels),Enteric Coated Softgel Origanum Vulgare Minimaal 55% Carvacrol Geproduceerd onder GMP kwaliteitsstandaarden,in stock,new,26.84 EUR,,https://thehealthhouse.nl/product/oregano-oil-90-softgels/,https://thehealthhouse.nl/wp-content/uploads/2026/08/9496.webp,,NOW Foods,Gezondheidsproducten,NOW4328
53323,Omega 3-6-9 1000mg (100 softgels),Voor het behoud van soepele gewrichten Heeft een gunstige invloed heeft op de droge huid Goed voor hart en bloedvaten Bevordert de gemoedstoestand Halal-gecertificeerd,in stock,new,24.64 EUR,,https://thehealthhouse.nl/product/omega-3-6-9-1000mg-100-softgels/,https://thehealthhouse.nl/wp-content/uploads/2026/08/9489.webp,,NOW Foods,Vitamines,NOW4503-100
53327,Kid Cal (100 Chewables),"Calcium Citraat, Magnesium en Vitamine D Suikervrij Met echt fruitconcentraat Een voedingssupplement Vegetarisch / veganistisch Mineralen",in stock,new,26.84 EUR,,https://thehealthhouse.nl/product/kid-cal-100-chewables/,https://thehealthhouse.nl/wp-content/uploads/2026/08/9435.jpg,,NOW Foods,Vitamines,NOW4407
53329,Acai 500mg (100 VCaps),Gevriesdroogd Ondersteunt een gezonde immuunrespons * 1000mg Acai per 2 caps Bevat 100 v-caps,in stock,new,26.84 EUR,,https://thehealthhouse.nl/product/acai-500mg-100-vcaps/,https://thehealthhouse.nl/wp-content/uploads/2026/08/9430.webp,,NOW Foods,Gezondheidsproducten,NOW4167
53331,"Aloe Vera Gels 10,000mg (250 Softgels)",Aloë Vera concentraat (200:1) 50 mg Staat gelijk aan 10.000 mg Aloë Vera 250 Softgels per verpakking,in stock,new,43.34 EUR,,https://thehealthhouse.nl/product/aloe-vera-gels-10000mg-250-softgels/,https://thehealthhouse.nl/wp-content/uploads/2026/08/9419.webp,,NOW Foods,Gezondheidsproducten,NOW4320-250
53333,Niacin Flush-Free 250 mg (90 Veg Capsules),Flush-free niacine van 250 mg in een compacte pot met 90 vegetarische capsules.,in stock,new,21.34 EUR,,https://thehealthhouse.nl/product/niacin-flush-free-250-mg-90-veg-capsules/,https://thehealthhouse.nl/wp-content/uploads/2026/08/9405.webp,,NOW Foods,Vitamines,NOW4164-90
53337,Animal Energy (60 caps),"2-traps clean energie – snel en duurzaam Handige dosering van 1 capsule Haarscherpe focus * Geen calorieën, past in elke macro 750 mg Animal Energy Complex per portie Geen calorieën, past in elke macro",in stock,new,32.34 EUR,,https://thehealthhouse.nl/product/animal-energy-60-caps/,https://thehealthhouse.nl/wp-content/uploads/2026/08/9098.jpg,,Universal Nutrition,Pre Workout,UNI6201
53341,Tribulus Pro (100 caps+10 free),"Krachttoename Libido-ondersteuning Voedingssupplement Extract gestandaardiseerd voor 40% saponinen Bevat saponinen, flavonoïden en sterolen",in stock,new,32.34 EUR,,https://thehealthhouse.nl/product/tribulus-pro-100-caps10-free/,https://thehealthhouse.nl/wp-content/uploads/2026/08/3628.jpg,,Universal Nutrition,Test boosters,UNI8001
53347,Animal Whey (2300 gram),25 gram hoogwaardig eiwit per schep Cross-flow micro gefilterd wei-eiwit isolaat Ultra-gefilterd wei-eiwit concentraat 50% dagelijkse eiwitwaarde per portie,in stock,new,103.84 EUR,,https://thehealthhouse.nl/product/animal-whey-2300-gram/,https://thehealthhouse.nl/wp-content/uploads/2026/08/9121.jpg,,Universal Nutrition,Eiwitten,UNI1301-2
53351,Amino 2700 (350 Tabs),Amino-tabletten met 2000 mg per 3 tabletten en 350 tabletten per verpakking.,in stock,new,81.84 EUR,,https://thehealthhouse.nl/product/amino-2700-350-tabs/,https://thehealthhouse.nl/wp-content/uploads/2026/08/9078.jpg,,Universal Nutrition,EAA,UNI3004-350
53355,Vitamine C-1000 with Bioflavonoids (250 Vcaps),Vitamine C-1000 met bioflavonoïden in een vegan verpakking van 250 Vcaps.,in stock,new,43.34 EUR,,https://thehealthhouse.nl/product/vitamine-c-1000-with-bioflavonoids-250-vcaps/,https://thehealthhouse.nl/wp-content/uploads/2026/08/8684.webp,,NOW Foods,Vitamines,NOW4241-250
53357,Vitamine C-1000 with Bioflavonoids (100 Vcaps),Vitamine C-1000 met bioflavonoïden in 100 vegan capsules voor dagelijkse aanvulling.,in stock,new,21.34 EUR,,https://thehealthhouse.nl/product/vitamine-c-1000-with-bioflavonoids-100-vcaps/,https://thehealthhouse.nl/wp-content/uploads/2026/08/8679.webp,,NOW Foods,Vitamines,NOW4241-100
53361,Muscle Fuel Anabolic (4kg),Lost zeer gemakkelijk op Bevat hoge concentratie eiwitten en koolhydraten Aangevuld met aminozuren en multivitaminen Helpt bij de toename van spiermassa Bevat Tolerase™ voor een vlottere spijsvertering. Mix met water of melk voor een rijke en krachtige shake Verkrijgbaar in 6 heerlijke smaken,in stock,new,103.84 EUR,,https://thehealthhouse.nl/product/muscle-fuel-anabolic-4kg/,https://thehealthhouse.nl/wp-content/uploads/2026/08/5209.jpg,,USN,Weightgainers,USN2101
53363,Harbinger Power Grip,De hand trainer bestaat uit een ergonomisch ontwerp die je hand op de juiste positie houdt met de antislip grip.,in stock,new,21.34 EUR,,https://thehealthhouse.nl/product/harbinger-power-grip/,https://thehealthhouse.nl/wp-content/uploads/2026/08/8260.jpg,,Harbinger Fitness,Gear,T-HBI701
53369,Red Line Knee Wraps,One size fits all Voor serieuze lifters Extra sterke kwaliteit Maximaliseert de stabiliteit,in stock,new,37.84 EUR,,https://thehealthhouse.nl/product/red-line-knee-wraps/,https://thehealthhouse.nl/wp-content/uploads/2026/08/8188.jpg,,Harbinger Fitness,Gear,T-HBI105
53373,ANIMAL Yellow Pak Iconic Shaker Zwart 700 ml,"ANIMAL Yellow Pak Iconic shaker in zwart, met 700 ml inhoud.",in stock,new,14.74 EUR,,https://thehealthhouse.nl/product/animal-yellow-pak-iconic-shaker-zwart-700-ml/,https://thehealthhouse.nl/wp-content/uploads/2026/08/7929.jpg,,Animal,Gear,A-UNI506
53377,Anavite (180 tabl),3 supplementen in 1 product Hoge dosering Vitamines en Mineralen Vetverbranding en NO door Carnipure Uithoudingsvermogen door Beta-alanine 60 doseringen,in stock,new,59.84 EUR,,https://thehealthhouse.nl/product/anavite-180-tabl/,https://thehealthhouse.nl/wp-content/uploads/2026/08/3854.jpg,,Gaspari Nutrition,Vitamines,GSP4201
53379,AminoMax 8000 (325 tabs),"91.0% gehydroliseerde lacto-albumine uit wei-eiwit Verrijkt met L-Leucine en L-Taurine Vergroot je spiermassa, kracht en uithoudingsvermogen Meer dan 8 gram aminozuren per serving",in stock,new,48.84 EUR,45.54 EUR,https://thehealthhouse.nl/product/aminomax-8000-325-tabs/,https://thehealthhouse.nl/wp-content/uploads/2026/08/3641.jpg,,Gaspari Nutrition,EAA,GSP3201
53381,BCAA 500 (200 Caps),"BCAA&#8217;s in de ideale 2:1:1 verhouding Helpt het herstel na de training te ondersteunen Bevordert een verbeterd training uithoudingsvermogen Verhoogt de training herstelsnelheid",in stock,new,32.34 EUR,,https://thehealthhouse.nl/product/bcaa-500-200-caps/,https://thehealthhouse.nl/wp-content/uploads/2026/08/7866.jpg,,ProSupps,EAA,PRS3101
53387,Amino Liquid (1000 ml) Cherry Burst,Vetvrije Spieropbouw Toename in Kracht Uithoudingsvermogen Spierherstel Proteine Metabolisme Snelle opname 20 doseringen per fles,in stock,new,37.84 EUR,,https://thehealthhouse.nl/product/amino-liquid-1000-ml-cherry-burst/,https://thehealthhouse.nl/wp-content/uploads/2026/08/3774.jpg,,Universal Nutrition,EAA,UNI3012
53397,Ultra Omega 3 Fish Oil (90 softgels),90 softgels 1g Visolie 500mg EPA 250mg DHA Halal-gecertificeerd,in stock,new,37.84 EUR,,https://thehealthhouse.nl/product/ultra-omega-3-fish-oil-90-softgels/,https://thehealthhouse.nl/wp-content/uploads/2026/08/7373.webp,,NOW Foods,Vitamines,NOW4520-90
53405,MediTropin (60 Sachets),Je bent energieker Voel je beter en positiever Ervaar minder stress Meer uithoudingsvermogen Uw vetpercentage neemt af,in stock,new,146.85 EUR,,https://thehealthhouse.nl/product/meditropin-60-sachets/,https://thehealthhouse.nl/wp-content/uploads/2026/08/5690.jpg,,Nutraceutics,Nachtrust en herstel,NTC3002-60
53407,Krill Oil 500 mg (120 Softgels),"Halal krillolie-softgels met omega-3, 500 mg per softgel en 120 stuks.",in stock,new,76.34 EUR,,https://thehealthhouse.nl/product/krill-oil-500-mg-120-softgels/,https://thehealthhouse.nl/wp-content/uploads/2026/08/5688.webp,,NOW Foods,Vitamines,NOW4512-120
53409,Candida Support (180 Vcaps),180 v-caps 2000mcg Biotine 45mg Magnesium Plantaardige ingrediënten,in stock,new,48.84 EUR,,https://thehealthhouse.nl/product/candida-support-180-vcaps/,https://thehealthhouse.nl/wp-content/uploads/2026/08/5686.webp,,NOW Foods,Gezondheidsproducten,NOW4313-180
53413,BerryDophilus ™ Kids (60 Chewables),"* BerryDophilus ™ kan worden gebruikt door zowel volwassenen als kinderen. BerryDophilus ™, gezoet met xylitol, is niet schadelijk voor de tanden en smaakt heerlijk. Kenmerken: 2 miljard, 10 probiotische stammen Voor kinderen en volwassenen Xylitol Gezoet Nieuwe ronde vorm",in stock,new,23.54 EUR,,https://thehealthhouse.nl/product/berrydophilus-kids-60-chewables/,https://thehealthhouse.nl/wp-content/uploads/2026/08/5674.jpg,,NOW Foods,Gezondheidsproducten,NOW4405
53423,Pure BCAA (120 caps),"BCAA&#8217;s in de ideale 2:1:1 verhouding Perfect voor zowel kracht- als duursporters BCAA’s voor dagelijks gebruik",in stock,new,21.34 EUR,,https://thehealthhouse.nl/product/pure-bcaa-120-caps/,https://thehealthhouse.nl/wp-content/uploads/2026/08/5652.jpg,,USN,EAA,USN3201
53425,"MAN Perfect Shaker by Performa, 700 ml",De Perfect Shaker (letterlijk) is een must voor het mixen van al uw heerlijke shakes en dranken. Kenmerken: Lekvrij Breuk vast Vaatwasmachine bestendig 100% BPA vrij Actionrod-technologie,in stock,new,15.84 EUR,,https://thehealthhouse.nl/product/man-perfect-shaker-by-performa-700-ml/,https://thehealthhouse.nl/wp-content/uploads/2026/08/5647.jpg,,MAN Sport,Gear,A-MAN501
53443,Double Tap (40 servings),Top Grade Fat-burner Extreme Energie Boost Verhoogd Mentale Focus 40 doseringen Heerlijke smaken,in stock,new,48.84 EUR,,https://thehealthhouse.nl/product/double-tap-40-servings/,https://thehealthhouse.nl/wp-content/uploads/2026/08/5612.jpg,,Redcon1,Fatburners,RED5001
53445,RPG Glucose Disposal (60 Servings),Ondersteunt de opname van koolhydraten!* Geeft je vollere spieren en krachtigere spierpomps 60 porties per verpakking Natuurlijke ingrediënten stimuleren de verwijdering van glucose!*,in stock,new,59.84 EUR,,https://thehealthhouse.nl/product/rpg-glucose-disposal-60-servings/,https://thehealthhouse.nl/wp-content/uploads/2026/08/5610.jpg,,Redcon1,Test boosters,RED8001
53447,Bigger By The Day (90 caps),Verbeterd de eiwitsynthese Bevordert spieropbouw/pomp Vermindert hersteltijd tussen de trainingssessies,in stock,new,81.84 EUR,,https://thehealthhouse.nl/product/bigger-by-the-day-90-caps/,https://thehealthhouse.nl/wp-content/uploads/2026/08/5598.jpg,,5% Nutrition,Test boosters,RPI8201
53451,Kre-Alkalyn EFX (240 caps),Kre-Alkalyn EFX creatinecapsules in een voordeelverpakking met 240 capsules.,in stock,new,59.84 EUR,,https://thehealthhouse.nl/product/kre-alkalyn-efx-240-caps/,https://thehealthhouse.nl/wp-content/uploads/2026/08/5587.jpg,,EFX Sports,Creatine,EFX7101-240
53465,Magnesium Citrate Pure Powder (227 gram),NOW Magnesium Citraat Poeder is een puur poeder. Ondersteunt de werking van de spieren en het zenuwstelsel en is goed voor botten en tanden. Kenmerken: Topkwaliteit van Now Foods! Draagt bij aan een normale spierwerking Heeft een positieve invloed op de werking van het zenuwstelsel,in stock,new,26.84 EUR,,https://thehealthhouse.nl/product/magnesium-citrate-pure-powder-227-gram/,https://thehealthhouse.nl/wp-content/uploads/2026/08/5564.webp,,NOW Foods,Nachtrust en herstel,NOW4007
53467,Vitamin B-12 Instant Energy (75 zakjes),"NOW ® Vitamine B12 Instant Energy is de perfecte manier om alert en energiek te blijven – altijd en overal. * Deze handige pakketten zijn perfect voor portemonnee, zak en onderweg. Kenmerken 2.000 mcg van B12 Met B-complex, chroom en creatine Drie vormen van B12, inclusief co-enzymen Blijf alert en scherp *",in stock,new,26.84 EUR,,https://thehealthhouse.nl/product/vitamin-b-12-instant-energy-75-zakjes/,https://thehealthhouse.nl/wp-content/uploads/2026/08/5562.webp,,NOW Foods,Vitamines,NOW6005
53469,Odorless Garlic (100 Softgels),"Knoflook is rijk aan natuurlijk voorkomende zwavelverbindingen, aminozuren en mineralen en sporenelementen. Kenmerken: Geconcentreerd extract van de gehele knoflookteen Opgelost in rijstzemelenolie voor een gemakkelijke opname. Van nature rijk aan zwavelverbindingen.",in stock,new,21.34 EUR,,https://thehealthhouse.nl/product/odorless-garlic-100-softgels/,https://thehealthhouse.nl/wp-content/uploads/2026/08/5560.webp,,NOW Foods,Gezondheidsproducten,NOW4163-100
53471,Calcium Citrate Pure Powder (227 gram),"Calcium Citraat is een uitstekende vorm van Calcium, die goed door het lichaam wordt opgenomen. Kenmerken: Zeer biologische Calcium Verbeterde oplosbaarheid 630mg Calcium per 1 ½ theelepel",in stock,new,23.54 EUR,,https://thehealthhouse.nl/product/calcium-citrate-pure-powder-227-gram/,https://thehealthhouse.nl/wp-content/uploads/2026/08/5558.webp,,NOW Foods,Joints / Gewrichten,NOW4006
53475,FO-TI 560 mg (100 caps),Kruidensupplement GMP kwaliteit verzekerd Voedingssupplement,in stock,new,24.64 EUR,,https://thehealthhouse.nl/product/fo-ti-560-mg-100-caps/,https://thehealthhouse.nl/wp-content/uploads/2026/08/5554.webp,,NOW Foods,Gezondheidsproducten,NOW4162
53477,THE SHADOW! (30 Servings),350 mg cafeïne per portie Drie geweldige smaken 2000 mg Beta-Alanine per dosering,in stock,new,43.34 EUR,,https://thehealthhouse.nl/product/the-shadow-30-servings/,https://thehealthhouse.nl/wp-content/uploads/2026/08/5547.jpg,,JNX Sports,Pre Workout,JNX3003
53481,Tribulus Black 1400 (90 caps),"Black-serie Maximale kracht Voedingssupplement Natuurlijke testosteron ondersteuning Helpt verbeterde mannelijke prestaties Vernieuwt Vitaliteit, Energie &#038; Uithoudingsvermogen Helpt spier- en krachtondersteuning",in stock,new,32.34 EUR,,https://thehealthhouse.nl/product/tribulus-black-1400-90-caps/,https://thehealthhouse.nl/wp-content/uploads/2026/08/5529.jpg,,Nutrex,Test boosters,NTR8201
53497,Collagen Peptides (397 gram),"Keto &#038; Paleo vriendelijk 100% veganistische collageenbevorderende ingrediënten Soja-vrij, glutenvrij, zonder toegevoegde suikers, veganistisch",in stock,new,37.84 EUR,,https://thehealthhouse.nl/product/collagen-peptides-397-gram/,https://thehealthhouse.nl/wp-content/uploads/2026/08/5463.jpg,,NuNaturals,Joints / Gewrichten,NNA1501
53499,Sunwarrior Classic Protein (750 gram),"Plantaardige proteïne Vrij van dierlijke ingrediënten Uitgebalanceerde aminozuren Bevat BCAA&#8217;s (vertakte aminozuren) en MCT&#8217;s (middellange keten vetzuren) Vrij van chemische of kunstmatige Ingrediënten Geen toegevoegde suiker Geen zuivel of soja Glutenvrij Hypoallergeen",in stock,new,54.34 EUR,,https://thehealthhouse.nl/product/sunwarrior-classic-protein-750-gram/,https://thehealthhouse.nl/wp-content/uploads/2026/08/5458.jpg,,Sunwarrior,Eiwitten > Eiwitten Vegan,SWA1001-75
53501,Animal Cuts (42 Packs),35 actieve ingrediënten 1 zakje Animal cuts per dag Dagelijks nodige stoffen voor sporters Veel gebruikt door professionele bodybuilders 42 packs per verpakking,in stock,new,76.34 EUR,,https://thehealthhouse.nl/product/animal-cuts-42-packs/,https://thehealthhouse.nl/wp-content/uploads/2026/08/8771.jpg,,Universal Nutrition,Fatburners,UNI5501
53505,Liquid L-Carnitine 3150 (473 ml),25 mg GBB Ondersteund energie productie Vet verbranden 2 heerlijke smaken,in stock,new,45.54 EUR,,https://thehealthhouse.nl/product/liquid-l-carnitine-3150-473-ml/,https://thehealthhouse.nl/wp-content/uploads/2026/08/5440.jpg,,5% Nutrition,Fatburners,RPI5501
53507,L-Carnosine 500 mg (100 Vcaps),Gezond ouder worden Ondersteunt spier vitaliteit Free Radical Scavenger Ondersteunt celintegriteit Niet gmo,in stock,new,59.84 EUR,,https://thehealthhouse.nl/product/l-carnosine-500-mg-100-vcaps/,https://thehealthhouse.nl/wp-content/uploads/2026/08/10058.webp,,NOW Foods,Gezondheidsproducten,NOW4314-100
53509,Shark Cartilage 750mg (100 Caps),Haaienkraakbeen-supplement met 750 mg per capsule en 100 capsules per pot.,in stock,new,37.84 EUR,,https://thehealthhouse.nl/product/shark-cartilage-750mg-100-caps/,https://thehealthhouse.nl/wp-content/uploads/2026/08/10052.webp,,NOW Foods,Joints / Gewrichten,NOW4247-100
53511,SuperPump Max (500 gram),Waanzinnige pomp Ondersteunt uithoudingsvermogen Bestrijdt spierpijn en vermoeidheid Verhoogt het uithoudingsvermogen 25/50 doseringen,in stock,new,54.34 EUR,,https://thehealthhouse.nl/product/superpump-max-500-gram/,https://thehealthhouse.nl/wp-content/uploads/2026/08/5410.jpg,,Gaspari Nutrition,Pre Workout,GSP3007
53515,Chocolate Saus (300 ml),"Maak je toetje nog net iets lekkerder met deze heerlijke chocolade dessertsaus van Callowfit de nieuwe trend voor een gezonde voeding. Glutenvrij, lactosevrij, vegan en zonder aspartaam",in stock,new,10.44 EUR,,https://thehealthhouse.nl/product/chocolate-saus-300-ml/,https://thehealthhouse.nl/wp-content/uploads/2026/08/5406.jpg,,CALLOWFIT,Fit Sausjes,CAF9601-CHO
53525,Vitamin D3 5000IU (240 softgels),Vitamin D3 5000IU in een grootverpakking met 240 softgels.,in stock,new,32.34 EUR,,https://thehealthhouse.nl/product/vitamin-d3-5000iu-240-softgels/,https://thehealthhouse.nl/wp-content/uploads/2026/08/5382.webp,,NOW Foods,Vitamines,NOW4123-240
53533,Grunt EAA (30 servings),"9,5 Gram EAA’s per portie Vermindert spierpijn Ondersteunt spierherstel",in stock,new,43.34 EUR,,https://thehealthhouse.nl/product/grunt-eaa-30-servings/,https://thehealthhouse.nl/wp-content/uploads/2026/08/5352.jpg,,Redcon1,EAA,RED3002
53535,Breach (30 servings),5 Gram BCAA’s Bevorderd snel herstel Vergroot uithoudingsvermogen Met elektrolyten en vitaminen 30 Doseringen,in stock,new,37.84 EUR,,https://thehealthhouse.nl/product/breach-30-servings/,https://thehealthhouse.nl/wp-content/uploads/2026/08/5345.jpg,,Redcon1,EAA,RED3001
53537,Quercetin with Bromelain (120 Vcaps),Hoge kwaliteit! Met Bromelaïne Vegetarische capsule 800 mg per 2 capsules,in stock,new,43.34 EUR,,https://thehealthhouse.nl/product/quercetin-with-bromelain-120-vcaps/,https://thehealthhouse.nl/wp-content/uploads/2026/08/5343.webp,,NOW Foods,Vitamines,NOW42341
53541,Green Tea Extract 500 (100 Caps),500 mg Groene Thee Extract per capsule Krachtig antioxidant gehalte voor cellulaire gezondheid * Helpt vetopslag te verminderen en vetverbranding te bevorderen Stimulant vrije formule,in stock,new,25.74 EUR,,https://thehealthhouse.nl/product/green-tea-extract-500-100-caps/,https://thehealthhouse.nl/wp-content/uploads/2026/08/5323.jpg,,RSP Nutrition,Fatburners,RSP5202
53547,Mutant ZM8+ (90 capsules),"Professionele formule Betere eiwitsynthese Plus BioPerine ® Bevat ZMA (Vit. B6, Zinc en Magnesium) Bevat ook Vit. D en B12.",in stock,new,26.84 EUR,,https://thehealthhouse.nl/product/mutant-zm8-90-capsules/,https://thehealthhouse.nl/wp-content/uploads/2026/08/5309.jpg,,Mutant,ZMA,MTA8202
53549,Resistance Bands,"Set van 5: zwaar uitgevoerde oefenings- en weerstandstraining-trainingsbanden met 5 verschillende weerstandsniveaus tot 150 pond. Bevat: Sweet Sweat Sample, deuranker, enkelband, oefenhandleiding en draagtas.",in stock,new,70.84 EUR,,https://thehealthhouse.nl/product/resistance-bands/,https://thehealthhouse.nl/wp-content/uploads/2026/08/5303.jpg,,Sports Research,Gear,T-SPR601-5
53551,L-Tyrosine Powder (113 gram),Een krachtige stemmingsverbeteraar Verbetert focus en concentratie Bestrijdt mentale vermoeidheid,in stock,new,34.54 EUR,,https://thehealthhouse.nl/product/l-tyrosine-powder-113-gram/,https://thehealthhouse.nl/wp-content/uploads/2026/08/5301.webp,,NOW Foods,EAA,NOW3010
53553,4 Inch Padded Leather Belt,Ontwikkeld voor middel tot zwaar tillen Optimale ondersteuning tijdens het squatten en deadliften Binnenkant voorzien van schuim en suède voor optimaal comfort Stalen roller gesp Dubbelgestike gewichthefriem Ter ondersteuning van je onderrug,in stock,new,37.84 EUR,,https://thehealthhouse.nl/product/4-inch-padded-leather-belt/,https://thehealthhouse.nl/wp-content/uploads/2026/08/5285.jpg,,Harbinger Fitness,Gear,T-HBI302
53555,4 Inch Nylon Belt,Optimale ondersteuning Voorzien van een zware stalen ratelgesp Flexibel nylon,in stock,new,32.34 EUR,,https://thehealthhouse.nl/product/4-inch-nylon-belt/,https://thehealthhouse.nl/wp-content/uploads/2026/08/5278.jpg,,Harbinger Fitness,Gear,T-HBI301
53557,Red Line Wrist Wraps Black/Red,Lengte: 45 cm Extra sterke kwaliteit Met handige duimlus 1 paar – one size fits all,in stock,new,25.74 EUR,,https://thehealthhouse.nl/product/red-line-wrist-wraps-black-red/,https://thehealthhouse.nl/wp-content/uploads/2026/08/5276.jpg,,Harbinger Fitness,Gear,T-HBI104-RWW
53563,SmartShake Lite Glossy Camo (1000ml),"Vaatwasser proof Lekvrij Duurzaam Grote inhoud 1 liter Verkrijgbaar in Camo White &#038; Camo Pink",in stock,new,15.84 EUR,,https://thehealthhouse.nl/product/smartshake-lite-glossy-camo-1000ml/,https://thehealthhouse.nl/wp-content/uploads/2026/08/7934.jpg,,Smartshake,Gear,A-SMS507
53565,Freak Show (180 caps),Transporteert koolhydraten naar de spieren Verbetert uithoudingsvermogen Voorkomt vetopslag Extreme pomp,in stock,new,59.84 EUR,,https://thehealthhouse.nl/product/freak-show-180-caps/,https://thehealthhouse.nl/wp-content/uploads/2026/08/5239.jpg,,5% Nutrition,Test boosters,RPI4203
53571,Horny Goat Weed Extract 750 mg (90 tabl),Geschikt voor mannen en vrouwen Plus 150 mg Maca Root Nieuwe ovale tabletten,in stock,new,45.54 EUR,,https://thehealthhouse.nl/product/horny-goat-weed-extract-750-mg-90-tabl/,https://thehealthhouse.nl/wp-content/uploads/2026/08/10090.webp,,NOW Foods,Test boosters,NOW4215
53573,Smoky BBQ Saus (300 ml),"Smoky BBQ saus zonder vet en suiker de nieuwe trend voor een gezonde voeding. Glutenvrij, lactosevrij, vegan en zonder aspartaam",in stock,new,10.44 EUR,,https://thehealthhouse.nl/product/smoky-bbq-saus-300-ml/,https://thehealthhouse.nl/wp-content/uploads/2026/08/5207.jpg,,CALLOWFIT,Fit Sausjes,CAF9501-SBQ
53575,Tomato Ketchup (300 ml),"Ketchup saus zonder vet en suiker de nieuwe trend voor een gezonde voeding. Glutenvrij, lactosevrij, vegan en zonder aspartaam",in stock,new,10.44 EUR,,https://thehealthhouse.nl/product/tomato-ketchup-300-ml/,https://thehealthhouse.nl/wp-content/uploads/2026/08/5205.jpg,,CALLOWFIT,Fit Sausjes,CAF9501-TOM
53577,Curry Ketchup Sauce (300 ml),"Curry Ketchup saus zonder vet en suiker de nieuwe trend voor een gezonde voeding. Glutenvrij, lactosevrij, vegan en zonder aspartaam",in stock,new,10.44 EUR,,https://thehealthhouse.nl/product/curry-ketchup-sauce-300-ml/,https://thehealthhouse.nl/wp-content/uploads/2026/08/5203.jpg,,CALLOWFIT,Fit Sausjes,CAF9501-CUK
53581,Sweet Chili Saus (300 ml),"Sweet Chili Saus zonder vet en suiker de nieuwe trend voor een gezonde voeding. Glutenvrij, lactosevrij, vegan en zonder aspartaam",in stock,new,10.44 EUR,,https://thehealthhouse.nl/product/sweet-chili-saus-300-ml/,https://thehealthhouse.nl/wp-content/uploads/2026/08/5198.jpg,,CALLOWFIT,Fit Sausjes,CAF9501-SCH
53583,Honey Mustard Style Saus (300 ml),"Honey Mustard saus zonder vet en suiker de nieuwe trend voor een gezonde voeding. Glutenvrij, lactosevrij, vegan en zonder aspartaam",in stock,new,10.44 EUR,,https://thehealthhouse.nl/product/honey-mustard-style-saus-300-ml/,https://thehealthhouse.nl/wp-content/uploads/2026/08/5196.jpg,,CALLOWFIT,Fit Sausjes,CAF9501-HOM
53587,Caesar Style Dressing (300 ml),"Ceaser Style Dressing zonder vet en suiker de nieuwe trend voor een gezonde voeding. Glutenvrij, lactosevrij, vegan en zonder aspartaam",in stock,new,10.44 EUR,,https://thehealthhouse.nl/product/caesar-style-dressing-300-ml/,https://thehealthhouse.nl/wp-content/uploads/2026/08/5192.jpg,,CALLOWFIT,Fit Sausjes,CAF9501-CEA
53589,Mayo Style Saus (300 ml),"Mayo Style Sauce zonder vet en suiker de nieuwe trend voor een gezonde voeding. Glutenvrij, lactosevrij, vegan en zonder aspartaam",in stock,new,10.44 EUR,,https://thehealthhouse.nl/product/mayo-style-saus-300-ml/,https://thehealthhouse.nl/wp-content/uploads/2026/08/5190.jpg,,CALLOWFIT,Fit Sausjes,CAF9501-MY
53591,Fancy Garlic Knoflooksaus (300 ml),"Fancy Garlic Saus zonder vet en suiker de nieuwe trend voor een gezonde voeding. Glutenvrij, lactosevrij, vegan en zonder aspartaam",in stock,new,10.44 EUR,,https://thehealthhouse.nl/product/fancy-garlic-knoflooksaus-300-ml/,https://thehealthhouse.nl/wp-content/uploads/2026/08/5188.jpg,,CALLOWFIT,Fit Sausjes,CAF9501-FG
53595,"ISO-Amino, 30 serv","Pure Isolated BCAA&#8217;s Kenmerken: Instand BCAA’s Wateroplosbaar 30 doseringen Waanzinnige Candy smaken",in stock,new,32.34 EUR,,https://thehealthhouse.nl/product/iso-amino-30-serv/,https://thehealthhouse.nl/wp-content/uploads/2026/08/5177.jpg,,MAN Sport,EAA,MAN3001-30
53605,DOPA Mucuna (90 Vcaps),"L-Dopa verbetert stemming, concentratievermogen en focus. Kenmerken: Gestandaardiseerd extract van Mucuna Natuurlijk voorkomende 15% L-Dopa Verbetert stemming, concentratievermogen en focus",in stock,new,32.34 EUR,,https://thehealthhouse.nl/product/dopa-mucuna-90-vcaps/,https://thehealthhouse.nl/wp-content/uploads/2026/08/5161.webp,,NOW Foods,Vitamines,NOW4161-90
53607,Platinum 100% L-Arginine (100 Caplets),Ondersteunt vaatverwijding voor meer doorbloeding 1.000 mg L-arginine is de voorloper van stikstofmonoxide Ervaar intense pompen en beter herstel,in stock,new,23.54 EUR,,https://thehealthhouse.nl/product/platinum-100-l-arginine-100-caplets/,https://thehealthhouse.nl/wp-content/uploads/2026/08/5156.jpg,,Muscletech,Pump,MUT3101
53623,Kre-Alkalyn EFX Powder (100 gram),Geen stimulerende middelen en geen verboden substanties! Geen ladenfase nodig! Voeg simpel een dosering toe bij elk willekeurig ander product! Geen chemische nasmaak en geen chemische additieven!,in stock,new,37.84 EUR,,https://thehealthhouse.nl/product/kre-alkalyn-efx-powder-100-gram/,https://thehealthhouse.nl/wp-content/uploads/2026/08/5094.jpg,,EFX Sports,Creatine,EFX7001
53625,L-Carnitine (60 Vcaps),"L-Carnitine Tartrate 500mg Boost uithouding &#038; Atletische prestaties Simulant-vrije fatburner",in stock,new,26.84 EUR,,https://thehealthhouse.nl/product/l-carnitine-60-vcaps/,https://thehealthhouse.nl/wp-content/uploads/2026/08/5083.jpg,,GAT Sport,Fatburners,GAT5202
53627,Testrol Gold ES (60 tabs),"Bevat DIM (3,3′-diindolylmethane) 200 mg/dosering Betere trainingsprestaties Verhoogd libido 30 porties",in stock,new,59.84 EUR,,https://thehealthhouse.nl/product/testrol-gold-es-60-tabs/,https://thehealthhouse.nl/wp-content/uploads/2026/08/5081.jpg,,GAT Sport,Test boosters,GAT8101
53631,Mens Multi+Test (60 tabs),Geformuleerd voor de actieve man Met Tribulus Terrestris 30 doseringen/maand verpakking,in stock,new,37.84 EUR,,https://thehealthhouse.nl/product/mens-multitest-60-tabs/,https://thehealthhouse.nl/wp-content/uploads/2026/08/5077.jpg,,GAT Sport,Test boosters,GAT4101-60
53633,NAC with Selenium & Molybdenum 600mg (100 Vcaps),"N-Acetyl Cysteïne (NAC) is een stabiele vorm van het niet-essentiële aminozuur L-cysteïne. Kenmerken N-Acetyl Cysteïne : Met Selenium &#038; Molybdenum Belangrijk Antioxidant 600mg NAC per capsule Vegetarische capsules",in stock,new,30.14 EUR,,https://thehealthhouse.nl/product/nac-with-selenium-molybdenum-600mg-100-vcaps/,https://thehealthhouse.nl/wp-content/uploads/2026/08/5075.webp,,NOW Foods,EAA,NOW3211-100
53635,L-Theanine 100mg (90 Vcaps),Werkt ontspannend Het aminozuur uit groene theeplant 100 mg L-Theanine per capsule Vegetarische capsules,in stock,new,32.34 EUR,,https://thehealthhouse.nl/product/l-theanine-100mg-90-vcaps/,https://thehealthhouse.nl/wp-content/uploads/2026/08/5073.webp,,NOW Foods,Nachtrust en herstel,NOW3210
53637,L-Proline 500mg (120 Vcaps),L-Proline is een aminozuur dat nodig is voor de productie van collageen. Collageen is het belangrijkste structurele eiwit dat het bindweefsels vormt. Kenmerken L-Proline: Collageenproductie 500mg per capsule Vegetarische capsules,in stock,new,22.44 EUR,,https://thehealthhouse.nl/product/l-proline-500mg-120-vcaps/,https://thehealthhouse.nl/wp-content/uploads/2026/08/5067.webp,,NOW Foods,EAA,NOW3208
53639,L-Ornithine 500mg (120 Vcaps),Gezond eiwit metabolisme 500mg per capsule Vegetarische capsules,in stock,new,26.84 EUR,,https://thehealthhouse.nl/product/l-ornithine-500mg-120-vcaps/,https://thehealthhouse.nl/wp-content/uploads/2026/08/5065.webp,,NOW Foods,Liver Support,NOW3206
53641,L-Cysteïne 500mg (100 tabs),"L-Cysteïne is een niet-essentieel zwavel-aminozuur, dat een cruciale rol speelt in het metabolisme van methionine, taurine en glutathion. Kenmerken L-Cysteïne: Voor gezonde huid, haar en nagels Met vitamine B-6 en C 500mg L-Cysteïne per tablet",in stock,new,22.44 EUR,,https://thehealthhouse.nl/product/l-cysteine-500mg-100-tabs/,https://thehealthhouse.nl/wp-content/uploads/2026/08/5063.webp,,NOW Foods,EAA,NOW3107
53643,Glutathione 250mg (60 Vcaps),Glutathion is van cruciaal belang voor een gezonde werking van het immuunsysteem en is noodzakelijk voor een goed ontgiftingsproces. Kenmerken Glutathion: 100% de beste koop in Glutathion! 250mg per capsule Vegetarische capsules Met Mariadistel-extract en alfa-liponzuur,in stock,new,32.34 EUR,,https://thehealthhouse.nl/product/glutathione-250mg-60-vcaps/,https://thehealthhouse.nl/wp-content/uploads/2026/08/5061.webp,,NOW Foods,Liver Support,NOW3201
53645,Magnesium Inositol Relax (454 gram),"NOW ® Magnesium Inositol Relax Poeder combineert magnesium en inositol, twee voedingsstoffen die ontspanning en een normale stemming ondersteunen. Kenmerken Magnesium Inositol Relax Poeder Ondersteunt de werking van de spieren en het zenuwstelsel Bevordert Relaxation Verfrissende Limonade Smaak",in stock,new,43.34 EUR,,https://thehealthhouse.nl/product/magnesium-inositol-relax-454-gram/,https://thehealthhouse.nl/wp-content/uploads/2026/08/5055.webp,,NOW Foods,Nachtrust en herstel,NOW4004
53647,DHEA 100 (60 Veggi Caps),Eigenschappen Life Extension DHEA 100mg: 100 mg per vegetarische capsules Ondersteund de algehele gezondheid Voor mannen en vrouwen,in stock,new,48.84 EUR,,https://thehealthhouse.nl/product/dhea-100-60-veggi-caps/,https://thehealthhouse.nl/wp-content/uploads/2026/08/5049.jpg,,Life Extension,Test boosters,LEX8103
53649,Mutant Madness (30 servings),"Hardcore pre-workout voor gevorderde sporters Netto 400 mg cafeïne per portie 5 Soorten cafeïne Arginine, citrulline, beta-alanine en meer 30 porties per verpakking Wees voorzichtig: erg hoge dosering",in stock,new,34.54 EUR,,https://thehealthhouse.nl/product/mutant-madness-30-servings/,https://thehealthhouse.nl/wp-content/uploads/2026/08/5036.jpg,,Mutant,Pre Workout,MTA3003-30
53657,Liver & Organ Defender (270 caps),1000mg N-Acetyl Cystine 30mg Vitamine B6 270 capsules (30 dagen),in stock,new,54.34 EUR,,https://thehealthhouse.nl/product/liver-organ-defender-270-caps/,https://thehealthhouse.nl/wp-content/uploads/2026/08/4978.jpg,,5% Nutrition,Liver Support,RPI4201
53659,Full Spectrum Mineral Caps (120 Vcaps),Hoog calciumgehalte voor gezondheid van botten ijzer vrije formule 120 caps/2 maanden verpakking,in stock,new,34.54 EUR,,https://thehealthhouse.nl/product/full-spectrum-mineral-caps-120-vcaps/,https://thehealthhouse.nl/wp-content/uploads/2026/08/4976.webp,,NOW Foods,Vitamines,NOW4240
53661,Hyaluronic Acid with MSM 50mg (60 Vcaps),50 mg per capsule Bevat MSM 60 Veg capsules per verpakking,in stock,new,26.84 EUR,,https://thehealthhouse.nl/product/hyaluronic-acid-with-msm-50mg-60-vcaps/,https://thehealthhouse.nl/wp-content/uploads/2026/08/4974.webp,,NOW Foods,Joints / Gewrichten,NOW4308
53663,Betaine HCI 648mg (120 Vcaps),Ondersteunt de spijsvertering en eiwitvertering. Kenmerken Betaïne HCL: Genoeg voor 40 dagen 1 capsule per maaltijd Betaïne HCI (648 mg) Pepsine (150 mg),in stock,new,26.84 EUR,,https://thehealthhouse.nl/product/betaine-hci-648mg-120-vcaps/,https://thehealthhouse.nl/wp-content/uploads/2026/08/4972.webp,,NOW Foods,Gezondheidsproducten,NOW4305
53665,Glucosamine & Chondroitin with Trace Minerals (120 Vcaps),Glucosamine HCL Chondroitin Sulfate De keuze voor sporters!,in stock,new,48.84 EUR,,https://thehealthhouse.nl/product/glucosamine-chondroitin-with-trace-minerals-120-vcaps/,https://thehealthhouse.nl/wp-content/uploads/2026/08/4970.webp,,NOW Foods,Joints / Gewrichten,NOW4239
53667,Panax Ginseng Extract (100 Veggi Caps),Panax ginseng-extract van 500 mg in een verpakking met 100 vegetarische capsules.,in stock,new,30.14 EUR,,https://thehealthhouse.nl/product/panax-ginseng-extract-100-veggi-caps/,https://thehealthhouse.nl/wp-content/uploads/2026/08/4968.webp,,NOW Foods,Vitaliteit,NOW4238-100
53669,Astaxanthin Extra Strength 10 mg (60 softgels),Extra Strength Astaxanthine 10mg van Now Foods bevat natuurlijke Astaxanthine. Astaxanthine kenmerken: 60 softgels 100% zuiver 10mg Astaxanthine,in stock,new,48.84 EUR,,https://thehealthhouse.nl/product/astaxanthin-extra-strength-10-mg-60-softgels/,https://thehealthhouse.nl/wp-content/uploads/2026/08/4966.webp,,NOW Foods,Gezondheidsproducten,NOW4237
53671,Astaxanthin 4mg (60 softgels),Ondersteunt de gezondheid van het oog Krachtige carotenoïde antioxidant Gezonde ontstekingsreactie Vegetarische formule 100% zuiver 4mg Astaxanthine 60 softgels,in stock,new,26.84 EUR,,https://thehealthhouse.nl/product/astaxanthin-4mg-60-softgels/,https://thehealthhouse.nl/wp-content/uploads/2026/08/4964.webp,,NOW Foods,Gezondheidsproducten,NOW4236-60
53673,Cat’s Claw 500mg (250 Vcaps),Een populair natuurlijk middel 1-3 maal daags 2 vegicaps 2000 mg kattenklauw per dosering,in stock,new,32.34 EUR,,https://thehealthhouse.nl/product/cats-claw-500mg-250-vcaps/,https://thehealthhouse.nl/wp-content/uploads/2026/08/4962.jpg,,NOW Foods,Liver Support,NOW4235-120
53675,5150 Pre-Workout (30 servings),4 gram L-citrulline 2 gram Beta alanine Mega dosis Stim Complex! Revolutionaire energie en nootropische Cocoabuterol® 30 servings,in stock,new,56.54 EUR,,https://thehealthhouse.nl/product/5150-pre-workout-30-servings/,https://thehealthhouse.nl/wp-content/uploads/2026/08/10953.jpg,,5% Nutrition,Pre Workout,RPI3008
53677,Mutant BCAA Caps (400 caps),Verhoogt de eiwitsynthese Ondersteunt de groei van droge spieren Biedt essentiële elementen voor spierherstel,in stock,new,43.34 EUR,,https://thehealthhouse.nl/product/mutant-bcaa-caps-400-caps/,https://thehealthhouse.nl/wp-content/uploads/2026/08/4956.jpg,,Mutant,EAA,MTA3201-400
53679,Mutant BCAA Caps (200 caps),Verhoogt de eiwitsynthese Ondersteunt de groei van droge spieren Biedt essentiële elementen voor spierherstel Makkelijk te doseren capsules,in stock,new,26.84 EUR,,https://thehealthhouse.nl/product/mutant-bcaa-caps-200-caps/,https://thehealthhouse.nl/wp-content/uploads/2026/08/4954.jpg,,Mutant,EAA,MTA3201-200
53683,Sweet Sweat Thigh Trimmer,"Wordt geleverd met twee dijtrimmers en draagtas Gemaakt van voorgevormd latexvrij neopreen voor een comfortabele pasvorm Natuurlijk flexibel om aan te passen aan uw maat en vorm, waardoor een volledige bewegingsvrijheid mogelijk is Bevat een geweven raster binnenvoering om vochtabsorptie en uitglijden te voorkomen",in stock,new,45.54 EUR,,https://thehealthhouse.nl/product/sweet-sweat-thigh-trimmer/,https://thehealthhouse.nl/wp-content/uploads/2026/08/4941.jpg,,Sports Research,Gear,T-SPR501
53685,Sweet Sweat Arm Trimmer,"Wordt geleverd met twee premium-arm trimmers, draagtas en een Sweet Sweat sample Gemaakt van voorgevormd latexvrij neopreen voor een comfortabele pasvorm Natuurlijk flexibel om aan te passen aan uw maat en vorm, waardoor een volledige bewegingsvrijheid mogelijk is Bevat een geweven raster binnenvoering van het raster om vochtabsorptie te voorkomen en uitglijden te voorkomen",in stock,new,37.84 EUR,,https://thehealthhouse.nl/product/sweet-sweat-arm-trimmer/,https://thehealthhouse.nl/wp-content/uploads/2026/08/4934.jpg,,Sports Research,Gear,T-SPR502
53687,Sweet Sweat Waist Trimmer,Verhoogt de zweet- en warmteproductie bij gebruik tijdens het sporten Gemaakt van latexvrij neopreen en is voorgevormd voor ondersteuning van de onderrug Gemakkelijk en flexibel om aan te passen aan uw maat en vorm voor een volledig bewegingsbereik Bevat een geweven raster binnenvoering om vochtabsorptie tegen te gaan,in stock,new,48.84 EUR,,https://thehealthhouse.nl/product/sweet-sweat-waist-trimmer/,https://thehealthhouse.nl/wp-content/uploads/2026/08/4923.jpg,,Sports Research,Gear,T-SPR503
53689,Animal Black Shaker (600 ml),"Met deze Animal shakebeker maak je in een handomdraai de lekkerste en luchtigste shakes! Perfect voor in de sportschool, thuis, onderweg, op je werk of op school. De shakebeker heeft een inhoud van 600 ml en een duidelijke verdeling in milliliters. Kenmerken Animal Shakebeker: Heerlijk luchtige shakes Nooit meer knoeien! 600 ml Met zeefje Comfortabele drinkmond Nooit meer klontjes",in stock,new,14.74 EUR,,https://thehealthhouse.nl/product/animal-black-shaker-600-ml/,https://thehealthhouse.nl/wp-content/uploads/2026/08/4912.jpg,,Animal,Gear,A-UNI502
53691,Protein Shaker Stacker 2 (300ml),inhoud 300 ml incl. opberg reservoir Handig voor onderweg,in stock,new,11.44 EUR,,https://thehealthhouse.nl/product/protein-shaker-stacker-2-300ml/,https://thehealthhouse.nl/wp-content/uploads/2026/08/4904.jpg,,Stacker2,Gear,A-STC501
53693,Protein Shaker Stacker2 (600 ml),Heerlijk luchtige shakes Nooit meer knoeien! 600 ml Met zeefje,in stock,new,12.54 EUR,,https://thehealthhouse.nl/product/protein-shaker-stacker2-600-ml/,https://thehealthhouse.nl/wp-content/uploads/2026/08/4902.jpg,,Stacker2,Gear,A-STC502
53695,SmartShake Lite (1000ml),Vaatwasser proof Lekvrij Duurzaam Inhoud 1 liter,in stock,new,15.84 EUR,,https://thehealthhouse.nl/product/smartshake-lite-1000ml/,https://thehealthhouse.nl/wp-content/uploads/2026/08/4895.jpg,,Smartshake,Gear,A-SMS502
53697,SmartShake Original (600ml),100% lekvrij BPA vrij Vriezer bestendig Afwasmachine bestendig Zeer duurzaam Verschillende frisse kleuren 400ml verpakking + 200ml opslag voor je poeders/pillen,in stock,new,14.74 EUR,,https://thehealthhouse.nl/product/smartshake-original-600ml/,https://thehealthhouse.nl/wp-content/uploads/2026/08/4885.jpg,,Smartshake,Gear,A-SMS501
53699,Pro Wrist Wraps,Lengte: 50 cm 1 paar – one size fits all Met handige duim lus,in stock,new,22.44 EUR,,https://thehealthhouse.nl/product/pro-wrist-wraps/,https://thehealthhouse.nl/wp-content/uploads/2026/08/4843.jpg,,Harbinger Fitness,Gear,T-HBI104-PWW
53701,Women’s Padded lifting Straps,"Padded lifting straps voor dames, met een gevoerde uitvoering.",in stock,new,22.44 EUR,,https://thehealthhouse.nl/product/womens-padded-lifting-straps/,https://thehealthhouse.nl/wp-content/uploads/2026/08/4841.jpg,,Harbinger Fitness,Gear,T-HBI202-WPLS
53705,Mutant Caffeine (240 tabs),"Verminder vermoeidheid Ondersteunt focus, prestatie en energie Verbetert kracht- en krachtsportprestaties 240 tabletten",in stock,new,21.34 EUR,,https://thehealthhouse.nl/product/mutant-caffeine-240-tabs/,https://thehealthhouse.nl/wp-content/uploads/2026/08/4837.jpg,,Mutant,Vitaliteit,MTA6101
53707,Mutant Multi (60 tabl),Ondersteunt immuunsysteem Verhoogt het vermogen om sneller te herstellen Speciaal samengesteld voor krachtsporters,in stock,new,21.34 EUR,,https://thehealthhouse.nl/product/mutant-multi-60-tabl/,https://thehealthhouse.nl/wp-content/uploads/2026/08/4835.jpg,,Mutant,Vitamines,MTA4101
53709,100% Beef Aminos (400 tabl),"Beef Aminos met aanhoudende afgifte Bevat alle EAA&#8217;s, inclusief BCAA&#8217;s 1 g eiwit per tablet",in stock,new,54.34 EUR,,https://thehealthhouse.nl/product/100-beef-aminos-400-tabl/,https://thehealthhouse.nl/wp-content/uploads/2026/08/10096.jpg,,Universal Nutrition,EAA,UNI3005-400
53711,The Complete Cookie® (12x113g),16g Plantaardige Eiwitten (per koekje) 10g vezels (per koekje) Niet-GMO-project geverifieerd Geen soja-ingrediënten Geen zuivelingrediënten Geen ei Gecertificeerd veganistisch,in stock,new,48.84 EUR,,https://thehealthhouse.nl/product/the-complete-cookie-12x113g/,https://thehealthhouse.nl/wp-content/uploads/2026/08/4763.jpg,,"Lenny &amp; Larry's",Eiwitrepen > Eiwitten,LLA9501
53713,Thyroid Energy (90 Vcaps),Ondersteunt gezonde schildklierfunctie * Ondersteunt een gezonde stofwisseling *,in stock,new,37.84 EUR,,https://thehealthhouse.nl/product/thyroid-energy-90-vcaps/,https://thehealthhouse.nl/wp-content/uploads/2026/08/4761.webp,,NOW Foods,Gezondheidsproducten,NOW4154-90
53715,Crea-TEN 10-in-1 Creatine (30 servings),10 soorten creatine L-Taurine Betaïne watervrij Zwarte peper extract,in stock,new,48.84 EUR,,https://thehealthhouse.nl/product/crea-ten-10-in-1-creatine-30-servings/,https://thehealthhouse.nl/wp-content/uploads/2026/08/4748.jpg,,5% Nutrition,Creatine,RPI7001
53717,All Day You May 10:1:1 BCAA (30 doseringen),"Bevat verschillende aminozuren BCAA&#8217;s in een verhouding van 10:1:1 EAA&#8217;s voor spierherstel en -groei Verbetert het uithoudingsvermogen van de spieren Bevat Elektrolyten uit kokoswater Verkrijgbaar in vele smaken Gebruik voor, tijdens, na training of gedurende de dag.",in stock,new,59.84 EUR,,https://thehealthhouse.nl/product/all-day-you-may-1011-bcaa-30-doseringen/,https://thehealthhouse.nl/wp-content/uploads/2026/08/4738.jpg,,5% Nutrition,EAA,RPI3004
53721,Animal Flex Powder (30 Servings),Spierherstel bevorderend complex Bevorderd soepele gewrichten Ter preventie van blessures Voor de algehele gezondheid van de gewrichten Slechts 1 dosering per dag,in stock,new,54.34 EUR,,https://thehealthhouse.nl/product/animal-flex-powder-30-servings/,https://thehealthhouse.nl/wp-content/uploads/2026/08/4719.jpg,,Universal Nutrition,Joints / Gewrichten,UNI4006
53725,Ultra Omega 3-D (90 Fish softgels),600mg EPA 300mg DHA 1000IU Vitamine D3 Halal gecertificeerd,in stock,new,43.34 EUR,,https://thehealthhouse.nl/product/ultra-omega-3-d-90-fish-softgels/,https://thehealthhouse.nl/wp-content/uploads/2026/08/4684.webp,,NOW Foods,Vitamines,NOW4506
53727,MK-7 Vitamin K-2 100 (60 Vcaps),MK-7 vitamine K-2 100 in een verpakking met 60 Vcaps.,in stock,new,30.14 EUR,,https://thehealthhouse.nl/product/mk-7-vitamin-k-2-100-60-vcaps/,https://thehealthhouse.nl/wp-content/uploads/2026/08/4682.webp,,NOW Foods,Vitamines,NOW4156-60
53729,Vitamin K-2 100 (100 Vcaps),Vitamin K-2 100 met 100 Vcaps in een biologische uitvoering.,in stock,new,26.84 EUR,,https://thehealthhouse.nl/product/vitamin-k-2-100-100-vcaps/,https://thehealthhouse.nl/wp-content/uploads/2026/08/4680.webp,,NOW Foods,Vitamines,NOW4155-100
53731,Evening Primrose Oil 500 mg (100 softgels),Gezonde huid Evenwichtige immuunrespons,in stock,new,21.34 EUR,,https://thehealthhouse.nl/product/evening-primrose-oil-500-mg-100-softgels/,https://thehealthhouse.nl/wp-content/uploads/2026/08/4678.webp,,NOW Foods,Gezondheidsproducten,NOW4304
53735,Mars Hi-Protein Bars (12x59g) Original,Mars Hi-Protein Bars Original: een doos met 12 eiwitrepen van 59 gram.,in stock,new,43.34 EUR,,https://thehealthhouse.nl/product/mars-hi-protein-bars-12x59g-original/,https://thehealthhouse.nl/wp-content/uploads/2026/08/4668.jpg,,Mars Protein,Eiwitrepen > Eiwitten,MRS9501
53737,Magnesium Citrate 200mg (250 Tabletten),Magnesiumcitraat met 200 mg magnesium per tablet en 250 tabletten.,in stock,new,48.84 EUR,,https://thehealthhouse.nl/product/magnesium-citrate-200mg-250-tabletten/,https://thehealthhouse.nl/wp-content/uploads/2026/08/4662.webp,,NOW Foods,Vitamines,NOW4231-250
53739,Mutant Core Series Glutamine (300 gram),"Geavanceerde glutamineformule 100% puur, geen fillers Veganistisch gefermenteerd 5 gram vrije vorm L-glutamine Gemicroniseerd voor een hogere oplosbaarheid Laboratorium geteste ingrediënten 60 porties",in stock,new,26.84 EUR,,https://thehealthhouse.nl/product/mutant-core-series-glutamine-300-gram/,https://thehealthhouse.nl/wp-content/uploads/2026/08/4626.jpg,,Mutant,Glutamine,PVL3004
53741,Mutant Mass (2270 gram),"MUTANT&#8217;s #1 gainer! 1.100 calorieën per portie 56 g pure eiwitten, 192 g schone koolhydraten, 12 g vet 26,1 g EAA&#8217;s en 12,2 g BCAA&#8217;s (van nature aanwezig)",in stock,new,43.34 EUR,,https://thehealthhouse.nl/product/mutant-mass-2270-gram/,https://thehealthhouse.nl/wp-content/uploads/2026/08/4612.jpg,,Mutant,Weightgainers,MTA2101-5
53743,Inositol 500 mg (100 Vcaps),100 capsules Ondersteunt een gezonde Membrane Functie * 500 mg Inositol per capsule Myo-Inositol Form Positieve invloed op de lever,in stock,new,21.34 EUR,,https://thehealthhouse.nl/product/inositol-500-mg-100-vcaps/,https://thehealthhouse.nl/wp-content/uploads/2026/08/4587.webp,,NOW Foods,Gezondheidsproducten,NOW4152
53747,GTF Chromium 200 mcg (250 tabs),"om de bloedsuiker te reguleren zorgt ervoor dat insuline beter werkt voorkomt hongergevoel doordat het de bloedsuikerspiegel normaal houdt vermindert de behoefte aan zoetigheid Draagt bij aan een normale vertering van koolhydraten, vetten en eiwitten.",in stock,new,26.84 EUR,,https://thehealthhouse.nl/product/gtf-chromium-200-mcg-250-tabs/,https://thehealthhouse.nl/wp-content/uploads/2026/08/4568.webp,,NOW Foods,Vitamines,NOW4234
53749,Ashwagandha Extract 450mg (90 Vcaps),Ashwagandha-extract van 450 mg in een compacte pot met 90 plantaardige capsules.,in stock,new,30.14 EUR,,https://thehealthhouse.nl/product/ashwagandha-extract-450mg-90-vcaps/,https://thehealthhouse.nl/wp-content/uploads/2026/08/4566.webp,,NOW Foods,Vitaliteit,NOW4151-90
53751,Magnesium & Potassium Aspartate with Taurine (120 Vcaps),"Ondersteuning van een gezond hart, en het zenuwstelsel GMP kwaliteit verzekerd Met Tauarine",in stock,new,30.14 EUR,,https://thehealthhouse.nl/product/magnesium-potassium-aspartate-with-taurine-120-vcaps/,https://thehealthhouse.nl/wp-content/uploads/2026/08/4562.webp,,NOW Foods,Vitamines,NOW4150
53753,L-Arginine Double Strength 1000 mg (120 tabs),"Kan helpen voor sterkere erecties Precursor Stikstofmonoxide (NO) Belangrijk aminozuur voor sporters Versterk uithouding &#038; prestatie Geef een lekkere spierpomp",in stock,new,48.84 EUR,,https://thehealthhouse.nl/product/l-arginine-double-strength-1000-mg-120-tabs/,https://thehealthhouse.nl/wp-content/uploads/2026/08/4560.webp,,NOW Foods,Pump,NOW3109
53755,Collagen Joint Support Powder (312 gram),"Ondersteunt gezonde gewrichten Met gehydrolyseerd collageen, glucosaminesulfaat en MSM",in stock,new,43.34 EUR,,https://thehealthhouse.nl/product/collagen-joint-support-powder-312-gram/,https://thehealthhouse.nl/wp-content/uploads/2026/08/4558.webp,,NOW Foods,Joints / Gewrichten,NOW4003
53757,Turmeric Curcumin (60 Vcaps),"Curcuma longa ondersteunt het immuunsysteem . Helpt bij gebrek aan eetlust, vermindert de vetopslag. Beschermt de huid tegen veroudering.",in stock,new,37.84 EUR,,https://thehealthhouse.nl/product/turmeric-curcumin-60-vcaps/,https://thehealthhouse.nl/wp-content/uploads/2026/08/4556.webp,,NOW Foods,Joints / Gewrichten,NOW4149
53759,Choline & Inositol 500mg (100 Vcaps),250 mg Choline per capsule 250 mg Inositol per capsule Positieve invloed op de lever 100 Vegetarische capsules,in stock,new,25.74 EUR,,https://thehealthhouse.nl/product/choline-inositol-500mg-100-vcaps/,https://thehealthhouse.nl/wp-content/uploads/2026/08/4554.webp,,NOW Foods,Liver Support,NOW4148
53761,Liquid B-12 B-Complex (59ml),"Vloeibaar vitamine B12-complex in een compacte fles van 59 ml, vegan en vegetarisch.",in stock,new,19.14 EUR,,https://thehealthhouse.nl/product/liquid-b-12-b-complex-59ml/,https://thehealthhouse.nl/wp-content/uploads/2026/08/4552.webp,,NOW Foods,Vitamines,NOW4902-59
53763,Apple Cider Vinegar (473ml),"Biologische, glutenvrije apple cider vinegar in een fles van 473 ml.",in stock,new,18.04 EUR,,https://thehealthhouse.nl/product/apple-cider-vinegar-473ml/,https://thehealthhouse.nl/wp-content/uploads/2026/08/4512.jpg,,Bragg,Liver Support,SF-BRA9501-473
53765,Apple Cider Vinegar (946ml),"Biologische, glutenvrije appelciderazijn met appelsmaak in een royale fles van 946 ml.",in stock,new,25.74 EUR,,https://thehealthhouse.nl/product/apple-cider-vinegar-946ml/,https://thehealthhouse.nl/wp-content/uploads/2026/08/4510.jpg,,Bragg,Fatburners,SF-BRA9501-946
53767,The Curse (50 servings),Extreem populair in de US Boost is “mind blowing” Trainings-agressief In 30 minuten… KABOOM Sloop letterlijk de gym Extreme pumps 50 servings per verpakking,in stock,new,43.34 EUR,,https://thehealthhouse.nl/product/the-curse-50-servings/,https://thehealthhouse.nl/wp-content/uploads/2026/08/4474.jpg,,JNX Sports,Pre Workout,JNX3001
53769,Animal Pak Powder (44 servings ),"Compleet prestatiecomplex Gezondheid en immuun ondersteuning Vitaminen, Antioxidanten, Amino&#8217;s Mineralen, enzymen, leverondersteuning Heerlijke smaken Animal Pak is er ook in: 30/44 packs",in stock,new,76.34 EUR,,https://thehealthhouse.nl/product/animal-pak-powder-44-servings/,https://thehealthhouse.nl/wp-content/uploads/2026/08/4431.jpg,,Universal Nutrition,Vitamines,UNI4001
53773,Liv.52 (100 tabs),Liv.52 is een voedingssupplement in tabletvorm met 100 tabletten per verpakking.,in stock,new,19.14 EUR,,https://thehealthhouse.nl/product/liv-52-100-tabs/,https://thehealthhouse.nl/wp-content/uploads/2026/08/4417.jpg,,Himalaya,Liver Support,HIM4201
53775,The Ripper! (30 servings),1 scoopje per dag is genoeg! “full strength” Hardcore formula! 30 servings per pot Werkt zeer snel,in stock,new,37.84 EUR,,https://thehealthhouse.nl/product/the-ripper-30-servings/,https://thehealthhouse.nl/wp-content/uploads/2026/08/4408.jpg,,JNX Sports,Fatburners,JNX5001
53777,Pure CLA 1250 (180 softgels),"Pure CLA 1250 in softgelvorm, met 180 softgels per verpakking.",in stock,new,48.84 EUR,,https://thehealthhouse.nl/product/pure-cla-1250-180-softgels/,https://thehealthhouse.nl/wp-content/uploads/2026/08/4400.jpg,,SAN,Fatburners,SAN5301-180
53779,Phase 2® 500 mg (120 Vcaps),Zetmeel neutralisatie Extract van witte kidneybonen Een voedingssupplement Kan helpen bij gewichtsbeheersing,in stock,new,43.34 EUR,,https://thehealthhouse.nl/product/phase-2-500-mg-120-vcaps/,https://thehealthhouse.nl/wp-content/uploads/2026/08/4383.webp,,NOW Foods,Fatburners,NOW5108
53781,Folic Acid 800 mcg with Vitamin B-12 (250 tabs),Ondersteuning voor en tijdens de zwangerschap Van belang voor het zenuwstelsel De ontwikkeling van de hersenen,in stock,new,19.14 EUR,,https://thehealthhouse.nl/product/folic-acid-800-mcg-with-vitamin-b-12-250-tabs/,https://thehealthhouse.nl/wp-content/uploads/2026/08/4381.webp,,NOW Foods,Gezondheidsproducten,NOW4233
53783,Biotin 1000 mcg (100 veggi caps),Hoge kwaliteit Biotine 1000mcg per capsule Draagt bij aan normale haargroei,in stock,new,15.84 EUR,,https://thehealthhouse.nl/product/biotin-1000-mcg-100-veggi-caps/,https://thehealthhouse.nl/wp-content/uploads/2026/08/4379.webp,,NOW Foods,Gezondheidsproducten,NOW4146
53785,Vitamin B-12 1000 mcg (100 chews),Helpt bij het verminderen van de vermoeidheid Draagt bij tot een normale vorming van rode bloedcellen Draagt bij tot een normaal metabolisme van homocysteïne Zorgt voor het goed functioneren van het zenuwstelsel Draagt bij tot een normaal energieleverend metabolisme 1000mcg vitamine B12 per tablet 100 dagen verpakking,in stock,new,20.24 EUR,,https://thehealthhouse.nl/product/vitamin-b-12-1000-mcg-100-chews/,https://thehealthhouse.nl/wp-content/uploads/2026/08/4377.webp,,NOW Foods,Vitamines,NOW4404
53787,Liquid Ultra B-12 5000 mcg (118ml),Aangename smaak!! 5.000 mcg B-12 per theelepel Cellulaire energieboost 3 vormen van B-12 voor maximaal gebruik Compleet vloeibaar B-complex 800 mcg foliumzuur,in stock,new,26.84 EUR,,https://thehealthhouse.nl/product/liquid-ultra-b-12-5000-mcg-118ml/,https://thehealthhouse.nl/wp-content/uploads/2026/08/4375.webp,,NOW Foods,Vitamines,NOW4501
53789,Methyl B-12 5000 mcg (60 Chews),"Methyl B-12 met 5000 mcg vitamine B12 in kauwbare vorm, vegan en vegetarisch.",in stock,new,32.34 EUR,,https://thehealthhouse.nl/product/methyl-b-12-5000-mcg-60-chews/,https://thehealthhouse.nl/wp-content/uploads/2026/08/4373.webp,,NOW Foods,Vitamines,NOW4403
53791,Chromium Picolinate 200mcg (100 Vcaps),Chromium Picolinate met 200 mcg per capsule in een verpakking van 100 Vcaps.,in stock,new,19.14 EUR,,https://thehealthhouse.nl/product/chromium-picolinate-200mcg-100-vcaps/,https://thehealthhouse.nl/wp-content/uploads/2026/08/4371.webp,,NOW Foods,Fatburners,NOW4145-100
53793,Chitosan 500 mg with Chromium (240 Vcaps),Werkt als een vetblokker Voorkomt dat je lichaam overmatige hoeveelheden vet opneemt Helpt je om niet in gewicht aan te komen als je uit eten gaat of af en toe wilt snacken Helpt bij de verlaging van het cholesterolgehalte 240 Veggi Caps,in stock,new,54.34 EUR,,https://thehealthhouse.nl/product/chitosan-500-mg-with-chromium-240-vcaps/,https://thehealthhouse.nl/wp-content/uploads/2026/08/4369.webp,,NOW Foods,Fatburners,NOW5110-240
53795,Super Enzymes (90 caps),Super Enzymes is een capsulesupplement met 90 capsules per verpakking.,in stock,new,32.34 EUR,,https://thehealthhouse.nl/product/super-enzymes-90-caps/,https://thehealthhouse.nl/wp-content/uploads/2026/08/4367.webp,,NOW Foods,Gezondheidsproducten,NOW4144-90
53797,Vitamin C-500 with Rose Hips (100 tabs),Weerstand Cholesterol Extra Energie Tanden en tandvlees Algemene gezondheid Sterke antioxidant Extra Rozenbottel voor een betere opname,in stock,new,19.14 EUR,,https://thehealthhouse.nl/product/vitamin-c-500-with-rose-hips-100-tabs/,https://thehealthhouse.nl/wp-content/uploads/2026/08/4365.webp,,NOW Foods,Vitamines,NOW4206-500
53799,Papaya Enzymes (180 chews),Spijsvertering ondersteuning Met munt en Chlorophyll Ondersteunt de eiwit spijsvertering Voedingssupplement Kwaliteit GMP verzekerd,in stock,new,21.34 EUR,,https://thehealthhouse.nl/product/papaya-enzymes-180-chews/,https://thehealthhouse.nl/wp-content/uploads/2026/08/4339.webp,,NOW Foods,Gezondheidsproducten,NOW4402-180
53801,True Focus (90 Vcaps),"Ondersteuning van neurotransmitters Aminozuren, Ginkgo en DMAE Plus CoQ10 en druivenpitextract Bestellen: Tijdelijk max 1 potje per klant!",in stock,new,37.84 EUR,,https://thehealthhouse.nl/product/true-focus-90-vcaps/,https://thehealthhouse.nl/wp-content/uploads/2026/08/4337.webp,,NOW Foods,Gezondheidsproducten,NOW4143
53803,True Calm (90 Vcaps),Bevordert een ontspannen stemming* Aminozuurmix met B-vitamines en valeriaan,in stock,new,37.84 EUR,,https://thehealthhouse.nl/product/true-calm-90-vcaps/,https://thehealthhouse.nl/wp-content/uploads/2026/08/4335.webp,,NOW Foods,Nachtrust en herstel,NOW4142
53805,Magnesium Citrate 400mg (120 Veg Caps),Magnesiumcitraat 400 mg in een verpakking met 120 veg capsules.,in stock,new,26.84 EUR,,https://thehealthhouse.nl/product/magnesium-citrate-400mg-120-veg-caps/,https://thehealthhouse.nl/wp-content/uploads/2026/08/4333.webp,,NOW Foods,Vitamines,NOW4160-120
53807,Calcium Citrate (250 tabs),"Formule met Mineralen &#038; Vitamine D-2* Calcium met hoge biologische beschikbaarheid 250 tabletten",in stock,new,48.84 EUR,,https://thehealthhouse.nl/product/calcium-citrate-250-tabs/,https://thehealthhouse.nl/wp-content/uploads/2026/08/4331.webp,,NOW Foods,Joints / Gewrichten,NOW4230-250
53811,DHEA 50 (90 Vcaps),50mg per dosering Ondersteund de algehele gezondheid Voor mannen en vrouwen 90 Vegetarische capsules,in stock,new,43.34 EUR,,https://thehealthhouse.nl/product/dhea-50-90-vcaps/,https://thehealthhouse.nl/wp-content/uploads/2026/08/4291.jpg,,SAN,Test boosters,SAN8201
53815,Magnesium Malate 1000 (180 tabs),115 mg elementair magnesium 100% vegetarisch 180 tabletten,in stock,new,43.34 EUR,,https://thehealthhouse.nl/product/magnesium-malate-1000-180-tabs/,https://thehealthhouse.nl/wp-content/uploads/2026/08/4260.webp,,NOW Foods,Joints / Gewrichten,NOW4225
53817,Valerian Root 500mg (250 Vcaps),500 mg Traditioneel kruid 250 Veggi Caps,in stock,new,37.84 EUR,,https://thehealthhouse.nl/product/valerian-root-500mg-250-vcaps/,https://thehealthhouse.nl/wp-content/uploads/2026/08/4258.webp,,NOW Foods,Nachtrust en herstel,NOW4140-250
53823,Spirulina Organic 500mg (500 tabs),Biologische spirulina van 500 mg per tablet in een pot met 500 tabletten.,in stock,new,37.84 EUR,,https://thehealthhouse.nl/product/spirulina-organic-500mg-500-tabs/,https://thehealthhouse.nl/wp-content/uploads/2026/08/4252.webp,,NOW Foods,Liver Support,NOW4221-500
53825,Selenium 100 mcg (250 tabs),Tekort kan ontstaan ondanks evenwichtige voeding Belangrijk spoorelement Werkt als antioxidant Ondersteunt het immuunsysteem,in stock,new,23.54 EUR,,https://thehealthhouse.nl/product/selenium-100-mcg-250-tabs/,https://thehealthhouse.nl/wp-content/uploads/2026/08/4250.webp,,NOW Foods,Vitamines,NOW4220
53829,Relora® 300 mg (60 Veggi Caps),Relora® in vegetarische capsules met 300 mg per capsule en 60 stuks per verpakking.,in stock,new,32.34 EUR,,https://thehealthhouse.nl/product/relora-300-mg-60-veggi-caps/,https://thehealthhouse.nl/wp-content/uploads/2026/08/4242.webp,,NOW Foods,Fatburners,NOW5107-60
53833,Optimal Digestive System (90 Vcaps),Maximaal gebruik van voedsel* Helpt ook bij de vertering van bonen en kool*,in stock,new,32.34 EUR,,https://thehealthhouse.nl/product/optimal-digestive-system-90-vcaps/,https://thehealthhouse.nl/wp-content/uploads/2026/08/4236.webp,,NOW Foods,Gezondheidsproducten,NOW4134
53835,MSM 1000 (240 Vcaps),1000 mg MSM per capsule Methylsulfonylmethaan Ondersteunt gezond kraakbeen 240 capsules,in stock,new,37.84 EUR,,https://thehealthhouse.nl/product/msm-1000-240-vcaps/,https://thehealthhouse.nl/wp-content/uploads/2026/08/4234.webp,,NOW Foods,Joints / Gewrichten,NOW4133-240
53837,Maca 500 (100 Veggi Caps),500 mg per capsule 1-3 maal daags 1 capsule Maca (Lepidium meyenii),in stock,new,20.24 EUR,,https://thehealthhouse.nl/product/maca-500-100-veggi-caps/,https://thehealthhouse.nl/wp-content/uploads/2026/08/4232.webp,,NOW Foods,Test boosters,NOW4132-100
53839,Garcinia 1000 (120 tabs),1000 mg Garcinia Gestandaardiseerd extract 50% HCA,in stock,new,35.64 EUR,,https://thehealthhouse.nl/product/garcinia-1000-120-tabs/,https://thehealthhouse.nl/wp-content/uploads/2026/08/4230.webp,,NOW Foods,Fatburners,NOW5205
53841,Echinacea 400mg (250 Veggi Caps),Ondersteuning van het immuunsysteem Purpurea-wortel Vegetarisch / Veganistisch Botanicals / Kruiden 250 Veggi Capsules,in stock,new,37.84 EUR,,https://thehealthhouse.nl/product/echinacea-400mg-250-veggi-caps/,https://thehealthhouse.nl/wp-content/uploads/2026/08/4228.webp,,NOW Foods,Gezondheidsproducten,NOW4131-250
53843,Chlorella 1000 (120 tabs),Natuurlijk voorkomend chlorofyl en bètacaroteen Gebroken celwand algen Bevat Vitamine A en Vitamine C Plantaardig,in stock,new,26.84 EUR,,https://thehealthhouse.nl/product/chlorella-1000-120-tabs/,https://thehealthhouse.nl/wp-content/uploads/2026/08/4226.webp,,NOW Foods,Liver Support,NOW4216
53845,Bone Strength (120 caps),Calcium is nodig voor de instandhouding van normale botten Hydroxy-apatiet combinatie Goed opneembare bron van calcium,in stock,new,32.34 EUR,,https://thehealthhouse.nl/product/bone-strength-120-caps/,https://thehealthhouse.nl/wp-content/uploads/2026/08/4224.webp,,NOW Foods,Joints / Gewrichten,NOW4141
53847,Alpha Lipoic Acid 250 (120 Veggi Caps),Alpha Liponzuur is een uniek vet-en wateroplosbare antioxidant dat is een cofactor in de energieproductie.,in stock,new,43.34 EUR,,https://thehealthhouse.nl/product/alpha-lipoic-acid-250-120-veggi-caps/,https://thehealthhouse.nl/wp-content/uploads/2026/08/4222.webp,,NOW Foods,Liver Support,NOW4130-120
53849,8 Billion Acidophilus & Bifidus (120 Vcaps),Een gezonde darmflora Bevordert positieve bacteriële balans Ondersteunt het immuunsysteem,in stock,new,43.34 EUR,,https://thehealthhouse.nl/product/8-billion-acidophilus-bifidus-120-vcaps/,https://thehealthhouse.nl/wp-content/uploads/2026/08/4220.webp,,NOW Foods,Gezondheidsproducten,NOW4129
53851,Double Strength Milk Thistle Extract 300 mg (100 Veggi Capsules),"Mariadistel-300 mg Met Artisjok &#038; Paardenbloem Detox en ondersteuning van de lever",in stock,new,32.34 EUR,,https://thehealthhouse.nl/product/double-strength-milk-thistle-extract-300-mg-100-veggi-capsules/,https://thehealthhouse.nl/wp-content/uploads/2026/08/4206.webp,,NOW Foods,Liver Support,NOW4303-100
53853,Tri-Chromium with Cinnamon (90 Vcaps),"Tri-Chromium with Cinnamon in 90 vegetarische capsules, met kaneel in de formule.",in stock,new,18.04 EUR,,https://thehealthhouse.nl/product/tri-chromium-with-cinnamon-90-vcaps/,https://thehealthhouse.nl/wp-content/uploads/2026/08/4204.webp,,NOW Foods,Vitamines,NOW4127
53855,L-Lysine 500 (100 Vcaps),Ondersteunt collageensynthese* Gezonde immuun functie* 100 Vegetarische capsules,in stock,new,20.24 EUR,,https://thehealthhouse.nl/product/l-lysine-500-100-vcaps/,https://thehealthhouse.nl/wp-content/uploads/2026/08/4202.webp,,NOW Foods,EAA,NOW3110
53857,Vitamine B-2 100 mg (100 caps),100mg Vitamine B-2 per capsule Ondersteunt het energieniveau Antioxidant,in stock,new,15.84 EUR,,https://thehealthhouse.nl/product/vitamine-b-2-100-mg-100-caps/,https://thehealthhouse.nl/wp-content/uploads/2026/08/4198.webp,,NOW Foods,Vitamines,NOW4125
53859,Vitamine B-1 100mg (100 tabs),100mg Vitamine B-1 per tablet Ondersteunt het energiemetabolisme Belangrijk voor het zenuwstelsel Draagt bij tot een normale psychologische functie o.a. betrokken bij het geheugen.,in stock,new,15.84 EUR,,https://thehealthhouse.nl/product/vitamine-b-1-100mg-100-tabs/,https://thehealthhouse.nl/wp-content/uploads/2026/08/4196.webp,,NOW Foods,Vitamines,NOW4204
53861,Niacin 500 (100 caps),"Niacine is belangrijk voor het energiemetabolisme Niacine, bij futloosheid Niacine is goed bij vermoeidheid en moeheid 500 mg Niacine per capsule 1 capsule per dag",in stock,new,19.14 EUR,,https://thehealthhouse.nl/product/niacin-500-100-caps/,https://thehealthhouse.nl/wp-content/uploads/2026/08/4194.webp,,NOW Foods,Vitamines,NOW4124
53863,Tribulus 1000 (90 tabs),"Tribulus 1000 met 1000 mg per tablet, geleverd in een verpakking van 90 tabletten.",in stock,new,43.34 EUR,,https://thehealthhouse.nl/product/tribulus-1000-90-tabs/,https://thehealthhouse.nl/wp-content/uploads/2026/08/4192.jpg,,NOW Foods,Test boosters,NOW8201-90
53865,CLA 800 (90 softgels),Vergemakkelijkt gewichtsbeheersing Helpt je spier/vet ratio te verbeteren Afslanken ledere softgel bevat 1000 mg CLA! Vrij van stimulansen Veilig in gebruik!,in stock,new,26.84 EUR,,https://thehealthhouse.nl/product/cla-800-90-softgels/,https://thehealthhouse.nl/wp-content/uploads/2026/08/4188.webp,,NOW Foods,Fatburners,NOW5103
53867,Vitamin D3 5000IU (120 softgels),"Vitamin D3 5000IU in 120 softgels, een compacte voorraad in softgelvorm.",in stock,new,23.54 EUR,,https://thehealthhouse.nl/product/vitamin-d3-5000iu-120-softgels/,https://thehealthhouse.nl/wp-content/uploads/2026/08/4186.webp,,NOW Foods,Vitamines,NOW4123-120
53869,Women’s Pro Gloves,"Women&#8217;s Pro Gloves fitness handschoenen (black/pink) Wash&#038;Dry™ Leather Specifically Designed for Women.",in stock,new,32.34 EUR,,https://thehealthhouse.nl/product/womens-pro-gloves/,https://thehealthhouse.nl/wp-content/uploads/2026/08/4180.jpg,,Harbinger Fitness,Gear,T-HBI241
53873,Dead or Alive Multivitamin Pak Hardcore Plus (30 packs),"Een Vitamine Pak – zoals Dead or Alive Hardcore Plus geeft je alles om je lichaam optimaal in conditie te brengen en te houden! Fatburners ondersteund met vitamins, wat je zal helpen om vet te verliezen of op gewicht te blijven op een veel gezondere manier dan andere fatburners! 30 dagen in handige, individueel verpakte doseringen. Om het menselijk lichaam optimaal te laten functioneren, moeten we het voorzien van de juiste voedingsstoffen. De Hardcore Plus bevat onder andere L-Carnitine, CLA Green Tea, Caffeine en White Willow Bark.",in stock,new,59.84 EUR,,https://thehealthhouse.nl/product/dead-or-alive-multivitamin-pak-hardcore-plus-30-packs/,https://thehealthhouse.nl/wp-content/uploads/2026/08/4169.jpg,,Wanted Nutrition,Vitamines,WNT4502
53875,Zinc 50 mg (250 tabs),Zink 50 mg per tablet in een voordelige pot met 250 tabletten.,in stock,new,25.74 EUR,,https://thehealthhouse.nl/product/zinc-50-mg-250-tabs/,https://thehealthhouse.nl/wp-content/uploads/2026/08/4158.webp,,NOW Foods,Vitamines,NOW4210-250
53877,Dead or Alive Multivitamin Pak (30 packs),"Een Vitamine Pak – zoals Dead or Alive geeft je alles om je lichaam optimaal in conditie te brengen en te houden! 30 dagen in handige, individueel verpakte doseringen. Om het menselijk lichaam optimaal te laten functioneren, moeten we het voorzien van de juiste voedingsstoffen.",in stock,new,48.84 EUR,,https://thehealthhouse.nl/product/dead-or-alive-multivitamin-pak-30-packs/,https://thehealthhouse.nl/wp-content/uploads/2026/08/4099.jpg,,Wanted Nutrition,Vitamines,WNT4501
53879,Vitamin E-400 With Mixed Tocopherols (100 softgels),400 IU Vitamine E per softgel 100 softgels Volledig natuurlijk,in stock,new,30.14 EUR,,https://thehealthhouse.nl/product/vitamin-e-400-with-mixed-tocopherols-100-softgels/,https://thehealthhouse.nl/wp-content/uploads/2026/08/4097.webp,,NOW Foods,Vitamines,NOW4121
53881,Vitamin D3 400IU (180 softgels),Vitamin D3 400IU in 180 softgels voor een milde vitamine D3-aanvulling.,in stock,new,15.84 EUR,,https://thehealthhouse.nl/product/vitamin-d3-400iu-180-softgels/,https://thehealthhouse.nl/wp-content/uploads/2026/08/4094.webp,,NOW Foods,Joints / Gewrichten,NOW4120
53883,Vitamin D3 2000IU (120 softgels),Vitamin D3 2000IU in 120 softgels voor een dagelijkse aanvulling.,in stock,new,16.94 EUR,,https://thehealthhouse.nl/product/vitamin-d3-2000iu-120-softgels/,https://thehealthhouse.nl/wp-content/uploads/2026/08/4092.webp,,NOW Foods,Joints / Gewrichten,NOW4119-120
53885,L-Tryptophan 500 mg (120 Vcaps),"L-Tryptophan in plantaardige capsules, 500 mg per capsule en 120 stuks per pot.",in stock,new,48.84 EUR,,https://thehealthhouse.nl/product/l-tryptophan-500-mg-120-vcaps/,https://thehealthhouse.nl/wp-content/uploads/2026/08/4090.webp,,NOW Foods,Nachtrust en herstel,NOW3105-120
53887,Energy (90 Vcaps),"Feel good energie Geeft energie om te sporten Geeft energie tijdens werk en studie Houdt je energiek tijdens afslanken 200mg Green Tea per serving! Compleet vitamine B-complex 100mg Gotu Kola per serving 150mg Panax Ginseng Q10, Octacosano, Alpha Lipoic Acid!",in stock,new,34.54 EUR,,https://thehealthhouse.nl/product/energy-90-vcaps/,https://thehealthhouse.nl/wp-content/uploads/2026/08/4088.jpg,,NOW Foods,Vitaliteit,NOW6102
53889,Cinnamon Bark 600mg (120 caps),Cinnamon Bark verbetert de opname van voedingsstoffen en supplementen in het lichaam!,in stock,new,25.74 EUR,,https://thehealthhouse.nl/product/cinnamon-bark-600mg-120-caps/,https://thehealthhouse.nl/wp-content/uploads/2026/08/4086.webp,,NOW Foods,Gezondheidsproducten,NOW4118
53891,Vitamin C-1000 with Rose Hips & Bioflavinoids (100 tabs),Vitamin C-1000 met rose hips en bioflavinoids in een pot met 100 tabletten.,in stock,new,21.34 EUR,,https://thehealthhouse.nl/product/vitamin-c-1000-with-rose-hips-bioflavinoids-100-tabs/,https://thehealthhouse.nl/wp-content/uploads/2026/08/4084.webp,,NOW Foods,Vitamines,NOW4206-100
53893,Calcium & Magnesium met Vit D en Zinc (120 softgels),Calcium 1000 mg Magnesium 500 mg Met vitamine D-3 10 mg en zink 200iu,in stock,new,25.74 EUR,,https://thehealthhouse.nl/product/calcium-magnesium-met-vit-d-en-zinc-120-softgels/,https://thehealthhouse.nl/wp-content/uploads/2026/08/4082.webp,,NOW Foods,Joints / Gewrichten,NOW4104-120
53897,5-HTP 100mg (120 Vcaps),5-HTP in plantaardige capsules met 100 mg per capsule en 120 Vcaps per verpakking.,in stock,new,37.84 EUR,,https://thehealthhouse.nl/product/5-htp-100mg-120-vcaps/,https://thehealthhouse.nl/wp-content/uploads/2026/08/4076.webp,,NOW Foods,Nachtrust en herstel,NOW3108-120
53899,Omega-3 (200 softgels),"Halal Omega-3 in softgelvorm, met 200 softgels per verpakking.",in stock,new,30.14 EUR,,https://thehealthhouse.nl/product/omega-3-200-softgels/,https://thehealthhouse.nl/wp-content/uploads/2026/08/4074.webp,,NOW Foods,Vitamines,NOW4502-200
53901,FBlock (90 caps),Vet absorberende Dieet Formule Voedingssupplement Ontworpen om vet te absorberen uit het voedsel dat je eet Originele Formule,in stock,new,48.84 EUR,,https://thehealthhouse.nl/product/fblock-90-caps/,https://thehealthhouse.nl/wp-content/uploads/2026/08/4036.jpg,,Absolute Nutrition,Fatburners,ABN5101
53903,CBlock (90 caps),Perfect voor Low – Carb diëten De originele koolhydraten remmer Trimplex™ zetmeelremmer Dieet supplement Ontneemt onbedwingbare trek,in stock,new,48.84 EUR,,https://thehealthhouse.nl/product/cblock-90-caps/,https://thehealthhouse.nl/wp-content/uploads/2026/08/4033.jpg,,Absolute Nutrition,Fatburners,ABN5202
53905,MCT OIL 1000mg (150 softgels),"MCT OIL in vegetarische softgels, met 1000 mg per softgel en 150 stuks.",in stock,new,31.24 EUR,,https://thehealthhouse.nl/product/mct-oil-1000mg-150-softgels/,https://thehealthhouse.nl/wp-content/uploads/2026/08/4031.jpg,,NOW Foods,Fatburners,NOW6101
53907,WaterShed (60 tabs),Super diuretische formule Kalium sparend Alle natuurlijke waterpillen Cafeïne vrij Stimulantvrij Voor snelle resultaten,in stock,new,37.84 EUR,,https://thehealthhouse.nl/product/watershed-60-tabs/,https://thehealthhouse.nl/wp-content/uploads/2026/08/4022.jpg,,Absolute Nutrition,Fatburners,ABN5201
53909,L-OptiZinc 30mg (100 Veggi Caps),"L-OptiZinc is een speciaal, gepatenteerd methionine-gebonden zink complex.",in stock,new,21.34 EUR,,https://thehealthhouse.nl/product/l-optizinc-30mg-100-veggi-caps/,https://thehealthhouse.nl/wp-content/uploads/2026/08/4020.webp,,NOW Foods,Vitamines,NOW4116
53911,Iron Complex (100 Tabs),Iron Complex is een tabletformule met 100 tabletten per verpakking.,in stock,new,23.54 EUR,,https://thehealthhouse.nl/product/iron-complex-100-tabs/,https://thehealthhouse.nl/wp-content/uploads/2026/08/4018.webp,,NOW Foods,Vitamines,NOW4205
53915,Now Foods Liquid Multi (473 ml),Zeer krachtig – snelle absorptie Toegevoegde Fytonutriënten Gestabiliseerd met Rijst Eiwit Heerlijke smaak IJzer vrij Met Xylitol Vegetarische Formule,in stock,new,43.34 EUR,,https://thehealthhouse.nl/product/now-foods-liquid-multi-473-ml/,https://thehealthhouse.nl/wp-content/uploads/2026/08/4014.webp,,NOW Foods,Vitamines,NOW4302-473-WB
53917,Now Sports ZMA® (90 Vcaps),"Now Sports ZMA® met magnesium, zink en elektrolyten in 90 plantaardige capsules.",in stock,new,37.84 EUR,,https://thehealthhouse.nl/product/now-sports-zma-90-vcaps/,https://thehealthhouse.nl/wp-content/uploads/2026/08/4010.jpg,,NOW Foods,ZMA,NOW8105-90
53919,Kre-Alkalyn EFX (120 caps),"Kre-Alkalyn EFX creatine in capsulevorm, verpakt per 120 capsules.",in stock,new,37.84 EUR,,https://thehealthhouse.nl/product/kre-alkalyn-efx-120-caps/,https://thehealthhouse.nl/wp-content/uploads/2026/08/4006.jpg,,EFX Sports,Creatine,EFX7101-120
53923,Natural Resveratrol 200 mg (60 Vcaps),Natural Resveratrol met 200 mg per capsule in een verpakking van 60 Vcaps.,in stock,new,37.84 EUR,,https://thehealthhouse.nl/product/natural-resveratrol-200-mg-60-vcaps/,https://thehealthhouse.nl/wp-content/uploads/2026/08/3983.webp,,NOW Foods,Gezondheidsproducten,NOW8102-60
53925,Kelp 325 mcg (250 Vcaps),325 mcg natuurlijke Jodide Vegetarische formule Green Superfood! Ondersteunt schildklier functie 250 Vegetarische capsules,in stock,new,21.34 EUR,,https://thehealthhouse.nl/product/kelp-325-mcg-250-vcaps/,https://thehealthhouse.nl/wp-content/uploads/2026/08/3977.webp,,NOW Foods,Vitaliteit,NOW4112
53927,Gr8-Dophilus (60 Vcaps),"Gr8-Dophilus in vegetarische capsules, verpakt per 60 Vcaps.",in stock,new,26.84 EUR,,https://thehealthhouse.nl/product/gr8-dophilus-60-vcaps/,https://thehealthhouse.nl/wp-content/uploads/2026/08/3975.webp,,NOW Foods,Gezondheidsproducten,NOW4111-60
53929,GABA 750 mg (100 Veggi Caps),750 mg GABA per capsule Aminozuur dat wordt gemaakt uit glutamaat Populair bij fitness en bodybuilding 90 Vegetarische capsules,in stock,new,26.84 EUR,,https://thehealthhouse.nl/product/gaba-750-mg-100-veggi-caps/,https://thehealthhouse.nl/wp-content/uploads/2026/08/3973.webp,,NOW Foods,Nachtrust en herstel,NOW3103-100
53931,Calcium & Magnesium (100 tabs),"Calcium & Magnesium met 500 mg en 250 mg per tablet, verpakt per 100.",in stock,new,20.24 EUR,,https://thehealthhouse.nl/product/calcium-magnesium-100-tabs/,https://thehealthhouse.nl/wp-content/uploads/2026/08/3971.webp,,NOW Foods,Joints / Gewrichten,NOW4110-100
53933,Mutant CreaKong (300 gram),"Top 3 creatine&#8217;s Alleen gepatenteerde creatine&#8217;s Geen fillers 100% spierkracht en prestaties! 100% spiermassa! Klinisch aangetoonde ingrediënten 75 doseringen per verpakking",in stock,new,26.84 EUR,,https://thehealthhouse.nl/product/mutant-creakong-300-gram/,https://thehealthhouse.nl/wp-content/uploads/2026/08/3961.jpg,,Mutant,Creatine,PVL7001-3
53939,Harbinger Pro 2.0 Unisex Fitness Handschoenen,Verbeterde ademend vermogen Comfortabele 4-weg stretchstof Ontworpen voor gemakkelijk aan- en uittrekken Veilige pasvorm met verstelbare klittenband polsbevestiging,in stock,new,32.34 EUR,,https://thehealthhouse.nl/product/harbinger-pro-2-0-unisex-fitness-handschoenen/,https://thehealthhouse.nl/wp-content/uploads/2026/08/3868.jpg,,Harbinger Fitness,Gear,T-HBI212
53941,Power Gloves,"De Power Gloves fitnesshandschoenen van Harbinger zijn gemaakt van leder/spandex, met een aanpasbare polssluiting voor een goede pasvorm.",in stock,new,24.64 EUR,,https://thehealthhouse.nl/product/power-gloves/,https://thehealthhouse.nl/wp-content/uploads/2026/08/3860.jpg,,Harbinger Fitness,Gear,T-HBI211
53943,Padded Lifting Straps,Gevoerde lifting straps als praktisch accessoire voor je training.,in stock,new,22.44 EUR,,https://thehealthhouse.nl/product/padded-lifting-straps/,https://thehealthhouse.nl/wp-content/uploads/2026/08/3858.jpg,,Harbinger Fitness,Gear,T-HBI202-PLS
53945,Cotton Lifting Straps,De Harbinger Cotton Lifting Straps bieden ondersteuning aan de grip en zorgen ervoor dat je nog zwaardere gewichten kunt tillen en intensiever kunt trainen.,in stock,new,20.24 EUR,,https://thehealthhouse.nl/product/cotton-lifting-straps/,https://thehealthhouse.nl/wp-content/uploads/2026/08/3734.jpg,,Harbinger Fitness,Gear,T-HBI202-CLS
53947,Glutamine (300 Gram),Pharmaceutical grade Glutamine Gemicroniseerde en instant oplosbaar Helpt herstellen na inspanning Belangrijk aminozuur voor Bodybuilders Tot 2 maanden voorraad Zonder vul- of mengstoffen 5 gram pure Glutamine per theelepel,in stock,new,26.84 EUR,,https://thehealthhouse.nl/product/glutamine-300-gram/,https://thehealthhouse.nl/wp-content/uploads/2026/08/3883.jpg,,Gaspari Nutrition,Glutamine,GSP3003
53949,Animal Test 21 packs,Voor de mannelijke bodybuilder/krachtatleet Krachtige formule/ verschillende plantextracten Geschikt voor personen vanaf 21 jaar 21 packs per verpakking,in stock,new,124.85 EUR,,https://thehealthhouse.nl/product/animal-test-21-packs/,https://thehealthhouse.nl/wp-content/uploads/2026/08/3726.jpg,,Universal Nutrition,Test boosters,UNI8504
53951,Taurine 500 mg (100 Vcaps),500 mg per capsule Vrije vorm aminozuur Snel opneembaar,in stock,new,22.44 EUR,,https://thehealthhouse.nl/product/taurine-500-mg-100-vcaps/,https://thehealthhouse.nl/wp-content/uploads/2026/08/3848.webp,,NOW Foods,EAA,NOW3101
53953,Mutant Mass (6800 gram),"M MUTANT&#8217;s #1 Mass Gainer ! 1.100 calorieën per portie 56 g pure eiwitten, 192 g schone koolhydraten, 12 g vet 26,1 g EAA&#8217;s en 12,2 g BCAA&#8217;s (van nature aanwezig)",in stock,new,92.84 EUR,,https://thehealthhouse.nl/product/mutant-mass-6800-gram/,https://thehealthhouse.nl/wp-content/uploads/2026/08/3841.jpg,,Mutant,Weightgainers,MTA2101-6
53955,L-Tyrosine 500 mg (120 caps),500 mg L-Tyrosine Ondersteunt mentale alertheid Farmaceutische kwaliteit 120 capsules,in stock,new,23.54 EUR,,https://thehealthhouse.nl/product/l-tyrosine-500-mg-120-caps/,https://thehealthhouse.nl/wp-content/uploads/2026/08/3839.webp,,NOW Foods,EAA,NOW3102-120
53957,Water Out™ Fluid Balance(100 Vcaps),"Met gestandaardiseerde Uva Ursi, paardenbloem, kalium, vitamine B-6 en meer! Ondersteunt gezonde urinewegen*",in stock,new,26.84 EUR,,https://thehealthhouse.nl/product/water-out-fluid-balance100-vcaps/,https://thehealthhouse.nl/wp-content/uploads/2026/08/3837.webp,,NOW Foods,Fatburners,NOW5106
53961,CoQ10 30mg (120 Vcaps),CoQ10 in vegetarische capsules met 30 mg per capsule en 120 Vcaps per pot.,in stock,new,26.84 EUR,,https://thehealthhouse.nl/product/coq10-30mg-120-vcaps/,https://thehealthhouse.nl/wp-content/uploads/2026/08/3791.webp,,NOW Foods,Vitaliteit,NOW4108-120
53963,EGCg Green Tea Extract 400 mg (90 Vcaps),200 mg EGCg / 80% catechinen Ondersteunt cellulaire gezondheid,in stock,new,22.44 EUR,,https://thehealthhouse.nl/product/egcg-green-tea-extract-400-mg-90-vcaps/,https://thehealthhouse.nl/wp-content/uploads/2026/08/3770.webp,,NOW Foods,Liver Support,NOW5105-90
53965,Animal Omega (30 packs),Verbeterd anabolisme en metabolisme Essentiële vetzuren 4000mg Omega 3 complex 2500mg Omega 6 complex,in stock,new,65.34 EUR,,https://thehealthhouse.nl/product/animal-omega-30-packs/,https://thehealthhouse.nl/wp-content/uploads/2026/08/3767.jpg,,Universal Nutrition,Vitamines,UNI4502
53967,Zinc Picolinate 50 mg (120 Vcaps),Ondersteunt enzymfuncties Ondersteunt immuunsysteem Essentieel Mineraal Antioxidant 120 v-caps,in stock,new,24.64 EUR,,https://thehealthhouse.nl/product/zinc-picolinate-50-mg-120-vcaps/,https://thehealthhouse.nl/wp-content/uploads/2026/08/3700.webp,,NOW Foods,Vitamines,NOW4107
53969,Super Antioxidant (120 Vcaps),Met kruidenextracten Behoudt een optimale gezondheid* 120 Vegetarische caps,in stock,new,59.84 EUR,,https://thehealthhouse.nl/product/super-antioxidant-120-vcaps/,https://thehealthhouse.nl/wp-content/uploads/2026/08/3763.webp,,NOW Foods,Liver Support,NOW4105
53971,Daily Vits (100 tabs),Multi Vitamine en Mineralen Perfect voor sporters 1 tablet per dag is voldoende 100 dagen verpakking!,in stock,new,32.34 EUR,,https://thehealthhouse.nl/product/daily-vits-100-tabs/,https://thehealthhouse.nl/wp-content/uploads/2026/08/3761.webp,,NOW Foods,Vitamines,NOW4100-100
53973,Omega 3-6-9 1000mg (250 softgels),Voor het behoud van soepele gewrichten Heeft een gunstige invloed heeft op de droge huid Goed voor hart en bloedvaten Bevordert de gemoedstoestand,in stock,new,48.84 EUR,,https://thehealthhouse.nl/product/omega-3-6-9-1000mg-250-softgels/,https://thehealthhouse.nl/wp-content/uploads/2026/08/3759.webp,,NOW Foods,Vitamines,NOW4503-250
53975,Adam Superior Men’s Multi (90 Vcaps),Multivitamine voor mannen in een verpakking met 90 vegetarische capsules.,in stock,new,43.34 EUR,,https://thehealthhouse.nl/product/adam-superior-mens-multi-90-vcaps/,https://thehealthhouse.nl/wp-content/uploads/2026/08/3755.webp,,NOW Foods,Vitamines,NOW4102-90
53977,Omega 3 (100 softgels),Halal Omega 3 in een verpakking met 100 softgels voor dagelijkse aanvulling.,in stock,new,20.24 EUR,,https://thehealthhouse.nl/product/omega-3-100-softgels/,https://thehealthhouse.nl/wp-content/uploads/2026/08/3753.webp,,NOW Foods,Vitamines,NOW4501-100
53979,Liver Refresh (90 Vcaps),Liver Refresh is een voedingssupplement in een verpakking met 90 Vcaps.,in stock,new,37.84 EUR,,https://thehealthhouse.nl/product/liver-refresh-90-vcaps/,https://thehealthhouse.nl/wp-content/uploads/2026/08/3690.webp,,NOW Foods,Liver Support,NOW4301-90
53981,LSP,100% zware katoen met comfortabele neopreen vulling Extra lengte en breedte voor betere grip. Machinewasbaar,in stock,new,21.34 EUR,,https://thehealthhouse.nl/product/lsp/,https://thehealthhouse.nl/wp-content/uploads/2026/08/3732.jpg,,Valeo (ocelot),Gear,T-VAL111
53983,Animal Flex (44 packs),Ondersteunt een gezonde gewrichtsfunctie Helpt de flexibiliteit en elasticiteit te verbeteren Hulp bij herstel van bindweefsel Helpt het risico op structureel letsel te verminderen,in stock,new,65.34 EUR,,https://thehealthhouse.nl/product/animal-flex-44-packs/,https://thehealthhouse.nl/wp-content/uploads/2026/08/3729.jpg,,Universal Nutrition,Joints / Gewrichten,UNI4301
53989,Power Straps Padded,De Powerstraps Padded zijn verstevigd met een laag neopreen en zorgen dus voor nog meer stevigheid en meer comfort.,in stock,new,21.34 EUR,,https://thehealthhouse.nl/product/power-straps-padded/,https://thehealthhouse.nl/wp-content/uploads/2026/08/3677.jpg,,Flex Sports,Gear,T-FLE106
53991,Powerstraps,"Powerstraps versterken je grip en dragen bij tot een groter hef en trekvermogen, omdat pijnlijke vingers je niet meer belemmeren en de gewichten/stang je niet meer uit de handen kunnen glijden.",in stock,new,16.94 EUR,,https://thehealthhouse.nl/product/powerstraps/,https://thehealthhouse.nl/wp-content/uploads/2026/08/3675.jpg,,Flex Sports,Gear,T-FLE105
53993,VCL Classic belt “4”,"MEMORY FOAM CORE CONFORMS TO THE BODY FOR MAXIMUM COMFORT AND SUPPORT, YET ALWAYS RETURNS TO ITS ORIGINAL SHAPE",in stock,new,48.84 EUR,,https://thehealthhouse.nl/product/vcl-classic-belt-4/,https://thehealthhouse.nl/wp-content/uploads/2026/08/3669.jpg,,Valeo (ocelot),Gear,T-VAL103
53995,Pam Cooking Spray Original (6oz),zonder Vet zonder Calorieën zonder Natrium zonder Bijsmaak zonder Cholesterol,in stock,new,19.14 EUR,,https://thehealthhouse.nl/product/pam-cooking-spray-original-6oz/,https://thehealthhouse.nl/wp-content/uploads/2026/08/3639.jpg,,Pam,Food,PAM5001-OR
53997,Stacker 4 Ephedra Free (100 caps),Lekkere energie boost Met Groene Thee Extract Populaire vetverbrander in Europa 100 caps per verpakking,in stock,new,32.34 EUR,,https://thehealthhouse.nl/product/stacker-4-ephedra-free-100-caps/,https://thehealthhouse.nl/wp-content/uploads/2026/08/3633.jpg,,Stacker2,Fatburners,STC5103
53999,Stacker 2 Ephedra Free (100 caps),Bevat gepatenteerd Tri-Guggul-Lyptoid-Complex 3 Unieke samenstelling Zeer effectief Razend populair in de VS 100 caps per verpakking,in stock,new,26.84 EUR,,https://thehealthhouse.nl/product/stacker-2-ephedra-free-100-caps/,https://thehealthhouse.nl/wp-content/uploads/2026/08/3631.jpg,,Stacker2,Fatburners,STC5101
54007,Chromium Picolinate (100 caps),"50mcg Chromium per capsule 100 capsules Biologisch &#038; Vrij van gist",in stock,new,21.34 EUR,,https://thehealthhouse.nl/product/chromium-picolinate-100-caps/,https://thehealthhouse.nl/wp-content/uploads/2026/08/3580.jpg,,Universal Nutrition,Fatburners,UNI4107
54009,Cal-Mag-Zinc (100 tabs),1g Calcium 600mg Magnesium 15mg Zink 100 tabletten,in stock,new,20.24 EUR,,https://thehealthhouse.nl/product/cal-mag-zinc-100-tabs/,https://thehealthhouse.nl/wp-content/uploads/2026/08/3574.jpg,,Universal Nutrition,Joints / Gewrichten,UNI4204
54013,Daily Formula (100 tabs),"Vitaminen &#038; Mineralen 60mg Vitamine C per tablet Makkelijk te slikken tablet 100 tabletten",in stock,new,22.44 EUR,,https://thehealthhouse.nl/product/daily-formula-100-tabs/,https://thehealthhouse.nl/wp-content/uploads/2026/08/3568.jpg,,Universal Nutrition,Vitamines,UNI4201
54015,Animal Stak (21packs),Sterke bevordering van de spiergroei Vermindert eiwitafbraak in de spieren Natuurlijke groeifactor booster Gebruik vanaf 18 jaar ! 21 training packs,in stock,new,76.34 EUR,,https://thehealthhouse.nl/product/animal-stak-21packs/,https://thehealthhouse.nl/wp-content/uploads/2026/08/3565.jpg,,Universal Nutrition,Test boosters,UNI8102
54017,GH Max (180 tabs),Spiermassa GH Afgifte Toename in Kracht Proteïne Synthese,in stock,new,48.84 EUR,,https://thehealthhouse.nl/product/gh-max-180-tabs/,https://thehealthhouse.nl/wp-content/uploads/2026/08/3553.jpg,,Universal Nutrition,Pump,UNI3207
54021,Animal Pak (44 Packs),Animal Pak van Animal: 44 handige packs met BCAA en L-carnitine.,in stock,new,76.34 EUR,,https://thehealthhouse.nl/product/animal-pak-44-packs/,https://thehealthhouse.nl/wp-content/uploads/2026/08/3540.jpg,,Universal Nutrition,Vitamines,UNI4104-44
54023,BEEF Protein Isolate Zakjes (20x30gram),"Nu verkrijgbaar in sample box met 20 smaken Clear Beef Protein Isolate 27 gram per zakje (30 gram) Geen koolhydraten, suiker, zuivel en vet Paleo en Keto geschikt Scala aan heerlijke, innovatieve frisse fruit smaken Zeer licht verteerbaar",in stock,new,48.84 EUR,,https://thehealthhouse.nl/product/beef-protein-isolate-zakjes-20x30gram/,https://thehealthhouse.nl/wp-content/uploads/2026/08/77578.jpg,,NXT Nutrition,Eiwitten > Eiwitten Isolaat,NXT1008-20
54025,C4 Sport (30 Servings),"135mg Cafeïne per dosering Rijk aan vitamines, mineralen en aminozuren Heerlijke smaken 30 servings",in stock,new,34.54 EUR,,https://thehealthhouse.nl/product/c4-sport-30-servings/,https://thehealthhouse.nl/wp-content/uploads/2026/08/4714.jpg,,Cellucor,Pre Workout,CEL3003
54027,C4 Ripped Pre-Workout (30 Servings),"C4 Power &#038; Cutting formula! Ripped blend: 5 speciale Ripped ingrediënten Geen creatine De slimme 2-in-1 C4 pre-workout formule 30 servings",in stock,new,37.84 EUR,,https://thehealthhouse.nl/product/c4-ripped-pre-workout-30-servings/,https://thehealthhouse.nl/wp-content/uploads/2026/08/4686.jpg,,Cellucor,Fatburners,CEL3002
55855,The Health House Isolate Whey (1000 gram),"100% whey protein isolate met ~28g eiwit, 0g suiker en toegevoegd lactase. Non-GMO. Verkrijgbaar in Vanille, Banaan en Chocola.",in stock,new,49.95 EUR,,https://thehealthhouse.nl/product/the-health-house-isolate-whey-1000-gram/,https://thehealthhouse.nl/wp-content/uploads/2026/08/isolate-whey-scaled.png,,The Health House,Eiwitten > Eiwitten Isolaat > Nieuwe Producten,
55872,"The Health House Hardcore Testosterone Booster — Natuurlijke Kracht &amp; Energie voor Mannen","Dé natuurlijke testo-ondersteuning voor mannen die meer energie, kracht en drive willen — zonder hormonen. Eigen merk van The Health House, met 9 fysieke winkels en 90 dagen niet-goed-geld-terug.",in stock,new,39.95 EUR,,https://thehealthhouse.nl/product/the-health-house-hardcore-testosterone-booster/,https://thehealthhouse.nl/wp-content/uploads/2025/12/hardcore-test.png,,The Health House,Gezondheidsproducten > Mannengezondheid > Spierherstel,HER-013-BND
55989,Dope! Pre-Workout Shot – 12 x 60 ml,Dope! Pre-Workout Shot – 12 x 60 ml,in stock,new,26.39 EUR,,https://thehealthhouse.nl/product/dope-pre-workout-shot-12-x-60-ml/,https://thehealthhouse.nl/wp-content/uploads/2026/08/Dope-Pre-Workout-Shot-12-x-60-ml-1.png,,Dope!,Pre Workout > Pre-workout shots,DOPE0012
55993,Hype Xtreme Pre-Workout Shot – 12 x 60 ml,Hype Xtreme Pre-Workout Shot – 12 x 60 ml,in stock,new,5.49 EUR,,https://thehealthhouse.nl/product/hype-xtreme-pre-workout-shot-12-x-60-ml/,https://thehealthhouse.nl/wp-content/uploads/2026/08/Hype-Xtreme-Pre-Workout-Shot-12-x-60-ml-2.png,,The Health House,Pre Workout > Pre-workout shots > Week Deals,HY0030
56001,Applied Nutrition Stainless Steel Flask – 500 ml,Applied Nutrition Stainless Steel Flask – 500 ml,in stock,new,16.49 EUR,,https://thehealthhouse.nl/product/applied-nutrition-stainless-steel-flask-500-ml/,https://thehealthhouse.nl/wp-content/uploads/2026/08/live-ap0438.png,,Applied Nutrition,Accessoires / Shakers,AP0438
56003,Applied Nutrition Tri Magnesium,Applied Nutrition Tri Magnesium,in stock,new,27.49 EUR,,https://thehealthhouse.nl/product/applied-nutrition-tri-magnesium/,https://thehealthhouse.nl/wp-content/uploads/2026/08/live-ap0437.png,,Applied Nutrition,Magnesium > Mineralen,
56007,Applied Nutrition Organ Shield,Applied Nutrition Organ Shield,in stock,new,27.49 EUR,,https://thehealthhouse.nl/product/applied-nutrition-organ-shield/,https://thehealthhouse.nl/wp-content/uploads/2026/08/live-ap0429.png,,Applied Nutrition,Gezondheidsproducten > Organen,
56011,"Applied Nutrition Prostate &#038; Health","Applied Nutrition Prostate &#038; Health",in stock,new,32.99 EUR,,https://thehealthhouse.nl/product/applied-nutrition-prostate-health/,https://thehealthhouse.nl/wp-content/uploads/2026/08/live-ap0427.png,,Applied Nutrition,Gezondheidsproducten > Mannengezondheid,
56015,"Applied Nutrition Magnesium &#038; Vitamin D3 – 60 capsules","Applied Nutrition Magnesium &#038; Vitamin D3 – 60 capsules",in stock,new,16.49 EUR,,https://thehealthhouse.nl/product/applied-nutrition-magnesium-vitamin-d3-60-capsules/,https://thehealthhouse.nl/wp-content/uploads/2026/08/live-ap0425.png,,Applied Nutrition,Magnesium > Mineralen > Vitamine D,AP0425
56017,"Applied Nutrition Calcium &#038; Vitamin K2 – 60 capsules","Applied Nutrition Calcium &#038; Vitamin K2 – 60 capsules",in stock,new,16.49 EUR,,https://thehealthhouse.nl/product/applied-nutrition-calcium-vitamin-k2-60-capsules/,https://thehealthhouse.nl/wp-content/uploads/2026/08/live-ap0424.png,,Applied Nutrition,Calcium > Mineralen > Vitamine K,AP0424
56031,ESN Isoclear Whey Protein Isolate,ESN Isoclear Whey Protein Isolate,in stock,new,21.99 EUR,,https://thehealthhouse.nl/product/esn-isoclear-whey-protein-isolate/,https://thehealthhouse.nl/wp-content/uploads/2026/08/live-esn0027.png,,ESN,Clear whey > Eiwitten,
56033,Dope! Metal Shaker,Dope! Metal Shaker,in stock,new,27.49 EUR,,https://thehealthhouse.nl/product/dope-metal-shaker/,https://thehealthhouse.nl/wp-content/uploads/2026/08/live-dope0005.png,,Dope!,Accessoires / Shakers,
56041,Applied Nutrition Greens Multivitamin – 60 capsules,Applied Nutrition Greens Multivitamin – 60 capsules,in stock,new,13.19 EUR,,https://thehealthhouse.nl/product/applied-nutrition-greens-multivitamin-60-capsules/,https://thehealthhouse.nl/wp-content/uploads/2026/08/Applied-nutrition-Greens-Multivitamin-60-capsules.png,,Applied Nutrition,Gezondheidsproducten > Greens,AP0446
56043,Applied Nutrition Cooler Tumbler Cup,Applied Nutrition Cooler Tumbler Cup,in stock,new,21.99 EUR,,https://thehealthhouse.nl/product/applied-nutrition-cooler-tumbler-cup/,https://thehealthhouse.nl/wp-content/uploads/2026/08/live-ap0445.png,,Applied Nutrition,Accessoires / Shakers,
56051,Applied Nutrition Sleep Health,Applied Nutrition Sleep Health,in stock,new,32.99 EUR,,https://thehealthhouse.nl/product/applied-nutrition-sleep-health/,https://thehealthhouse.nl/wp-content/uploads/2026/08/live-ap0433.png,,Applied Nutrition,Gezondheidsproducten > Slaap,
56055,Applied Nutrition TRT Test Support,Applied Nutrition TRT Test Support,in stock,new,27.49 EUR,,https://thehealthhouse.nl/product/applied-nutrition-trt-test-support/,https://thehealthhouse.nl/wp-content/uploads/2026/08/live-ap0431.png,,Applied Nutrition,Gezondheidsproducten > Mannengezondheid,
56059,Pandy Candy,Pandy Candy,in stock,new,2.19 EUR,,https://thehealthhouse.nl/product/pandy-candy/,https://thehealthhouse.nl/wp-content/uploads/2026/08/live-pandy0009.png,,Pandy,"Pick &amp; Mix > Snacks",
56069,Nutrend Sleep Supp+ – 60 capsules,Nutrend Sleep Supp+ – 60 capsules,in stock,new,21.99 EUR,,https://thehealthhouse.nl/product/nutrend-sleep-supp-60-capsules/,https://thehealthhouse.nl/wp-content/uploads/2026/08/live-nu0369.png,,Nutrend,Gezondheidsproducten > Slaap,NU0369
56071,Nutrend Magnechill – 90 capsules,Nutrend Magnechill – 90 capsules,in stock,new,16.49 EUR,,https://thehealthhouse.nl/product/nutrend-magnechill-90-capsules/,https://thehealthhouse.nl/wp-content/uploads/2026/08/live-nu0368.png,,Nutrend,Magnesium > Mineralen,NU0368
56073,Nutrend Liver Supp+ – 90 tablets,Nutrend Liver Supp+ – 90 tablets,in stock,new,21.99 EUR,,https://thehealthhouse.nl/product/nutrend-liver-supp-90-tablets/,https://thehealthhouse.nl/wp-content/uploads/2026/08/live-nu0367.png,,Nutrend,Gezondheidsproducten,NU0367
56075,Nutrend Creatine Compressed Caps – 120 capsules,Nutrend Creatine Compressed Caps – 120 capsules,in stock,new,21.99 EUR,,https://thehealthhouse.nl/product/nutrend-creatine-compressed-caps-120-capsules/,https://thehealthhouse.nl/wp-content/uploads/2026/08/live-nu0365.png,,Nutrend,Creatine > Creatine monohydraat,NU0365
56077,Nutrend BCAA Liquid Shot – 20 x 60 ml,Nutrend BCAA Liquid Shot – 20 x 60 ml,in stock,new,27.49 EUR,,https://thehealthhouse.nl/product/nutrend-bcaa-liquid-shot-20-x-60-ml/,https://thehealthhouse.nl/wp-content/uploads/2026/08/live-nu0223.png,,Nutrend,Aminozuren > BCAA,NU0223
56079,Monster Energy Rehab,Monster Energy Rehab,in stock,new,21.99 EUR,,https://thehealthhouse.nl/product/monster-energy-rehab/,https://thehealthhouse.nl/wp-content/uploads/2026/08/Monster-Energy-Energy-Rehab-12-x-500-ml-–-Lemonade-www.bodyandshapestore.nl_.png,,Monster Energy,Dranken > Energiedrank,
56083,ESN Omega-3 – 300 capsules,ESN Omega-3 – 300 capsules,in stock,new,48.39 EUR,,https://thehealthhouse.nl/product/esn-omega-3-300-capsules/,https://thehealthhouse.nl/wp-content/uploads/2026/08/live-esn0042.png,,ESN,Gezondheidsproducten > Omega 3 > Week Deals,ESN0042
56091,ESN Daily,ESN Daily,in stock,new,37.95 EUR,,https://thehealthhouse.nl/product/esn-daily/,https://thehealthhouse.nl/wp-content/uploads/2026/08/live-esn0038.png,,ESN,"Botten &amp; gewrichten > Gezondheidsproducten",
56105,Monster Energy Ultra,Monster Energy Ultra,in stock,new,21.99 EUR,,https://thehealthhouse.nl/product/monster-energy-ultra/,https://thehealthhouse.nl/wp-content/uploads/2026/08/live-ms0041.png,,Monster Energy,Dranken > Energiedrank,
56109,Quamtrax L-Glutamine Powder Kyowa – 300 gram,Quamtrax L-Glutamine Powder Kyowa – 300 gram,in stock,new,21.99 EUR,,https://thehealthhouse.nl/product/quamtrax-l-glutamine-powder-kyowa-300-gram/,https://thehealthhouse.nl/wp-content/uploads/2026/08/live-qn0551.png,,Quamtrax,Aminozuren > Glutamine,QN0551
56111,Quamtrax Synephrine – 60 caps,Quamtrax Synephrine – 60 caps,in stock,new,16.49 EUR,,https://thehealthhouse.nl/product/quamtrax-synephrine-60-caps/,https://thehealthhouse.nl/wp-content/uploads/2026/08/live-qn0531.png,,Quamtrax,Afslanksupplementen > Gewichtsbeheersing,QN0531
56113,Quamtrax Vits. Men – 90 tabs,Quamtrax Vits. Men – 90 tabs,in stock,new,21.99 EUR,,https://thehealthhouse.nl/product/quamtrax-vits-men-90-tabs/,https://thehealthhouse.nl/wp-content/uploads/2026/08/live-qn0530.png,,Quamtrax,Multivitamine > Vitamines,QN0530
56115,Quamtrax Vits. K2 + D3 – 120 softgels,Quamtrax Vits. K2 + D3 – 120 softgels,in stock,new,21.99 EUR,,https://thehealthhouse.nl/product/quamtrax-vits-k2-d3-120-softgels/,https://thehealthhouse.nl/wp-content/uploads/2026/08/live-qn0529.png,,Quamtrax,Vitamine D > Vitamine K > Vitamines,QN0529
56117,Quamtrax Vit. E – 90 softgels,Quamtrax Vit. E – 90 softgels,in stock,new,19.79 EUR,,https://thehealthhouse.nl/product/quamtrax-vit-e-90-softgels/,https://thehealthhouse.nl/wp-content/uploads/2026/08/live-qn0528.png,,Quamtrax,Vitamine E > Vitamines,QN0528
56119,Quamtrax Vit. C – 90 caps,Quamtrax Vit. C – 90 caps,in stock,new,19.79 EUR,,https://thehealthhouse.nl/product/quamtrax-vit-c-90-caps/,https://thehealthhouse.nl/wp-content/uploads/2026/08/live-qn0527.png,,Quamtrax,Vitamine C > Vitamines,QN0527
56121,Quamtrax Vit. B Complex – 60 caps,Quamtrax Vit. B Complex – 60 caps,in stock,new,15.38 EUR,,https://thehealthhouse.nl/product/quamtrax-vit-b-complex-60-caps/,https://thehealthhouse.nl/wp-content/uploads/2026/08/live-qn0526.png,,Quamtrax,Vitamine B > Vitamines,QN0526
56123,Quamtrax Full Pack – 30 sachets,Quamtrax Full Pack – 30 sachets,in stock,new,49.50 EUR,,https://thehealthhouse.nl/product/quamtrax-full-pack-30-sachets/,https://thehealthhouse.nl/wp-content/uploads/2026/08/live-qn0517.png,,Quamtrax,Mineralen > Multimineraal > Multivitamine,QN0517
56125,Quamtrax Whey Isolate,Quamtrax Whey Isolate,in stock,new,98.99 EUR,,https://thehealthhouse.nl/product/quamtrax-whey-isolate/,https://thehealthhouse.nl/wp-content/uploads/2026/08/Quamtrax-Nutrition-Direct-Whey-Isolate-2000-gram-Strawberry.png,,Quamtrax,Eiwitten > Eiwitten Isolaat,
56137,Quamtrax Whey Protein,Quamtrax Whey Protein,in stock,new,60.49 EUR,,https://thehealthhouse.nl/product/quamtrax-whey-protein/,https://thehealthhouse.nl/wp-content/uploads/2026/08/live-qn0493.png,,Quamtrax,Eiwitten > Whey eiwit,
56155,Quamtrax L-Carnitine Lonza 2000mg – 120 caps,Quamtrax L-Carnitine Lonza 2000mg – 120 caps,in stock,new,19.79 EUR,,https://thehealthhouse.nl/product/quamtrax-l-carnitine-lonza-2000mg-120-caps/,https://thehealthhouse.nl/wp-content/uploads/2026/08/live-qn0562.png,,Quamtrax,Gewichtsbeheersing > L-carnitine,QN0562
56157,Quamtrax Pure CLA – 180 softgels,Quamtrax Pure CLA – 180 softgels,in stock,new,27.49 EUR,,https://thehealthhouse.nl/product/quamtrax-pure-cla-180-softgels/,https://thehealthhouse.nl/wp-content/uploads/2026/08/live-qn0561.png,,Quamtrax,CLA > Gewichtsbeheersing,QN0561
56159,Quamtrax Metal Shaker,Quamtrax Metal Shaker,in stock,new,21.99 EUR,,https://thehealthhouse.nl/product/quamtrax-metal-shaker/,https://thehealthhouse.nl/wp-content/uploads/2026/08/live-qn0555.png,,Quamtrax,Accessoires / Shakers,
56163,Quamtrax Direct Glutamine – 500 gram,Quamtrax Direct Glutamine – 500 gram,in stock,new,16.49 EUR,,https://thehealthhouse.nl/product/quamtrax-direct-glutamine-500-gram/,https://thehealthhouse.nl/wp-content/uploads/2026/08/live-qn0550.png,,Quamtrax,Aminozuren > Glutamine,QN0550
56165,Quamtrax Chelated Magnesium Bisglycinate – 90 caps,Quamtrax Chelated Magnesium Bisglycinate – 90 caps,in stock,new,21.99 EUR,,https://thehealthhouse.nl/product/quamtrax-chelated-magnesium-bisglycinate-90-caps/,https://thehealthhouse.nl/wp-content/uploads/2026/08/live-qn0548.png,,Quamtrax,Magnesium > Mineralen,QN0548
56167,Quamtrax Chelated Zinc Bisglycinate – 60 caps,Quamtrax Chelated Zinc Bisglycinate – 60 caps,in stock,new,16.49 EUR,,https://thehealthhouse.nl/product/quamtrax-chelated-zinc-bisglycinate-60-caps/,https://thehealthhouse.nl/wp-content/uploads/2026/08/live-qn0547.png,,Quamtrax,Mineralen > Zink,QN0547
56169,Quamtrax Chromium Picolinate – 120 tabs,Quamtrax Chromium Picolinate – 120 tabs,in stock,new,15.38 EUR,,https://thehealthhouse.nl/product/quamtrax-chromium-picolinate-120-tabs/,https://thehealthhouse.nl/wp-content/uploads/2026/08/live-qn0546.png,,Quamtrax,Calcium > Mineralen,QN0546
56171,Quamtrax ALA – 60 caps,Quamtrax ALA – 60 caps,in stock,new,27.49 EUR,,https://thehealthhouse.nl/product/quamtrax-ala-60-caps/,https://thehealthhouse.nl/wp-content/uploads/2026/08/live-qn0545.png,,Quamtrax,"Gezondheidsproducten > Stress &amp; cortisol",QN0545
56173,Quamtrax Krill Oil – 90 softgels,Quamtrax Krill Oil – 90 softgels,in stock,new,27.49 EUR,,https://thehealthhouse.nl/product/quamtrax-krill-oil-90-softgels/,https://thehealthhouse.nl/wp-content/uploads/2026/08/live-qn0544.png,,Quamtrax,Gezondheidsproducten > Omega 3,QN0544
56175,Quamtrax NADH – 60 capsules,Quamtrax NADH – 60 capsules,in stock,new,47.29 EUR,,https://thehealthhouse.nl/product/quamtrax-nadh-60-capsules/,https://thehealthhouse.nl/wp-content/uploads/2026/08/live-qn0543.png,,Quamtrax,"Gezondheidsproducten > Stress &amp; cortisol",QN0543
56177,Quamtrax Omega 3,Quamtrax Omega 3,in stock,new,14.29 EUR,,https://thehealthhouse.nl/product/quamtrax-omega-3/,https://thehealthhouse.nl/wp-content/uploads/2026/08/live-qn0542.png,,Quamtrax,Gezondheidsproducten > Omega 3,
56179,Quamtrax Omega 3.6.9,Quamtrax Omega 3.6.9,in stock,new,13.19 EUR,,https://thehealthhouse.nl/product/quamtrax-omega-3-6-9/,https://thehealthhouse.nl/wp-content/uploads/2026/08/live-qn0541.png,,Quamtrax,Gezondheidsproducten > Omega 3,
56181,Quamtrax R-ALA – 60 caps,Quamtrax R-ALA – 60 caps,in stock,new,27.49 EUR,,https://thehealthhouse.nl/product/quamtrax-r-ala-60-caps/,https://thehealthhouse.nl/wp-content/uploads/2026/08/live-qn0540.png,,Quamtrax,"Gezondheidsproducten > Stress &amp; cortisol",QN0540
56183,Quamtrax Ashwaganda – 60 caps,Quamtrax Ashwaganda – 60 caps,in stock,new,21.99 EUR,,https://thehealthhouse.nl/product/quamtrax-ashwaganda-60-caps/,https://thehealthhouse.nl/wp-content/uploads/2026/08/live-qn0539.png,,Quamtrax,"Gezondheidsproducten > Stress &amp; cortisol",QN0539
56185,Quamtrax Glucosamine – 90 tabs,Quamtrax Glucosamine – 90 tabs,in stock,new,19.79 EUR,,https://thehealthhouse.nl/product/quamtrax-glucosamine-90-tabs/,https://thehealthhouse.nl/wp-content/uploads/2026/08/live-qn0538.png,,Quamtrax,"Botten &amp; gewrichten > Gezondheidsproducten",QN0538
56187,Quamtrax Marine Collagen,Quamtrax Marine Collagen,in stock,new,16.49 EUR,,https://thehealthhouse.nl/product/quamtrax-marine-collagen/,https://thehealthhouse.nl/wp-content/uploads/2026/08/live-qn0537.png,,Quamtrax,"Botten &amp; gewrichten > Gezondheidsproducten",
56189,Quamtrax Berberine – 60 caps,Quamtrax Berberine – 60 caps,in stock,new,25.29 EUR,,https://thehealthhouse.nl/product/quamtrax-berberine-60-caps/,https://thehealthhouse.nl/wp-content/uploads/2026/08/live-qn0536.png,,Quamtrax,Actieve ingrediënten > Pre Workout,QN0536
56191,Quamtrax Caffeine,Quamtrax Caffeine,in stock,new,10.98 EUR,,https://thehealthhouse.nl/product/quamtrax-caffeine/,https://thehealthhouse.nl/wp-content/uploads/2026/08/live-qn0535.png,,Quamtrax,Actieve ingrediënten > Pre Workout,
56193,Quamtrax Diuretix – 90 caps,Quamtrax Diuretix – 90 caps,in stock,new,19.79 EUR,,https://thehealthhouse.nl/product/quamtrax-diuretix-90-caps/,https://thehealthhouse.nl/wp-content/uploads/2026/08/live-qn0534.png,,Quamtrax,Afslanksupplementen > Gewichtsbeheersing,QN0534
56195,Quamtrax Fat Burner – 90 caps,Quamtrax Fat Burner – 90 caps,in stock,new,19.79 EUR,,https://thehealthhouse.nl/product/quamtrax-fat-burner-90-caps/,https://thehealthhouse.nl/wp-content/uploads/2026/08/live-qn0533.png,,Quamtrax,Afslanksupplementen > Gewichtsbeheersing,QN0533
56197,Quamtrax L-Carnitine – 90 caps,Quamtrax L-Carnitine – 90 caps,in stock,new,19.79 EUR,,https://thehealthhouse.nl/product/quamtrax-l-carnitine-90-caps/,https://thehealthhouse.nl/wp-content/uploads/2026/08/live-qn0532.png,,Quamtrax,Gewichtsbeheersing > L-carnitine,QN0532
56203,Trained by JP Cream of Rice,Trained by JP Cream of Rice,in stock,new,27.49 EUR,,https://thehealthhouse.nl/product/trained-by-jp-cream-of-rice/,https://thehealthhouse.nl/wp-content/uploads/2026/08/live-tbjp0005.png,,Trained By JP,"Rijst &amp; granen > Voeding",
56205,STATE Energy Zero,STATE Energy Zero,in stock,new,3.29 EUR,,https://thehealthhouse.nl/product/state-energy-zero/,https://thehealthhouse.nl/wp-content/uploads/2026/08/live-state0012.png,,STATE,"Dranken > Pick &amp; Mix",
56211,STATE Electrolyte Sport+,STATE Electrolyte Sport+,in stock,new,3.29 EUR,,https://thehealthhouse.nl/product/state-electrolyte-sport/,https://thehealthhouse.nl/wp-content/uploads/2026/08/live-state0009.png,,STATE,"Dranken > Pick &amp; Mix",
56213,STATE Vitamin+ Zero,STATE Vitamin+ Zero,in stock,new,3.29 EUR,,https://thehealthhouse.nl/product/state-vitamin-zero/,https://thehealthhouse.nl/wp-content/uploads/2026/08/live-state0008.png,,STATE,"Dranken > Pick &amp; Mix",
56225,Rabeko Zero Sauce,Rabeko Zero Sauce,in stock,new,3.29 EUR,,https://thehealthhouse.nl/product/rabeko-zero-sauce/,https://thehealthhouse.nl/wp-content/uploads/2026/08/Rabeko-Zero-Sauce-350-ml-–-Kebab-www.bodyandshapestore.nl_.png,,Rabeko,"Caloriearm > Gewichtsbeheersing > Sauzen &amp; siropen",
56229,Rabeko Light Jam,Rabeko Light Jam,in stock,new,4.39 EUR,,https://thehealthhouse.nl/product/rabeko-light-jam/,https://thehealthhouse.nl/wp-content/uploads/2026/08/Rabeko-Products-Light-Jam-230-gram-Red-Currant.png,,Rabeko,Caloriearm > Gewichtsbeheersing > Spreads,
56241,Quamtrax Tribulus + ZMA – 90 tabs,Quamtrax Tribulus + ZMA – 90 tabs,in stock,new,21.99 EUR,,https://thehealthhouse.nl/product/quamtrax-tribulus-zma-90-tabs/,https://thehealthhouse.nl/wp-content/uploads/2026/08/live-qn0552.png,,Quamtrax,Gezondheidsproducten > Kruidenextracten > Mannengezondheid,QN0552
56243,Applied Nutrition ABE Shot,Applied Nutrition ABE Shot,in stock,new,25.29 EUR,,https://thehealthhouse.nl/product/applied-nutrition-abe-shot/,https://thehealthhouse.nl/wp-content/uploads/2026/08/Applied-nutrition-ABE-Shots-12-x-60-ml-Cherry-Cola.png,,Applied Nutrition,Pre Workout > Pre-workout shots,
56249,Quamtrax Collagen,Quamtrax Collagen,in stock,new,19.79 EUR,,https://thehealthhouse.nl/product/quamtrax-collagen/,https://thehealthhouse.nl/wp-content/uploads/2026/08/Quamtrax-Nutrition-Collagen-300-gram-Tropical.png,,Quamtrax,"Botten &amp; gewrichten > Gezondheidsproducten",
56261,Quamtrax ZMA,Quamtrax ZMA,in stock,new,13.19 EUR,,https://thehealthhouse.nl/product/quamtrax-zma/,https://thehealthhouse.nl/wp-content/uploads/2026/08/live-qn0549.png,,Quamtrax,Mineralen > Zink,
56263,Quamtrax Iso Whey,Quamtrax Iso Whey,in stock,new,43.99 EUR,,https://thehealthhouse.nl/product/quamtrax-iso-whey/,https://thehealthhouse.nl/wp-content/uploads/2026/08/live-qn0525.png,,Quamtrax,Eiwitten > Whey eiwit,
56319,PEScience Select Protein,PEScience Select Protein,in stock,new,43.99 EUR,,https://thehealthhouse.nl/product/pescience-select-protein/,https://thehealthhouse.nl/wp-content/uploads/2026/08/live-ps0064.png,,PEScience,Eiwitten > Whey eiwit,
56321,PEScience Prolific,PEScience Prolific,in stock,new,32.99 EUR,,https://thehealthhouse.nl/product/pescience-prolific/,https://thehealthhouse.nl/wp-content/uploads/2026/08/live-ps0061.png,,PEScience,Pre Workout > Pre-workout met cafeïne,
56323,Per4m Hydrate,Per4m Hydrate,in stock,new,27.49 EUR,,https://thehealthhouse.nl/product/per4m-hydrate/,https://thehealthhouse.nl/wp-content/uploads/2026/08/live-p4m0008.png,,PER4M,Duursport > Elektrolyten,
56327,Nutrend Flapjack,Nutrend Flapjack,in stock,new,29.69 EUR,,https://thehealthhouse.nl/product/nutrend-flapjack/,https://thehealthhouse.nl/wp-content/uploads/2026/08/live-nu0065.png,,Nutrend,Koolhydraatrepen > Voeding,
56329,Barebells Soft Protein Bar,Barebells Soft Protein Bar,in stock,new,3.29 EUR,,https://thehealthhouse.nl/product/barebells-soft-protein-bar/,https://thehealthhouse.nl/wp-content/uploads/2026/08/live-bb0087.png,,Barebells,"Eiwitrepen > Eiwitten > Pick &amp; Mix",
56331,Barebells Vegan Protein Bar,Barebells Vegan Protein Bar,in stock,new,3.29 EUR,,https://thehealthhouse.nl/product/barebells-vegan-protein-bar/,https://thehealthhouse.nl/wp-content/uploads/2026/08/live-bb0081.png,,Barebells,"Eiwitrepen > Eiwitten > Pick &amp; Mix",
56349,Barebells Protein Bar,Barebells Protein Bar,in stock,new,3.29 EUR,,https://thehealthhouse.nl/product/barebells-protein-bar/,https://thehealthhouse.nl/wp-content/uploads/2026/08/live-bb0067.png,,Barebells,"Eiwitrepen > Eiwitten > Pick &amp; Mix",
56361,Applied Nutrition ABE,Applied Nutrition ABE,in stock,new,21.99 EUR,,https://thehealthhouse.nl/product/applied-nutrition-abe/,https://thehealthhouse.nl/wp-content/uploads/2026/08/live-ap0443.png,,Applied Nutrition,Pre Workout > Pre-workout met cafeïne > Week Deals,
56363,Applied Nutrition ABE Pump,Applied Nutrition ABE Pump,in stock,new,43.99 EUR,,https://thehealthhouse.nl/product/applied-nutrition-abe-pump/,https://thehealthhouse.nl/wp-content/uploads/2026/08/live-ap0442.png,,Applied Nutrition,Pre Workout > Pre-workout zonder cafeïne,
56369,Energy OatSnack Bar,Energy OatSnack Bar,in stock,new,3.29 EUR,,https://thehealthhouse.nl/product/energy-oatsnack-bar/,https://thehealthhouse.nl/wp-content/uploads/2026/08/live-oat0011.png,,Energy OatSnack,"Koolhydraatrepen > Pick &amp; Mix",
56383,Quamtrax Pro HMB – 120 capsules,Quamtrax Pro HMB – 120 capsules,in stock,new,21.99 EUR,,https://thehealthhouse.nl/product/quamtrax-pro-hmb-120-capsules/,https://thehealthhouse.nl/wp-content/uploads/2026/08/live-qn0332.png,,Quamtrax,Aminozuren > Losse aminozuren,QN0332
56387,Applied Nutrition 100% Casein Protein,Applied Nutrition 100% Casein Protein,in stock,new,60.49 EUR,,https://thehealthhouse.nl/product/applied-nutrition-100-casein-protein/,https://thehealthhouse.nl/wp-content/uploads/2026/08/live-ap0005.png,,Applied Nutrition,Eiwitten > Eiwitten Caseine,
56397,Applied Nutrition BCAA Amino Hydrate,Applied Nutrition BCAA Amino Hydrate,in stock,new,21.99 EUR,,https://thehealthhouse.nl/product/applied-nutrition-bcaa-amino-hydrate/,https://thehealthhouse.nl/wp-content/uploads/2026/08/live-ap0070.png,,Applied Nutrition,Aminozuren > BCAA,
56421,Applied Nutrition Critical Plant Protein,Applied Nutrition Critical Plant Protein,in stock,new,43.99 EUR,,https://thehealthhouse.nl/product/applied-nutrition-critical-plant-protein/,https://thehealthhouse.nl/wp-content/uploads/2026/08/live-ap0310.png,,Applied Nutrition,Eiwitten > Eiwitten Vegan,
56471,Barebells Protein Bar Christmas Edition,Barebells Protein Bar Christmas Edition,in stock,new,26.39 EUR,,https://thehealthhouse.nl/product/barebells-protein-bar-christmas-edition/,https://thehealthhouse.nl/wp-content/uploads/2026/08/live-bb0039.png,,Barebells,Eiwitrepen > Eiwitten > Voeding,
56473,Barebells Whey Protein,Barebells Whey Protein,in stock,new,49.50 EUR,,https://thehealthhouse.nl/product/barebells-whey-protein/,https://thehealthhouse.nl/wp-content/uploads/2026/08/live-bb0041.png,,Barebells,Eiwitten > Whey eiwit,
56483,Barebells Protein Spread Bar,Barebells Protein Spread Bar,in stock,new,26.39 EUR,,https://thehealthhouse.nl/product/barebells-protein-spread-bar/,https://thehealthhouse.nl/wp-content/uploads/2026/08/live-bb0056.png,,Barebells,Eiwitrepen > Eiwitten > Voeding,
56505,ESN Designer Protein Bar,ESN Designer Protein Bar,in stock,new,27.49 EUR,,https://thehealthhouse.nl/product/esn-designer-protein-bar/,https://thehealthhouse.nl/wp-content/uploads/2026/08/live-esn0011.png,,ESN,Eiwitrepen > Eiwitten > Voeding,
56523,Ghost Vegan,Ghost Vegan,in stock,new,38.49 EUR,,https://thehealthhouse.nl/product/ghost-vegan/,https://thehealthhouse.nl/wp-content/uploads/2026/08/live-ghost0001.png,,Ghost,Eiwitten > Eiwitten Vegan > Week Deals,
56535,Ghost Legend V4,Ghost Legend V4,in stock,new,32.99 EUR,,https://thehealthhouse.nl/product/ghost-legend-v4/,https://thehealthhouse.nl/wp-content/uploads/2026/08/live-ghost0019.png,,Ghost,Pre Workout > Pre-workout met cafeïne > Week Deals,
56537,Maxi Nutrition Creamy Core Protein Bar,Maxi Nutrition Creamy Core Protein Bar,in stock,new,3.29 EUR,,https://thehealthhouse.nl/product/maxi-nutrition-creamy-core-protein-bar/,https://thehealthhouse.nl/wp-content/uploads/2026/08/live-maxi0003.png,,Maxi Nutrition,Eiwitrepen > Eiwitten > Voeding,
56539,Maxi Nutrition Creamy Core Vegan Protein Bar,Maxi Nutrition Creamy Core Vegan Protein Bar,in stock,new,27.49 EUR,,https://thehealthhouse.nl/product/maxi-nutrition-creamy-core-vegan-protein-bar/,https://thehealthhouse.nl/wp-content/uploads/2026/08/live-maxi0009.png,,Maxi Nutrition,Eiwitrepen > Eiwitten > Voeding,
56543,Maxi Nutrition Protein Waffle Bar,Maxi Nutrition Protein Waffle Bar,in stock,new,3.29 EUR,,https://thehealthhouse.nl/product/maxi-nutrition-protein-waffle-bar/,https://thehealthhouse.nl/wp-content/uploads/2026/08/live-maxi0012.png,,Maxi Nutrition,Eiwitrepen > Eiwitten > Voeding,
56545,Maxi Nutrition MaxShake Protein Milkshake,Maxi Nutrition MaxShake Protein Milkshake,in stock,new,3.29 EUR,,https://thehealthhouse.nl/product/maxi-nutrition-maxshake-protein-milkshake/,https://thehealthhouse.nl/wp-content/uploads/2026/08/live-maxi0024.png,,Maxi Nutrition,Dranken > Eiwitten > Ready to drink eiwit,
56551,Maxi Nutrition MaxFive EAA/BCAA Energy Drink,Maxi Nutrition MaxFive EAA/BCAA Energy Drink,in stock,new,3.29 EUR,,https://thehealthhouse.nl/product/maxi-nutrition-maxfive-eaa-bcaa-energy-drink/,https://thehealthhouse.nl/wp-content/uploads/2026/08/live-maxi0029.png,,Maxi Nutrition,Aminozuurdrank > Dranken > Energiedrank,
56553,Maxi Nutrition Hydration Tabs,Maxi Nutrition Hydration Tabs,in stock,new,3.29 EUR,,https://thehealthhouse.nl/product/maxi-nutrition-hydration-tabs/,https://thehealthhouse.nl/wp-content/uploads/2026/08/live-maxi0032.png,,Maxi Nutrition,"Elektrolyten > Pick &amp; Mix > Week Deals",
56583,Monster Energy Zero,Monster Energy Zero,in stock,new,21.99 EUR,,https://thehealthhouse.nl/product/monster-energy-zero/,https://thehealthhouse.nl/wp-content/uploads/2026/08/live-ms0058.png,,Monster Energy,Dranken > Energiedrank,
56587,Monster Energy Regular,Monster Energy Regular,in stock,new,21.99 EUR,,https://thehealthhouse.nl/product/monster-energy-regular/,https://thehealthhouse.nl/wp-content/uploads/2026/08/live-ms0065.png,,Monster Energy,Dranken > Energiedrank,
56593,Nutritech SPC,Nutritech SPC,in stock,new,82.49 EUR,,https://thehealthhouse.nl/product/nutritech-spc/,https://thehealthhouse.nl/wp-content/uploads/2026/08/live-nt0009.png,,Nutritech,Eiwitten > Whey eiwit,
56599,Nutrend Carnitine Activity Drink,Nutrend Carnitine Activity Drink,in stock,new,19.79 EUR,,https://thehealthhouse.nl/product/nutrend-carnitine-activity-drink/,https://thehealthhouse.nl/wp-content/uploads/2026/08/live-nu0004.png,,Nutrend,Carnitinedrank > Dranken,
56601,Nutrend Carnitine Activity Drink with Caffeine,Nutrend Carnitine Activity Drink with Caffeine,in stock,new,19.79 EUR,,https://thehealthhouse.nl/product/nutrend-carnitine-activity-drink-with-caffeine/,https://thehealthhouse.nl/wp-content/uploads/2026/08/live-nu0008.png,,Nutrend,Carnitinedrank > Dranken,
56611,Nutrend N1,Nutrend N1,in stock,new,16.49 EUR,,https://thehealthhouse.nl/product/nutrend-n1/,https://thehealthhouse.nl/wp-content/uploads/2026/08/live-nu0044.png,,Nutrend,Pre Workout > Pre-workout met cafeïne,
56613,Nutrend Pump,Nutrend Pump,in stock,new,21.99 EUR,,https://thehealthhouse.nl/product/nutrend-pump/,https://thehealthhouse.nl/wp-content/uploads/2026/08/live-nu0049.png,,Nutrend,Pre Workout > Pre-workout zonder cafeïne,
56615,Nutrend EAA Mega Strong Powder,Nutrend EAA Mega Strong Powder,in stock,new,27.49 EUR,,https://thehealthhouse.nl/product/nutrend-eaa-mega-strong-powder/,https://thehealthhouse.nl/wp-content/uploads/2026/08/live-nu0059.png,,Nutrend,Aminozuren > EAA,
56621,Nutrend Iso Whey Prozero,Nutrend Iso Whey Prozero,in stock,new,27.49 EUR,,https://thehealthhouse.nl/product/nutrend-iso-whey-prozero/,https://thehealthhouse.nl/wp-content/uploads/2026/08/live-nu0070.png,,Nutrend,Eiwitten > Eiwitten Isolaat,
56631,Nutrend Magneslife,Nutrend Magneslife,in stock,new,14.29 EUR,,https://thehealthhouse.nl/product/nutrend-magneslife/,https://thehealthhouse.nl/wp-content/uploads/2026/08/live-nu0081.png,,Nutrend,Magnesium > Mineralen,
56643,Nutrend Carnitine 100000 Liquid,Nutrend Carnitine 100000 Liquid,in stock,new,27.49 EUR,,https://thehealthhouse.nl/product/nutrend-carnitine-100000-liquid/,https://thehealthhouse.nl/wp-content/uploads/2026/08/live-nu0133.png,,Nutrend,Gewichtsbeheersing > L-carnitine,
56651,Nutrend N1 Pro,Nutrend N1 Pro,in stock,new,21.99 EUR,,https://thehealthhouse.nl/product/nutrend-n1-pro/,https://thehealthhouse.nl/wp-content/uploads/2026/08/live-nu0154.png,,Nutrend,Pre Workout > Pre-workout met cafeïne,
56661,Nutrend Magneslife Instant Drink Powder,Nutrend Magneslife Instant Drink Powder,in stock,new,21.99 EUR,,https://thehealthhouse.nl/product/nutrend-magneslife-instant-drink-powder/,https://thehealthhouse.nl/wp-content/uploads/2026/08/live-nu0179.png,,Nutrend,Magnesium > Mineralen,
56681,Per4m Cream Of Rice,Per4m Cream Of Rice,in stock,new,32.99 EUR,,https://thehealthhouse.nl/product/per4m-cream-of-rice/,https://thehealthhouse.nl/wp-content/uploads/2026/08/live-p4m0107.png,,PER4M,"Rijst &amp; granen > Voeding",
56689,Per4m Isolate Zero,Per4m Isolate Zero,in stock,new,88.00 EUR,,https://thehealthhouse.nl/product/per4m-isolate-zero/,https://thehealthhouse.nl/wp-content/uploads/2026/08/live-p4m0117.png,,PER4M,Eiwitten > Eiwitten Isolaat,
56717,PEScience Select Vegan,PEScience Select Vegan,in stock,new,43.99 EUR,,https://thehealthhouse.nl/product/pescience-select-vegan/,https://thehealthhouse.nl/wp-content/uploads/2026/08/live-ps0047.png,,PEScience,Eiwitten > Eiwitten Vegan,
56723,Quamtrax Zero Sauce,Quamtrax Zero Sauce,in stock,new,4.39 EUR,,https://thehealthhouse.nl/product/quamtrax-zero-sauce/,https://thehealthhouse.nl/wp-content/uploads/2026/08/live-qn0009.png,,Quamtrax,"Caloriearm > Gewichtsbeheersing > Sauzen &amp; siropen",
56727,Quamtrax Zero Syrup,Quamtrax Zero Syrup,in stock,new,4.39 EUR,,https://thehealthhouse.nl/product/quamtrax-zero-syrup/,https://thehealthhouse.nl/wp-content/uploads/2026/08/live-qn0016.png,,Quamtrax,"Caloriearm > Gewichtsbeheersing > Sauzen &amp; siropen",
56739,Quamtrax Collagen Plus,Quamtrax Collagen Plus,in stock,new,25.29 EUR,,https://thehealthhouse.nl/product/quamtrax-collagen-plus/,https://thehealthhouse.nl/wp-content/uploads/2026/08/live-qn0090.png,,Quamtrax,"Botten &amp; gewrichten > Collageen > Gezondheidsproducten",
56741,Quamtrax EAA MAP,Quamtrax EAA MAP,in stock,new,27.49 EUR,,https://thehealthhouse.nl/product/quamtrax-eaa-map/,https://thehealthhouse.nl/wp-content/uploads/2026/08/live-qn0137.png,,Quamtrax,Aminozuren > EAA,
56749,Quamtrax Oatmeal,Quamtrax Oatmeal,in stock,new,18.69 EUR,,https://thehealthhouse.nl/product/quamtrax-oatmeal/,https://thehealthhouse.nl/wp-content/uploads/2026/08/live-qn0181.png,,Quamtrax,"Rijst &amp; granen > Voeding",
56763,Quamtrax Rice Flour,Quamtrax Rice Flour,in stock,new,18.69 EUR,,https://thehealthhouse.nl/product/quamtrax-rice-flour/,https://thehealthhouse.nl/wp-content/uploads/2026/08/live-qn0201.png,,Quamtrax,"Rijst &amp; granen > Voeding",
56773,Quamtrax Protein Crunchy,Quamtrax Protein Crunchy,in stock,new,32.99 EUR,,https://thehealthhouse.nl/product/quamtrax-protein-crunchy/,https://thehealthhouse.nl/wp-content/uploads/2026/08/live-qn0341.png,,Quamtrax,Snacks > Voeding,
56777,Quamtrax Protein Pancake,Quamtrax Protein Pancake,in stock,new,21.99 EUR,,https://thehealthhouse.nl/product/quamtrax-protein-pancake/,https://thehealthhouse.nl/wp-content/uploads/2026/08/live-qn0348.png,,Quamtrax,"Koken &amp; bakken > Voeding",
56785,Quamtrax Vitargo Carboloader,Quamtrax Vitargo Carboloader,in stock,new,25.29 EUR,,https://thehealthhouse.nl/product/quamtrax-vitargo-carboloader/,https://thehealthhouse.nl/wp-content/uploads/2026/08/live-qn0412.png,,Quamtrax,Duursport > Koolhydraten,
56789,Quamtrax Whey Matrix,Quamtrax Whey Matrix,in stock,new,54.99 EUR,,https://thehealthhouse.nl/product/quamtrax-whey-matrix/,https://thehealthhouse.nl/wp-content/uploads/2026/08/live-qn0415.png,,Quamtrax,Eiwitten > Whey eiwit,
56819,Red Bull Edition Energy Drink,Red Bull Edition Energy Drink,in stock,new,21.99 EUR,,https://thehealthhouse.nl/product/red-bull-edition-energy-drink/,https://thehealthhouse.nl/wp-content/uploads/2026/08/live-rb0006.png,,Red Bull,Dranken > Energiedrank,
56831,Rabeko Zero Cooking Spray,Rabeko Zero Cooking Spray,in stock,new,6.60 EUR,,https://thehealthhouse.nl/product/rabeko-zero-cooking-spray/,https://thehealthhouse.nl/wp-content/uploads/2026/08/live-rk0006.png,,Rabeko,"Caloriearm > Gewichtsbeheersing > Koken &amp; bakken",
56837,Rabeko Protein Spread,Rabeko Protein Spread,in stock,new,4.39 EUR,,https://thehealthhouse.nl/product/rabeko-protein-spread/,https://thehealthhouse.nl/wp-content/uploads/2026/08/live-rk0038.png,,Rabeko,Caloriearm > Gewichtsbeheersing > Spreads,
56845,Rabeko Zero Syrup,Rabeko Zero Syrup,in stock,new,5.49 EUR,,https://thehealthhouse.nl/product/rabeko-zero-syrup/,https://thehealthhouse.nl/wp-content/uploads/2026/08/live-rk0049.png,,Rabeko,"Caloriearm > Gewichtsbeheersing > Sauzen &amp; siropen",
56851,Rabeko Zero Dressing,Rabeko Zero Dressing,in stock,new,5.49 EUR,,https://thehealthhouse.nl/product/rabeko-zero-dressing/,https://thehealthhouse.nl/wp-content/uploads/2026/08/Rabeko-Zero-Dressing-350-ml-–-Caeser-www.bodyandshapestore.nl_.png,,Rabeko,"Caloriearm > Gewichtsbeheersing > Sauzen &amp; siropen",
56859,STATE Electrolytes,STATE Electrolytes,in stock,new,5.49 EUR,,https://thehealthhouse.nl/product/state-electrolytes/,https://thehealthhouse.nl/wp-content/uploads/2026/08/live-state0013.png,,STATE,"Elektrolyten > Pick &amp; Mix",
56893,Nutrend Salt Caps – 120 capsules,Nutrend Salt Caps – 120 capsules,in stock,new,16.49 EUR,,https://thehealthhouse.nl/product/nutrend-salt-caps-120-capsules/,https://thehealthhouse.nl/wp-content/uploads/2026/08/live-nu0164.png,,Nutrend,Duursport > Elektrolyten,NU0164
56901,Quamtrax Creatine Creapure®,Quamtrax Creatine Creapure®,in stock,new,27.49 EUR,,https://thehealthhouse.nl/product/quamtrax-creatine-creapure/,https://thehealthhouse.nl/wp-content/uploads/2026/08/live-qn0096.png,,Quamtrax,Creapure® > Creatine,
56903,Quamtrax Lipotropic – 90 tabletten,Quamtrax Lipotropic – 90 tabletten,in stock,new,19.79 EUR,,https://thehealthhouse.nl/product/quamtrax-lipotropic-90-tabletten/,https://thehealthhouse.nl/wp-content/uploads/2026/08/live-qn0266.png,,Quamtrax,Afslanksupplementen > Gewichtsbeheersing,QN0266
56907,Nutrend Magneslife Strong – 20 x 60 ml,Nutrend Magneslife Strong – 20 x 60 ml,in stock,new,25.29 EUR,,https://thehealthhouse.nl/product/nutrend-magneslife-strong-20-x-60-ml/,https://thehealthhouse.nl/wp-content/uploads/2026/08/live-nu0079.png,,Nutrend,Magnesium > Mineralen,NU0079
56909,Nutrend Mineral Zinc 100% Chelate – 100 capsules,Nutrend Mineral Zinc 100% Chelate – 100 capsules,in stock,new,10.98 EUR,,https://thehealthhouse.nl/product/nutrend-mineral-zinc-100-chelate-100-capsules/,https://thehealthhouse.nl/wp-content/uploads/2026/08/live-nu0150.png,,Nutrend,Mineralen > Zink,NU0150
56911,Nutrend Multicomplex Compressed Caps – 60 capsules,Nutrend Multicomplex Compressed Caps – 60 capsules,in stock,new,13.19 EUR,,https://thehealthhouse.nl/product/nutrend-multicomplex-compressed-caps-60-capsules/,https://thehealthhouse.nl/wp-content/uploads/2026/08/live-nu0151.png,,Nutrend,Multivitamine > Vitamines,NU0151
56915,Quamtrax HIT – 90 capsules,Quamtrax HIT – 90 capsules,in stock,new,21.99 EUR,,https://thehealthhouse.nl/product/quamtrax-hit-90-capsules/,https://thehealthhouse.nl/wp-content/uploads/2026/08/live-qn0171.png,,Quamtrax,Afslanksupplementen > Gewichtsbeheersing,QN0171
56919,Quamtrax Tribulus – 100 capsules,Quamtrax Tribulus – 100 capsules,in stock,new,16.49 EUR,,https://thehealthhouse.nl/product/quamtrax-tribulus-100-capsules/,https://thehealthhouse.nl/wp-content/uploads/2026/08/live-qn0400.png,,Quamtrax,Gezondheidsproducten > Kruidenextracten > Mannengezondheid,QN0400
56921,Quamtrax Vitamineral Complex – 60 capsules,Quamtrax Vitamineral Complex – 60 capsules,in stock,new,14.29 EUR,,https://thehealthhouse.nl/product/quamtrax-vitamineral-complex-60-capsules/,https://thehealthhouse.nl/wp-content/uploads/2026/08/live-qn0410.png,,Quamtrax,Mineralen > Multimineraal > Multivitamine,QN0410
56923,Sport Energy Water – 24 x 500 ml,Sport Energy Water – 24 x 500 ml,in stock,new,26.39 EUR,,https://thehealthhouse.nl/product/sport-energy-water-24-x-500-ml/,https://thehealthhouse.nl/wp-content/uploads/2026/08/live-se0001.png,,Sport Energy,Dranken > Elektrolyten,SE0001
56937,Nutrend ZMA – 120 capsules,Nutrend ZMA – 120 capsules,in stock,new,32.99 EUR,,https://thehealthhouse.nl/product/nutrend-zma-120-capsules/,https://thehealthhouse.nl/wp-content/uploads/2026/08/live-nu0167.png,,Nutrend,Mineralen > Zink,NU0167
56939,Quamtrax Kre-Alkalyn® 3000,Quamtrax Kre-Alkalyn® 3000,in stock,new,27.49 EUR,,https://thehealthhouse.nl/product/quamtrax-kre-alkalyn-3000/,https://thehealthhouse.nl/wp-content/uploads/2026/08/live-qn0260.png,,Quamtrax,Creatine > Kre-Alkalyn®,
56999,Applied Nutrition Diet Protein,Applied Nutrition Diet Protein,in stock,new,54.99 EUR,,https://thehealthhouse.nl/product/applied-nutrition-diet-protein/,https://thehealthhouse.nl/wp-content/uploads/2026/08/live-ap0182.png,,Applied Nutrition,Eiwitten > Whey eiwit,
57007,Applied Nutrition Amino Fuel,Applied Nutrition Amino Fuel,in stock,new,30.79 EUR,,https://thehealthhouse.nl/product/applied-nutrition-amino-fuel/,https://thehealthhouse.nl/wp-content/uploads/2026/08/live-ap0191.png,,Applied Nutrition,Aminozuren > EAA,
57011,Applied Nutrition L-Carnitine 3000 Liquid,Applied Nutrition L-Carnitine 3000 Liquid,in stock,new,21.99 EUR,,https://thehealthhouse.nl/product/applied-nutrition-l-carnitine-3000-liquid/,https://thehealthhouse.nl/wp-content/uploads/2026/08/live-ap0244.png,,Applied Nutrition,Gewichtsbeheersing > L-carnitine,
57015,Applied Nutrition Pump 3G Zero Stim,Applied Nutrition Pump 3G Zero Stim,in stock,new,26.39 EUR,,https://thehealthhouse.nl/product/applied-nutrition-pump-3g-zero-stim/,https://thehealthhouse.nl/wp-content/uploads/2026/08/live-ap0280.png,,Applied Nutrition,Pre Workout > Pre-workout zonder cafeïne,
57057,Barebells Spread Protein Bar,Barebells Spread Protein Bar,in stock,new,3.29 EUR,,https://thehealthhouse.nl/product/barebells-spread-protein-bar/,https://thehealthhouse.nl/wp-content/uploads/2026/08/live-bb0085.png,,Barebells,"Eiwitrepen > Eiwitten > Pick &amp; Mix",
57093,Dope! EAA Zero,Dope! EAA Zero,in stock,new,19.79 EUR,,https://thehealthhouse.nl/product/dope-eaa-zero-2/,https://thehealthhouse.nl/wp-content/uploads/2026/08/live-dope0001.png,,Dope!,Aminozuren > EAA,
57121,Maxi Nutrition Protein Nut Bar,Maxi Nutrition Protein Nut Bar,in stock,new,3.29 EUR,,https://thehealthhouse.nl/product/maxi-nutrition-protein-nut-bar/,https://thehealthhouse.nl/wp-content/uploads/2026/08/live-maxi0001.png,,Maxi Nutrition,Eiwitrepen > Eiwitten > Voeding,
57133,Maxi Nutrition Protein Soft Bar,Maxi Nutrition Protein Soft Bar,in stock,new,3.29 EUR,,https://thehealthhouse.nl/product/maxi-nutrition-protein-soft-bar/,https://thehealthhouse.nl/wp-content/uploads/2026/08/live-maxi0019.png,,Maxi Nutrition,Eiwitrepen > Eiwitten > Voeding,
57135,Maxi Nutrition Better Choice Protein Bar,Maxi Nutrition Better Choice Protein Bar,in stock,new,2.19 EUR,,https://thehealthhouse.nl/product/maxi-nutrition-better-choice-protein-bar/,https://thehealthhouse.nl/wp-content/uploads/2026/08/live-maxi0021.png,,Maxi Nutrition,Eiwitrepen > Eiwitten > Voeding,
57157,Maxi Nutrition MaxWhey,Maxi Nutrition MaxWhey,in stock,new,19.79 EUR,,https://thehealthhouse.nl/product/maxi-nutrition-maxwhey/,https://thehealthhouse.nl/wp-content/uploads/2026/08/live-maxi0070.png,,Maxi Nutrition,Eiwitten > Whey eiwit,
57169,Maxi Nutrition MaxVegan,Maxi Nutrition MaxVegan,in stock,new,19.79 EUR,,https://thehealthhouse.nl/product/maxi-nutrition-maxvegan/,https://thehealthhouse.nl/wp-content/uploads/2026/08/live-maxi0082.png,,Maxi Nutrition,Eiwitten > Eiwitten Vegan,
57215,Nutrend N1 Shot,Nutrend N1 Shot,in stock,new,38.49 EUR,,https://thehealthhouse.nl/product/nutrend-n1-shot/,https://thehealthhouse.nl/wp-content/uploads/2026/08/live-nu0018.png,,Nutrend,Pre Workout > Pre-workout shots,
57263,NUTRY NUTS Protein Peanut Butter Cups,NUTRY NUTS Protein Peanut Butter Cups,in stock,new,32.99 EUR,,https://thehealthhouse.nl/product/nutry-nuts-protein-peanut-butter-cups/,https://thehealthhouse.nl/wp-content/uploads/2026/08/live-nuts0002.png,,NUTRY NUTS,Snacks > Voeding,
57303,Applied Nutrition Lifestyle Sports Water Bottle – 1000 ml,Applied Nutrition Lifestyle Sports Water Bottle – 1000 ml,in stock,new,14.30 EUR,,https://thehealthhouse.nl/product/applied-nutrition-lifestyle-sports-water-bottle-1000-ml/,https://thehealthhouse.nl/wp-content/uploads/2026/08/live-ap0248.png,,Applied Nutrition,Accessoires / Shakers,AP0248
57305,Applied Nutrition Probiotic – 60 capsules,Applied Nutrition Probiotic – 60 capsules,in stock,new,21.99 EUR,,https://thehealthhouse.nl/product/applied-nutrition-probiotic-60-capsules/,https://thehealthhouse.nl/wp-content/uploads/2026/08/live-ap0272.png,,Applied Nutrition,Enzymen > Gezondheidsproducten > Probiotica,AP0272
57307,Applied Nutrition Vitamin C 1000 – 100 capsules,Applied Nutrition Vitamin C 1000 – 100 capsules,in stock,new,14.29 EUR,,https://thehealthhouse.nl/product/applied-nutrition-vitamin-c-1000-100-capsules/,https://thehealthhouse.nl/wp-content/uploads/2026/08/live-ap0322.png,,Applied Nutrition,Vitamine C > Vitamines,AP0322
57311,Quamtrax Vitamin E – 60 softgels,Quamtrax Vitamin E – 60 softgels,in stock,new,13.19 EUR,,https://thehealthhouse.nl/product/quamtrax-vitamin-e-60-softgels/,https://thehealthhouse.nl/wp-content/uploads/2026/08/live-qn0409.png,,Quamtrax,Vitamine E > Vitamines,QN0409
57313,Applied Nutrition Creatine 3000 – 120 capsules,Applied Nutrition Creatine 3000 – 120 capsules,in stock,new,16.49 EUR,,https://thehealthhouse.nl/product/applied-nutrition-creatine-3000-120-capsules/,https://thehealthhouse.nl/wp-content/uploads/2026/08/live-ap0124.png,,Applied Nutrition,Creatine > Creatine monohydraat,AP0124
57319,Quamtrax Super C1000 – 100 tabletten,Quamtrax Super C1000 – 100 tabletten,in stock,new,13.19 EUR,,https://thehealthhouse.nl/product/quamtrax-super-c1000-100-tabletten/,https://thehealthhouse.nl/wp-content/uploads/2026/08/live-qn0375.png,,Quamtrax,Vitamine C > Vitamines,QN0375
57327,Nutrend Carnitine Compressed Caps – 120 capsules,Nutrend Carnitine Compressed Caps – 120 capsules,in stock,new,32.99 EUR,,https://thehealthhouse.nl/product/nutrend-carnitine-compressed-caps-120-capsules/,https://thehealthhouse.nl/wp-content/uploads/2026/08/live-nu0136.png,,Nutrend,Gewichtsbeheersing > L-carnitine,NU0136
57329,Nutrend Creaport – 600 g,Nutrend Creaport – 600 g,in stock,new,27.49 EUR,,https://thehealthhouse.nl/product/nutrend-creaport-600-g-2/,https://thehealthhouse.nl/wp-content/uploads/2026/08/live-nu0137.png,,Nutrend,Creatine > Creatine blend,NU0137
57331,Nutrend Creatine Monohydrate – 300 g,Nutrend Creatine Monohydrate – 300 g,in stock,new,21.99 EUR,,https://thehealthhouse.nl/product/nutrend-creatine-monohydrate-300-g/,https://thehealthhouse.nl/wp-content/uploads/2026/08/live-nu0139.png,,Nutrend,Creatine > Creatine monohydraat,NU0139
57333,Nutrend Creatine Monohydrate Creapure® – 500 g,Nutrend Creatine Monohydrate Creapure® – 500 g,in stock,new,38.49 EUR,,https://thehealthhouse.nl/product/nutrend-creatine-monohydrate-creapure-500-g/,https://thehealthhouse.nl/wp-content/uploads/2026/08/live-nu0138.png,,Nutrend,Creapure® > Creatine,NU0138
57335,Nutrend HMB 4500 – 100 capsules,Nutrend HMB 4500 – 100 capsules,in stock,new,32.99 EUR,,https://thehealthhouse.nl/product/nutrend-hmb-4500-100-capsules/,https://thehealthhouse.nl/wp-content/uploads/2026/08/live-nu0169.png,,Nutrend,Aminozuren > Losse aminozuren,NU0169
57337,Nutrend Inosine – 100 capsules,Nutrend Inosine – 100 capsules,in stock,new,21.99 EUR,,https://thehealthhouse.nl/product/nutrend-inosine-100-capsules/,https://thehealthhouse.nl/wp-content/uploads/2026/08/live-nu0148.png,,Nutrend,Actieve ingrediënten > Pre Workout,NU0148
57339,Nutrend Kre-Alkalyn® – 120 capsules,Nutrend Kre-Alkalyn® – 120 capsules,in stock,new,29.69 EUR,,https://thehealthhouse.nl/product/nutrend-kre-alkalyn-120-capsules/,https://thehealthhouse.nl/wp-content/uploads/2026/08/live-nu0149.png,,Nutrend,Creatine > Kre-Alkalyn®,NU0149
57341,Nutrend Multimineral Compressed Caps – 60 capsules,Nutrend Multimineral Compressed Caps – 60 capsules,in stock,new,13.19 EUR,,https://thehealthhouse.nl/product/nutrend-multimineral-compressed-caps-60-capsules/,https://thehealthhouse.nl/wp-content/uploads/2026/08/live-nu0087.png,,Nutrend,Mineralen > Multimineraal,NU0087
57343,Nutrend Multivitamin Compressed Caps – 60 capsules,Nutrend Multivitamin Compressed Caps – 60 capsules,in stock,new,13.19 EUR,,https://thehealthhouse.nl/product/nutrend-multivitamin-compressed-caps-60-capsules/,https://thehealthhouse.nl/wp-content/uploads/2026/08/live-nu0088.png,,Nutrend,Multivitamine > Vitamines,NU0088
57345,Nutrend Omega 3 Plus Softgel Caps – 120 softgels,Nutrend Omega 3 Plus Softgel Caps – 120 softgels,in stock,new,21.99 EUR,,https://thehealthhouse.nl/product/nutrend-omega-3-plus-softgel-caps-120-softgels/,https://thehealthhouse.nl/wp-content/uploads/2026/08/live-nu0155.png,,Nutrend,Gezondheidsproducten > Omega 3,NU0155
57347,Nutrend Vitamin C with Rose Hips – 100 tabletten,Nutrend Vitamin C with Rose Hips – 100 tabletten,in stock,new,13.19 EUR,,https://thehealthhouse.nl/product/nutrend-vitamin-c-with-rose-hips-100-tabletten/,https://thehealthhouse.nl/wp-content/uploads/2026/08/live-nu0091.png,,Nutrend,Vitamine C > Vitamines,NU0091
57353,"Quamtrax Glucosamine, Chondroitin &#038; MSM – 90 tabletten","Quamtrax Glucosamine, Chondroitin &#038; MSM – 90 tabletten",in stock,new,16.49 EUR,,https://thehealthhouse.nl/product/quamtrax-glucosamine-chondroitin-msm-90-tabletten/,https://thehealthhouse.nl/wp-content/uploads/2026/08/live-qn0156.png,,Quamtrax,"Botten &amp; gewrichten > Gezondheidsproducten",QN0156
57357,STATE Creatine Monohydrate – 350 gram,STATE Creatine Monohydrate – 350 gram,in stock,new,21.99 EUR,,https://thehealthhouse.nl/product/state-creatine-monohydrate-350-gram/,https://thehealthhouse.nl/wp-content/uploads/2026/08/live-state0015.png,,STATE,Creatine > Creatine monohydraat,STATE0015
57371,Applied Nutrition TUDCA + NAC – 90 capsules,Applied Nutrition TUDCA + NAC – 90 capsules,in stock,new,43.99 EUR,,https://thehealthhouse.nl/product/applied-nutrition-tudca-nac-90-capsules/,https://thehealthhouse.nl/wp-content/uploads/2026/08/live-ap0305.png,,Applied Nutrition,Gezondheidsproducten > Organen,AP0305
57437,Barebells Vegan Protein – 750 gram,Barebells Vegan Protein – 750 gram,in stock,new,43.99 EUR,,https://thehealthhouse.nl/product/barebells-vegan-protein-750-gram/,https://thehealthhouse.nl/wp-content/uploads/2026/08/live-bb0045.png,,Barebells,Eiwitten > Eiwitten Vegan,BB0045
57487,Dope! Metal Cup – 900 ml – Sunset Edition,Dope! Metal Cup – 900 ml – Sunset Edition,in stock,new,27.49 EUR,,https://thehealthhouse.nl/product/dope-metal-cup-900-ml-sunset-edition/,https://thehealthhouse.nl/wp-content/uploads/2026/08/live-dope0010.png,,Dope!,Accessoires / Shakers,DOPE0010
57503,Quamtrax Multi Vitamineral – 60 capsules,Quamtrax Multi Vitamineral – 60 capsules,in stock,new,14.29 EUR,,https://thehealthhouse.nl/product/quamtrax-multi-vitamineral-60-capsules/,https://thehealthhouse.nl/wp-content/uploads/2026/08/live-qn0299.png,,Quamtrax,Multivitamine > Vitamines,QN0299
57505,Nutrend Ashwagandha – 60 capsules,Nutrend Ashwagandha – 60 capsules,in stock,new,16.49 EUR,,https://thehealthhouse.nl/product/nutrend-ashwagandha-60-capsules/,https://thehealthhouse.nl/wp-content/uploads/2026/08/live-nu0222.png,,Nutrend,"Ashwagandha > Gezondheidsproducten > Stress &amp; cortisol",NU0222
57507,Nutrend Test Bomb – 90 capsules,Nutrend Test Bomb – 90 capsules,in stock,new,19.79 EUR,,https://thehealthhouse.nl/product/nutrend-test-bomb-90-capsules/,https://thehealthhouse.nl/wp-content/uploads/2026/08/live-nu0226.png,,Nutrend,Gezondheidsproducten > Mannengezondheid,NU0226
57509,Applied Nutrition Beta-Alanine 1500 – 120 capsules,Applied Nutrition Beta-Alanine 1500 – 120 capsules,in stock,new,21.99 EUR,,https://thehealthhouse.nl/product/applied-nutrition-beta-alanine-1500-120-capsules/,https://thehealthhouse.nl/wp-content/uploads/2026/08/live-ap0086.png,,Applied Nutrition,Actieve ingrediënten > Pre Workout,AP0086
57513,Applied Nutrition Test X – 120 capsules,Applied Nutrition Test X – 120 capsules,in stock,new,38.49 EUR,,https://thehealthhouse.nl/product/applied-nutrition-test-x-120-capsules/,https://thehealthhouse.nl/wp-content/uploads/2026/08/live-ap0299.png,,Applied Nutrition,Gezondheidsproducten > Mannengezondheid,AP0299
57519,"Applied Nutrition Zinc, Magnesium &#038; Vitamin B6 – 90 capsules","Applied Nutrition Zinc, Magnesium &#038; Vitamin B6 – 90 capsules",in stock,new,21.99 EUR,,https://thehealthhouse.nl/product/applied-nutrition-zinc-magnesium-vitamin-b6-90-capsules/,https://thehealthhouse.nl/wp-content/uploads/2026/08/live-ap0326.png,,Applied Nutrition,Magnesium > Mineralen > Vitamine B,AP0326
57521,Nutrend Fat Direct – 60 capsules,Nutrend Fat Direct – 60 capsules,in stock,new,21.99 EUR,,https://thehealthhouse.nl/product/nutrend-fat-direct-60-capsules/,https://thehealthhouse.nl/wp-content/uploads/2026/08/live-nu0064.png,,Nutrend,Afslanksupplementen > Gewichtsbeheersing,NU0064
57523,Nutrend Tribulus Terrestris Turbo – 120 capsules,Nutrend Tribulus Terrestris Turbo – 120 capsules,in stock,new,24.19 EUR,,https://thehealthhouse.nl/product/nutrend-tribulus-terrestris-turbo-120-capsules/,https://thehealthhouse.nl/wp-content/uploads/2026/08/live-nu0166.png,,Nutrend,Gezondheidsproducten > Kruidenextracten > Mannengezondheid,NU0166
57525,Applied Nutrition HMB 500 mg – 120 capsules,Applied Nutrition HMB 500 mg – 120 capsules,in stock,new,21.99 EUR,,https://thehealthhouse.nl/product/applied-nutrition-hmb-500-mg-120-capsules/,https://thehealthhouse.nl/wp-content/uploads/2026/08/live-ap0216.png,,Applied Nutrition,Aminozuren > Losse aminozuren,AP0216
57527,Applied Nutrition Zinc – 90 capsules,Applied Nutrition Zinc – 90 capsules,in stock,new,16.49 EUR,,https://thehealthhouse.nl/product/applied-nutrition-zinc-90-capsules/,https://thehealthhouse.nl/wp-content/uploads/2026/08/live-ap0325.png,,Applied Nutrition,Mineralen > Zink,AP0325
57529,Applied Nutrition i-Drive – 120 capsules,Applied Nutrition i-Drive – 120 capsules,in stock,new,32.99 EUR,,https://thehealthhouse.nl/product/applied-nutrition-i-drive-120-capsules/,https://thehealthhouse.nl/wp-content/uploads/2026/08/live-ap0217.png,,Applied Nutrition,GDA's > Gewichtsbeheersing,AP0217
59927,White Lion Labs Creatine Monohydrate 60 doseringen,"Zuivere, gemicroniseerde creatine monohydraat voor meer kracht, herstel en spieropbouw. Los eenvoudig op, zonder smaakstoffen of vulmiddelen.",in stock,new,39.95 EUR,,https://thehealthhouse.nl/product/white-lion-labs-creatine-monohydrate-60-doseringen/,https://thehealthhouse.nl/wp-content/uploads/2026/08/white-lion-labs-creatine-1-1200.jpg,,White Lion Labs,Creatine > Creatine monohydraat > Nieuwe Producten,
59928,White Lion Labs Mind Fuel 30 capsules,"Nootropic formule voor heldere focus, mentale scherpte en stabiele energie zonder jitters. Ideaal voor werk, studie of training.",in stock,new,44.95 EUR,,https://thehealthhouse.nl/product/white-lion-labs-mind-fuel-30-capsules/,https://thehealthhouse.nl/wp-content/uploads/2026/08/white-lion-labs-mindfuel-1-1200.jpg,"https://thehealthhouse.nl/wp-content/uploads/2026/08/white-lion-labs-mindfuel-2-1200.jpg,https://thehealthhouse.nl/wp-content/uploads/2026/08/white-lion-labs-mindfuel-3-1200.jpg",White Lion Labs,Focus > Gezondheidsproducten > Nieuwe Producten,
59929,White Lion Labs Amino EAA 30 doseringen,"Complete EAA aminozuren voor hydratatie, herstel en spieropbouw. Alle negen essentiële aminozuren in één smaakvolle mix.",in stock,new,39.95 EUR,,https://thehealthhouse.nl/product/white-lion-labs-amino-eaa-30-doseringen/,https://thehealthhouse.nl/wp-content/uploads/2026/08/white-lion-labs-amino-1-1200.jpg,,White Lion Labs,Aminozuren > EAA > Nieuwe Producten,
59930,White Lion Labs PUMP Stimulantvrije Pre-Workout 30 doseringen,"Cafeïnevrije pre-workout voor massieve pumps, betere doorbloeding en meer uithoudingsvermogen. Ideaal voor avondtrainingen of stacken.",in stock,new,49.95 EUR,,https://thehealthhouse.nl/product/white-lion-labs-pump-stimulantvrije-pre-workout-30-doseringen/,https://thehealthhouse.nl/wp-content/uploads/2026/08/white-lion-labs-pump-1-1200.jpg,,White Lion Labs,Nieuwe Producten > Pre Workout > Pre-workout zonder cafeïne,
59931,White Lion Labs Thundercat Pre-Workout 30 doseringen,"High-stim pre-workout met explosieve energie, scherpe focus en stevige pumps. Voor de trainingsdagen waarop je alles geeft.",in stock,new,44.95 EUR,,https://thehealthhouse.nl/product/white-lion-labs-thundercat-pre-workout-30-doseringen/,https://thehealthhouse.nl/wp-content/uploads/2026/08/white-lion-labs-thundercat-1-1200.jpg,"https://thehealthhouse.nl/wp-content/uploads/2026/08/white-lion-labs-thundercat-2-1200.jpg,https://thehealthhouse.nl/wp-content/uploads/2026/08/white-lion-labs-thundercat-3-1200.jpg",White Lion Labs,Nieuwe Producten > Pre Workout > Pre-workout met cafeïne,
20071,10X GLUT 300GR UNFLAVOURED,Gluten vrij Vegetarisch,out of stock,new,28.95 EUR,1.00 EUR,https://thehealthhouse.nl/product/10x-glut-300gr/,https://thehealthhouse.nl/wp-content/uploads/2022/12/10xGlutPlus_800x800.webp,https://thehealthhouse.nl/wp-content/uploads/2022/12/10x_GLUTA_facts.png,10X Nutrition,Aminozuren > Glutamine > Nieuwe Producten,DEA-035
45877,HUGE Liquid Glycerol Pre-Workout Pump,100% Actieve Glycerol 25.000mg Per Portie Cellular Hydration Agent,out of stock,new,39.90 EUR,34.95 EUR,https://thehealthhouse.nl/product/liquid-glycerol/,https://thehealthhouse.nl/wp-content/uploads/2025/10/Ontwerp-zonder-titel-69.png,"https://thehealthhouse.nl/wp-content/uploads/2025/10/Ontwerp-zonder-titel-70.png,https://thehealthhouse.nl/wp-content/uploads/2025/10/Ontwerp-zonder-titel-71.png",HUGE Supplements,Pump > Spierherstel > Spieropbouw,HER-018
45910,HUGE Creatine Monohydraat,Smaakloos Makkelijk te mixen 5 g per scoop,out of stock,new,24.90 EUR,19.95 EUR,https://thehealthhouse.nl/product/huge-creatine-monohydraat-unflavoured/,https://thehealthhouse.nl/wp-content/uploads/2025/10/Ontwerp-zonder-titel-75.png,https://thehealthhouse.nl/wp-content/uploads/2025/10/Ontwerp-zonder-titel-76.png,HUGE Supplements,Creatine,CRE-014
45914,HUGE Multi Vitamin - 120 capsules,HUGE Multi Vitamin bevat 120 capsules in één ruime multivitamineverpakking.,out of stock,new,29.90 EUR,24.95 EUR,https://thehealthhouse.nl/product/huge-multi-vitamine/,https://thehealthhouse.nl/wp-content/uploads/2025/10/Ontwerp-zonder-titel-77.png,https://thehealthhouse.nl/wp-content/uploads/2025/10/Ontwerp-zonder-titel-78.png,HUGE Supplements,Gezondheidsproducten > Vitamines > Week Deals,GEZ-018
46266,Redcon1 Total War Pre-Workout,Redcon1 Total War Pre-Workout is een pre-workoutpoeder voor vóór je training.,out of stock,new,37.95 EUR,29.95 EUR,https://thehealthhouse.nl/product/total-war-pre-workout/,https://thehealthhouse.nl/wp-content/uploads/2025/12/totalll-warr.png,"https://thehealthhouse.nl/wp-content/uploads/2025/12/blueee.webp,https://thehealthhouse.nl/wp-content/uploads/2025/12/total-war-ingggg.webp",Redcon1,Pre Workout > Stim Pre > Week Deals,PRE-017
46283,Applied Nutrition Critical Whey Protein 2 kg,"Applied Nutrition Critical Whey Protein – Banana Milkshake Hoogwaardige whey-eiwitblend met een heerlijke banana-milkshake smaak. Ondersteunt spiergroei en herstel met snel opneembare eiwitten, laag in vet en suiker. Ideaal na je training of als dagelijkse eiwitaanvulling. 💪🍌",out of stock,new,65.95 EUR,,https://thehealthhouse.nl/product/applied-nutrition-critical-protein-2kg/,https://thehealthhouse.nl/wp-content/uploads/2025/12/bannanaa.png,https://thehealthhouse.nl/wp-content/uploads/2025/12/sssssssssss.png,Applied Nutrition,Eiwitten > Eiwitten Isolaat > Spierherstel,HER-015
46318,Scitec Nutrition 100% Whey Protein Professional,Hoogwaardige whey blend – whey concentrate + whey isolate voor optimale spieropbouw 22 g eiwit per portie – ondersteunt herstel en spiergroei Laag in vet & suiker – ideaal voor eiwitrijke diëten Verrijkt met aminozuren & enzymen – betere opname en vertering Instant mix & heerlijke vanillesmaak – lost makkelijk op met water of m,out of stock,new,70.50 EUR,,https://thehealthhouse.nl/product/scitec-nutrition-100-whey-protein-professional/,https://thehealthhouse.nl/wp-content/uploads/2025/12/vanilaaaaaaaaaaaaa.png,https://thehealthhouse.nl/wp-content/uploads/2025/12/appapapapapaa.png,Scitec,Eiwitten > Spierherstel,EIW-020
46840,HUGE Eliminate - 120 capsules,✔️ Verhoogt energie en focus tijdens de dag ✔️ Stimuleert vetverbranding ✔️ Ondersteunt je dieet door hongergevoel te verminderen ✔️ Gemaakt met klinisch gedoseerde ingrediënten voor optimale werking,out of stock,new,49.95 EUR,39.95 EUR,https://thehealthhouse.nl/product/huge-supplements-eliminate/,https://thehealthhouse.nl/wp-content/uploads/2025/12/2499_huge-supplements-eliminate.webp,,The Health House,Afvallen > Fatburners,AFV-005
47690,ESN ULTRAPURE CREATINE - 90 CAPSULES,"Bewezen prestatieverbetering 3 gram creatine per portie, precies wat je nodig hebt Geschikt voor veganisten",out of stock,new,19.95 EUR,1.00 EUR,https://thehealthhouse.nl/product/esn-ultrapure-creatine-90-capsules/,https://thehealthhouse.nl/wp-content/uploads/2026/01/esn0024.webp,https://thehealthhouse.nl/wp-content/uploads/2026/01/PDP_Keyfacts_UltrapureCreatine_DE-lxSzE4zT.webp,ESN,Creatine > Nieuwe Producten > Spierherstel,DEA-022
47700,Huge Multi Vitamine In Store Deals,Huge Multi Vitamine In Store Deals is een multivitamine als aanvulling op je dagelijkse voeding.,out of stock,new,24.95 EUR,,https://thehealthhouse.nl/product/huge-multi-vitamine-in-store-deals/,https://thehealthhouse.nl/wp-content/uploads/2025/10/Ontwerp-zonder-titel-77.png,https://thehealthhouse.nl/wp-content/uploads/2025/10/Ontwerp-zonder-titel-78.png,TYRANOS,In-Store Deals,DEA-020
49444,XXL Nutrition PeptoPro,PeptoPro van XXL Nutrition — poederproduct binnen je pre-workoutroutine.,out of stock,new,46.99 EUR,,https://thehealthhouse.nl/product/peptopro/,https://thehealthhouse.nl/wp-content/uploads/2026/08/THHX-0091.webp,,XXL Nutrition,Pre Workout,THHX-0091
49448,XXL Nutrition Advanced Intra Workout,Advanced Intra Workout-poeder van XXL Nutrition voor tijdens je training.,out of stock,new,34.99 EUR,,https://thehealthhouse.nl/product/advanced-intra-workout/,https://thehealthhouse.nl/wp-content/uploads/2026/08/THHX-0095.webp,,XXL Nutrition,Pre Workout,THHX-0095
49859,XXL Nutrition N'Joy Protein Drink - Iced Coffee - 24 pack,Eiwitdrink met ijskoffiesmaak in een praktische verpakking van 24 stuks.,out of stock,new,59.96 EUR,56.99 EUR,https://thehealthhouse.nl/product/protein-drink-iced-coffee-24-pack/,https://thehealthhouse.nl/wp-content/uploads/2026/08/THHX-0511.webp,,XXL Nutrition,Bundels,THHX-0511
49875,XXL Nutrition 30 Day Fitgirl Starter Pack,30 Day Fitgirl Starter Pack: starterspakket van XXL Nutrition.,out of stock,new,86.97 EUR,,https://thehealthhouse.nl/product/30-day-fitgirl-starter-pack/,https://thehealthhouse.nl/wp-content/uploads/2026/08/THHX-0527.webp,,XXL Nutrition,Bundels,THHX-0527
49882,XXL Nutrition Arginine Alfa Keto-Glutaraat - 1250 mg - 200 capsules,AAKG-capsules met 1250 mg en een ruime verpakking van 200 capsules.,out of stock,new,20.99 EUR,,https://thehealthhouse.nl/product/arginine-alfa-keto-glutaraat-1250-mg-200-capsules/,https://thehealthhouse.nl/wp-content/uploads/2026/08/THHX-0534.webp,,XXL Nutrition,Aminozuren,THHX-0534
49897,XXL Nutrition BCAA 2:1:1 - 1000 mg - 200 capsules,"BCAA 2:1:1 capsules met 1000 mg, verpakt per 200 capsules.",out of stock,new,24.99 EUR,,https://thehealthhouse.nl/product/bcaa-211-1000-mg-200-capsules/,https://thehealthhouse.nl/wp-content/uploads/2026/08/THHX-0549.webp,,XXL Nutrition,Aminozuren,THHX-0549
49916,XXL Nutrition Creatine Monohydraat - 1000 mg - 90 kauwtabletten,"XXL Nutrition Creatine Monohydraat: 1000 mg creatine monohydraat per kauwtablet, 90 stuks.",out of stock,new,14.99 EUR,,https://thehealthhouse.nl/product/creatine-monohydraat-1000-mg-90-kauwtabletten/,https://thehealthhouse.nl/wp-content/uploads/2026/08/THHX-0568.webp,,XXL Nutrition,Creatine,THHX-0568
49917,XXL Nutrition Creatine Monohydraat - 1250 mg - 240 capsules,XXL Nutrition Creatine Monohydraat: 1250 mg creatine monohydraat in een pot met 240 capsules.,out of stock,new,29.99 EUR,,https://thehealthhouse.nl/product/creatine-monohydraat-1250-mg-240-capsules/,https://thehealthhouse.nl/wp-content/uploads/2026/08/THHX-0569.webp,,XXL Nutrition,Creatine,THHX-0569
49919,XXL Nutrition EAA (Essentiële Aminozuren) - 5000 mg - 200 tabletten,Essentiële aminozuren in tabletten: 5000 mg en 200 tabletten per verpakking.,out of stock,new,21.99 EUR,,https://thehealthhouse.nl/product/eaa-essentiele-aminozuren-5000-mg-200-tabletten/,https://thehealthhouse.nl/wp-content/uploads/2026/08/THHX-0571.webp,,XXL Nutrition,Aminozuren,THHX-0571
49942,XXL Nutrition GABA - 500 mg - 120 capsules,GABA-capsules van XXL Nutrition met 500 mg en 120 capsules per verpakking.,out of stock,new,9.99 EUR,,https://thehealthhouse.nl/product/gaba-500-mg-120-capsules/,https://thehealthhouse.nl/wp-content/uploads/2026/08/THHX-0594.webp,,XXL Nutrition,Aminozuren,THHX-0594
49946,XXL Nutrition HEMA Reep - Pistache,"XXL Nutrition HEMA Reep &#8211; Pistache is een reep met de smaak pistache voor onderweg.",out of stock,new,2.49 EUR,,https://thehealthhouse.nl/product/hema-reep-pistache/,https://thehealthhouse.nl/wp-content/uploads/2026/08/THHX-0598.webp,,XXL Nutrition,Food,THHX-0598
49948,XXL Nutrition Hydra Sticks Elektrolytenpoeder - 12 pack - NZVT,"Hydra Sticks elektrolytenpoeder in 12 pack, NZVT-getest.",out of stock,new,17.99 EUR,,https://thehealthhouse.nl/product/hydra-sticks-elektrolytenpoeder-12-pack-nzvt/,https://thehealthhouse.nl/wp-content/uploads/2026/08/THHX-0600.webp,,XXL Nutrition,Bundels,THHX-0600
50024,XXL Nutrition Purple Sector,"Purple Sector is de focusformule van XXL Nutrition, ontwikkeld door racing driver Misha Charoudin. Met 100 mg cafeïne en L-theanine houd je scherpe, heldere focus — ronde na ronde, zonder opgejaagd gevoel of dip achteraf.",out of stock,new,49.90 EUR,,https://thehealthhouse.nl/product/purple-sector/,https://thehealthhouse.nl/wp-content/uploads/2026/08/THHX-0676.webp,,XXL Nutrition,Overige Producten,THHX-0676
50061,XXL Nutrition Vrouw - Gezondheid - Energie,"Vrouwenbundel van XXL Nutrition uit de gezondheidslijn Energie, met EAA als onderdeel.",out of stock,new,46.46 EUR,,https://thehealthhouse.nl/product/vrouw-gezondheid-energie/,https://thehealthhouse.nl/wp-content/uploads/2026/08/THHX-0713.webp,,XXL Nutrition,Bundels,THHX-0713
51938,Cell-Tech™ Creatine (2630 gram),10g creatine monohydraat (2 schepjes) 1g BCAA Matrix 200mg Alfa Lipon Zuur 75g multi-stage Koolhydraten Mix Ultieme creatine formule Verhoogd kracht en prestaties Ondersteunt spierherstel Verkrijgbaar in 2630 gram,out of stock,new,81.84 EUR,,https://thehealthhouse.nl/product/cell-tech-creatine-2630-gram/,https://thehealthhouse.nl/wp-content/uploads/2026/08/77688.jpg,,Muscletech,Creatine,MUT7011-2
51998,Kre-Alkalyn Pro (120 caps),Kre-Alkalyn Pro: 120 creatinecapsules met 2.400 mg creatine.,out of stock,new,59.84 EUR,,https://thehealthhouse.nl/product/kre-alkalyn-pro-120-caps/,https://thehealthhouse.nl/wp-content/uploads/2026/08/75363.jpg,,EFX Sports,Creatine,EFX7103-120
52040,Alpha GPC 600mg (60 Caps),600 mg per dosering (2 capsules) Ondersteunt concentratie Betere focus Natuurlijke cholineverbinding Voedingssupplement Nutricost® Kwaliteit Gegarandeerd Vegetarisch product,out of stock,new,32.34 EUR,,https://thehealthhouse.nl/product/alpha-gpc-600mg-60-caps/,https://thehealthhouse.nl/wp-content/uploads/2026/08/74543.jpg,,Nutricost,Gezondheidsproducten,NCS4123-60
52078,Woman DIM With Calcium D-Glucarate & Dong Quai (120 Caps),"400 mg DIM per portie (1 capsule) Met Calcium D-Glucaraat &#038; Dong Quai Voedingssupplement Nutricost® – Kwaliteit gegarandeerd Vegan – Diervrij product GMP-conforme faciliteit Niet-GMO-product Glutenvrij 120 capsules (120 doseringen)",out of stock,new,48.84 EUR,,https://thehealthhouse.nl/product/woman-dim-with-calcium-d-glucarate-dong-quai-120-caps/,https://thehealthhouse.nl/wp-content/uploads/2026/08/72199.jpg,,Nutricost,Vitamines,NCS4322
52102,TUDCA 250 mg (30 Caps),Tauroursodeoxycholzuur Ondersteuning van Leverfunctie Voedingssupplement Nutricost® Kwaliteit Gegarandeerd,out of stock,new,43.34 EUR,,https://thehealthhouse.nl/product/tudca-250-mg-30-caps/,https://thehealthhouse.nl/wp-content/uploads/2026/08/71592.jpg,,Nutricost,Liver Support,NCS4121
52112,DHEA 25mg (120 tabl),25mg per tablet Ondersteund de algehele gezondheid Ondersteunt evenwichtige hormoonspiegels Voor mannen en vrouwen 120 tabletten,out of stock,new,37.84 EUR,,https://thehealthhouse.nl/product/dhea-25mg-120-tabl/,https://thehealthhouse.nl/wp-content/uploads/2026/08/71301.jpg,,Fuel Up,Test boosters,FEU8101
52144,Applied Stainless Steel Shaker (750ml),"Mooie, stevige Shaker Duurzaam Stoere uitstraling 750 ml inhoud Veilig schroefdeksel Lekvrije openklapper",out of stock,new,19.14 EUR,,https://thehealthhouse.nl/product/applied-stainless-steel-shaker-750ml/,https://thehealthhouse.nl/wp-content/uploads/2026/08/70362.jpg,,Applied Nutrition,Gear,A-APN501
52174,Skinny Syrup Peanut Butter (425ml),"Skinny Syrup Peanut Butter met pindasmaak, vegan en glutenvrij, in een fles van 425 ml.",out of stock,new,11.54 EUR,,https://thehealthhouse.nl/product/skinny-syrup-peanut-butter-425ml/,https://thehealthhouse.nl/wp-content/uploads/2026/08/69692.jpg,,The Skinny Food Co,Fit Sausjes,SKF9501-PEB
52178,QHUSH Black Pre Workout (20 servings),"Enorme spierpompen Extreme prestaties Snelle energie zonder crash Met bèta-alanine, l-arginine en l-citrulline Voor meer focus en prestaties tijdens de training 20 Doseringen",out of stock,new,32.34 EUR,,https://thehealthhouse.nl/product/qhush-black-pre-workout-20-servings/,https://thehealthhouse.nl/wp-content/uploads/2026/08/69850.jpg,,USN,Pre Workout,USN3005
52200,Grenade Protein Bar (12 x 60g),"20 gram eiwitten per reep Laag in suiker* Lager in koolhydraten met per reep slechts 232 calorieën* Vezelrijk Ongeëvenaarde smaak &#038; textuur Sports Banned Tested – gecertificeerd GMO vrij",out of stock,new,43.34 EUR,,https://thehealthhouse.nl/product/grenade-protein-bar-12-x-60g/,https://thehealthhouse.nl/wp-content/uploads/2026/08/69142.jpg,,Grenade,Eiwitrepen > Eiwitten,GRN9511
52238,KSM-66 Ashwagandha® 600 mg (90 Vcaps),600 mg biologisch KSM-66 Ashwagandha-extract Helpt lichaam en geest te ontspannen Bevordert een goede nachtrust 90 Vegetarische capsules,out of stock,new,43.34 EUR,,https://thehealthhouse.nl/product/ksm-66-ashwagandha-600-mg-90-vcaps/,https://thehealthhouse.nl/wp-content/uploads/2026/08/68143.jpg,,NOW Foods,Gezondheidsproducten,NOW4106
52268,Pure Creatine Monohydrate Powder (230 gram),Toename in Kracht Verbeterd uithoudingsvermogen 100% gemicroniseerde creatine Ruim 50 doseringen,out of stock,new,26.84 EUR,,https://thehealthhouse.nl/product/pure-creatine-monohydrate-powder-230-gram/,https://thehealthhouse.nl/wp-content/uploads/2026/08/67373.jpg,,USN,Creatine,USN7001-2
52274,Nuclear Glyco PWR (1.8 kg),Superieure Intra Workout 27 gram Cyclisch Dextrine Bevat elektrolytenmix 60 doseringen,out of stock,new,54.34 EUR,,https://thehealthhouse.nl/product/nuclear-glyco-pwr-1-8-kg/,https://thehealthhouse.nl/wp-content/uploads/2026/08/66471.jpg,,NXT Nutrition,Post workout,NXT6001
52286,Creatine Monohydrate Micronized (300 gr),Pure Creatine Monohydraat Gemicroniseerde creatine Verbeterd de fysieke prestaties Geen cafeïne en calorieën Circa 100 porties,out of stock,new,26.84 EUR,,https://thehealthhouse.nl/product/creatine-monohydrate-micronized-300-gr/,https://thehealthhouse.nl/wp-content/uploads/2026/08/66219.jpg,,Skill Nutrition,Creatine,SKI7001-300
52320,Japomin Öl Tropfen (30ml),Verkoudheden van de luchtwegen Spijsverteringsklachten Symptomatische verlichting van spier- of zenuwpijn Lichte spanningshoofdpijn,out of stock,new,26.84 EUR,,https://thehealthhouse.nl/product/japomin-ol-tropfen-30ml/,https://thehealthhouse.nl/wp-content/uploads/2026/08/72676.jpg,,BANO Healthcare,Joints / Gewrichten,BAN5805-30
52328,Animal Clear Whey Isolate (500 gram),"24 g premium eiwitisolaat 5 g BCAA&#8217;s ter ondersteuning van herstel Snelle absorptie Verteert snel Geen toegevoegde suikers 0 Vet 2 verfrissende fruitsmaken",out of stock,new,48.84 EUR,,https://thehealthhouse.nl/product/animal-clear-whey-isolate-500-gram/,https://thehealthhouse.nl/wp-content/uploads/2026/08/62293.jpg,,Universal Nutrition,Eiwitten > Eiwitten Isolaat,UNI1401
52372,Diet Support (120 Veggi Caps),Met ForsLean ( Coleus forskohlii ® ) Ondersteunt een gezond vetmetabolisme* 120 Vegetarische Capsules,out of stock,new,43.34 EUR,,https://thehealthhouse.nl/product/diet-support-120-veggi-caps/,https://thehealthhouse.nl/wp-content/uploads/2026/08/60752.webp,,NOW Foods,Fatburners,NOW5110
52396,Stacker2 Barbarian Crunchy Protein Bar (15 bars),20 g eiwit per reep Minder dan 2 g suiker Bevat eiwitten met een hoge biologische waarde Maximaal 216 calorieën Bevat tot 70% minder suiker dan andere snacks met chocolade Ongeëvenaarde smaak en textuur,out of stock,new,43.34 EUR,,https://thehealthhouse.nl/product/stacker2-barbarian-crunchy-protein-bar-15-bars/,https://thehealthhouse.nl/wp-content/uploads/2026/08/59726.jpg,,Stacker2,Eiwitrepen > Eiwitten,STC1001-2-1
52418,One Raw® Creatine (300 gram),"Ultra Pure 200 mesh creatine Verbetert de energieprestaties, energie- en spierherstel 300 gram /100 doseringen",out of stock,new,32.34 EUR,,https://thehealthhouse.nl/product/one-raw-creatine-300-gram/,https://thehealthhouse.nl/wp-content/uploads/2026/08/59212.jpg,,Zoomad Labs,Creatine,ZML-7001-3
52430,Oat King Energy Bar (10×95 gr),Zachte en sappige snack om je honger te stillen Geeft onmiddellijke en aanhoudende energie Licht verteerbaar en geschikt voor vegetariërs Verkrijgbaar in 12 smaken Of kies het Discovery pack (10 bars) en ontdek de smaken,out of stock,new,26.84 EUR,,https://thehealthhouse.nl/product/oat-king-energy-bar-10x95-gr/,https://thehealthhouse.nl/wp-content/uploads/2026/08/57481.jpg,,LSP,Eiwitrepen > Eiwitten,LSP9401
52432,Oat King 100% Whole Grain Oat Powder (4 kg),"Verbetert de dagelijkse eiwitinname Ondersteunt de spijsvertering en cardiovasculaire gezondheid Bevordert een vol gevoel en vermindert onbedwingbare trek 100% volkoren haver in poedervorm Hoog vezelgehalte Instant poeder – om door eten/drinken te roeren Slechts 0,2 g suiker per portie Puur – zonder andere toevoegingen",out of stock,new,32.34 EUR,,https://thehealthhouse.nl/product/oat-king-100-whole-grain-oat-powder-4-kg/,https://thehealthhouse.nl/wp-content/uploads/2026/08/57600.jpg,,LSP,Food,LSP2304-4
52434,Oat King Jumbo Oats (4 kg),Hoog vezelgehalte Lage glycemische index Hoog eiwitgehalte Inhoud: 4000 gram,out of stock,new,32.34 EUR,,https://thehealthhouse.nl/product/oat-king-jumbo-oats-4-kg/,https://thehealthhouse.nl/wp-content/uploads/2026/08/57612.jpg,,LSP,Food,LSP2305-4
52436,Oat King Drink Oats & Whey (2 kg),"Heerlijke, gezonde havermout levert waardevolle energie voor de dag Elke shake bevat veel hoogwaardig wei-eiwit Vegetarisch en notenvrij Volkoren havermout shake 31 g eiwit Laag in suiker Verkrijgbaar in: Big Tasty Chocolate en Cookies &#038; cream",out of stock,new,54.34 EUR,,https://thehealthhouse.nl/product/oat-king-drink-oats-whey-2-kg/,https://thehealthhouse.nl/wp-content/uploads/2026/08/57531.jpg,,LSP,Weightgainers,LSP2105
52438,Pharma Grade PRE (40 servings),Explosieve energie en prestaties Verbetert de productie van stikstofmonoxide Verhoogt het uitgangsvermogen Hulpmiddelen bij vermoeidheidsweerstand Verbetert de bloedstroom Bevordert intense focus,out of stock,new,48.84 EUR,,https://thehealthhouse.nl/product/pharma-grade-pre-40-servings/,https://thehealthhouse.nl/wp-content/uploads/2026/08/58100.jpg,,Pharma Grade,Pre Workout,PHG3001
52444,"Alka® Fruit Thee, Basische Fruit (22 zakjes)","Genieten van heerlijke basische fruittheevarianten 100% biologische en natuurlijke ingrediënten Keuze uit 4 verschillende fruit en kruiden melanges Filterzakjes, touwtjes en labeltjes zijn gemaakt van 100% biologische afbreekbare plantaardige vezel",out of stock,new,14.74 EUR,,https://thehealthhouse.nl/product/alka-fruit-thee-basische-fruit-22-zakjes/,https://thehealthhouse.nl/wp-content/uploads/2026/08/57446.jpg,,Alka,Liver Support,ALK9702
52470,Tribulus 1500mg (240 Caps),"Tribulus 1500 mg in capsulevorm, verpakt per 240 capsules.",out of stock,new,43.34 EUR,,https://thehealthhouse.nl/product/tribulus-1500mg-240-caps/,https://thehealthhouse.nl/wp-content/uploads/2026/08/54365.jpg,,Nutricost,Test boosters,NCS8201-240
52498,"Red Yeast Rice, 600mg (120 Vcaps)","Red Yeast Rice 600mg in 120 biologische, vegetarische Vcaps.",out of stock,new,37.84 EUR,,https://thehealthhouse.nl/product/red-yeast-rice-600mg-120-vcaps/,https://thehealthhouse.nl/wp-content/uploads/2026/08/53920.webp,,NOW Foods,Gezondheidsproducten,NOW4158-120
52504,Animal Metal Shaker Black (750 ml),750ml inhoud Voor warme én koude dranken Lekvrij Duurzaam ontwerp,out of stock,new,32.34 EUR,,https://thehealthhouse.nl/product/animal-metal-shaker-black-750-ml/,https://thehealthhouse.nl/wp-content/uploads/2026/08/4918.jpg,,Animal,Gear,A-UNI501
52508,PRIME Hydration Drink (3 x 500ml) Tropical Punch,PRIME Hydration Drink Tropical Punch: een tropische drank in een 3-pack van 500 ml.,out of stock,new,21.34 EUR,,https://thehealthhouse.nl/product/prime-hydration-drink-3-x-500ml-tropical-punch/,https://thehealthhouse.nl/wp-content/uploads/2026/08/52885.jpg,,PRIME,Elektrolyten,PRI9602-FP
52510,PRIME Hydration Drink (3 x 500ml) Strawberry Watermelon,PRIME Hydration Drink Strawberry Watermelon in een fruitige 3-pack van 3 × 500 ml.,out of stock,new,21.34 EUR,,https://thehealthhouse.nl/product/prime-hydration-drink-3-x-500ml-strawberry-watermelon/,https://thehealthhouse.nl/wp-content/uploads/2026/08/52922.jpg,,PRIME,Elektrolyten,PRI9602-STW
52512,PRIME Hydration Drink (3 x 500ml) Lemon Lime,PRIME Hydration Drink Lemon Lime: citrussmaak in drie flessen van elk 500 ml.,out of stock,new,21.34 EUR,,https://thehealthhouse.nl/product/prime-hydration-drink-3-x-500ml-lemon-lime/,https://thehealthhouse.nl/wp-content/uploads/2026/08/52930.jpg,,PRIME,Elektrolyten,PRI9602-LL
52514,PRIME Hydration Drink (3 x 500ml) Meta Moon,PRIME Hydration Drink Meta Moon in een voordeelverpakking met drie flessen van 500 ml.,out of stock,new,21.34 EUR,,https://thehealthhouse.nl/product/prime-hydration-drink-3-x-500ml-meta-moon/,https://thehealthhouse.nl/wp-content/uploads/2026/08/52926.jpg,,PRIME,Elektrolyten,PRI9602-MM
52516,PRIME Hydration Drink (3 x 500ml) Ice Pop,PRIME Hydration Drink Ice Pop: drie kant-en-klare flessen van 500 ml per verpakking.,out of stock,new,21.34 EUR,,https://thehealthhouse.nl/product/prime-hydration-drink-3-x-500ml-ice-pop/,https://thehealthhouse.nl/wp-content/uploads/2026/08/52934.jpg,,PRIME,Elektrolyten,PRI9602-IP
52518,PRIME Hydration Drink (3 x 500ml) Blue Raspberry,PRIME Hydration Drink Blue Raspberry: blauwe frambozensmaak in een 3-pack van 500 ml.,out of stock,new,21.34 EUR,,https://thehealthhouse.nl/product/prime-hydration-drink-3-x-500ml-blue-raspberry/,https://thehealthhouse.nl/wp-content/uploads/2026/08/52938.jpg,,PRIME,Elektrolyten,PRI9602-BR
52530,DHEA 100mg (60 tabs),100mg per tablet Ondersteund de algehele gezondheid Ondersteunt evenwichtige hormoonspiegels Voor mannen en vrouwen,out of stock,new,48.84 EUR,,https://thehealthhouse.nl/product/dhea-100mg-60-tabs/,https://thehealthhouse.nl/wp-content/uploads/2026/08/67668.jpg,,Puritan's Pride,Test boosters,PRP8103-100
52546,"MK-7 Vitamin K-2, Extra Strength 300 mcg (60 Vcaps)",Extra Strength MK-7 vitamine K-2 met 300 mcg in 60 Vcaps.,out of stock,new,37.84 EUR,,https://thehealthhouse.nl/product/mk-7-vitamin-k-2-extra-strength-300-mcg-60-vcaps/,https://thehealthhouse.nl/wp-content/uploads/2026/08/51182.webp,,NOW Foods,Vitamines,NOW4198-60
52558,Pam Cooking Spray Butter (5oz),zonder Vet zonder Calorieën zonder Natrium zonder Bijsmaak zonder Cholesterol met authentieke botersmaak,out of stock,new,19.14 EUR,,https://thehealthhouse.nl/product/pam-cooking-spray-butter-5oz/,https://thehealthhouse.nl/wp-content/uploads/2026/08/50991.jpg,,Pam,Food,PAM5002-BU
52564,Animal Primal Pre Workout (25 Servings),"Maximum Strength All-in 1 Pre Workout Verhoog je energie, focus, pomp en uithoudingsvermogen Bevat 20+ actieve ingrediënten Met Hydratatie en Elektrolyten Complex Verkrijgbaar in 2 smaken",out of stock,new,59.84 EUR,,https://thehealthhouse.nl/product/animal-primal-pre-workout-25-servings/,https://thehealthhouse.nl/wp-content/uploads/2026/08/50461.jpg,,Universal Nutrition,Pre Workout,UNI3006
52570,Real Carbs Legendary Series (1540-1830 gram),"22 Gram complexe koolhydraten per portie Koolhydraten uit zoete aardappel, haver en wilde yam Slechts 3 gram suiker 60 Doseringen Geweldige smaken",out of stock,new,70.84 EUR,,https://thehealthhouse.nl/product/real-carbs-legendary-series-1540-1830-gram/,https://thehealthhouse.nl/wp-content/uploads/2026/08/27342.jpg,,5% Nutrition,Weightgainers,RPI2001
52572,Natrol DHEA 25mg (180 tabs),25mg per tablet Ondersteund de algehele gezondheid Voor mannen en vrouwen Voordeelverpakking 180 tabs,out of stock,new,48.84 EUR,,https://thehealthhouse.nl/product/natrol-dhea-25mg-180-tabs/,https://thehealthhouse.nl/wp-content/uploads/2026/08/47855.jpg,,Natrol,Test boosters,NAT8202-180
52574,Natrol DHEA 10mg (30 tabs),10mg per tablet Ondersteund de algehele gezondheid Voor mannen en vrouwen,out of stock,new,21.34 EUR,,https://thehealthhouse.nl/product/natrol-dhea-10mg-30-tabs/,https://thehealthhouse.nl/wp-content/uploads/2026/08/42648.jpg,,Natrol,Test boosters,NAT8203
52576,Liv.52 DS (60 tabs),Liv.52 DS is een voedingssupplement in een verpakking met 60 tabletten.,out of stock,new,22.44 EUR,,https://thehealthhouse.nl/product/liv-52-ds-60-tabs/,https://thehealthhouse.nl/wp-content/uploads/2026/08/48053.jpg,,Himalaya,Liver Support,HIM4203
52590,Wholefood Gainer All-in-One (2kg),30 gram eiwit per portie 100% plantaardig Ondersteunt consistente spiergroei Optimaliseert het herstel Elke portie biedt 483Kcal en is rijk aan vezels en laag in suiker Verrassende smaken,out of stock,new,59.84 EUR,,https://thehealthhouse.nl/product/wholefood-gainer-all-in-one-2kg/,https://thehealthhouse.nl/wp-content/uploads/2026/08/47271.jpg,,USN,Weightgainers,USN2003-2
52610,Mutant Amino (600 tabl),Mutant Amino met BCAA in een extra grote verpakking van 600 tabletten.,out of stock,new,54.34 EUR,,https://thehealthhouse.nl/product/mutant-amino-600-tabl/,https://thehealthhouse.nl/wp-content/uploads/2026/08/46774.jpg,,Mutant,EAA,MTA3203-600
52612,Vitamin B-12 5000 mcg (60 chews),Vitamine B-12 van 5000 mcg in 60 kauwtabletten.,out of stock,new,22.44 EUR,,https://thehealthhouse.nl/product/vitamin-b-12-5000-mcg-60-chews/,https://thehealthhouse.nl/wp-content/uploads/2026/08/46766.webp,,NOW Foods,Vitamines,NOW4415
52616,Arlberger Murmelin® Öl (100ml),Pure marmottenolie Bevat van nature cortison Heeft een verzachtend effect op de gewrichten en het bewegingsapparaat Een combinatie met onze Murmelin® sport- en gewrichtszalf is mogelijk en wordt aanbevolen.,out of stock,new,37.84 EUR,,https://thehealthhouse.nl/product/arlberger-murmelin-ol-100ml/,https://thehealthhouse.nl/wp-content/uploads/2026/08/46741.jpg,,BANO Healthcare,Joints / Gewrichten,BAN5501-100
52626,5% Core BEET ROOT (30 servings),Rijk aan nitraten Bietenwortel werkt synergetisch met S7® Bron van betaïne Ondersteuning van het vermogen om stikstofmonoxide te produceren Pompen en uithoudingsvermogen,out of stock,new,37.84 EUR,,https://thehealthhouse.nl/product/5-core-beet-root-30-servings/,https://thehealthhouse.nl/wp-content/uploads/2026/08/39394.jpg,,5% Nutrition,Vitaliteit,RIP4001
52644,Shatter™ Pre-Workout (20 servings),"Bevat 3.2 g Bèta-alanine Bevat 2.5 g Betaine Bevat 4 g Citrulline Bevat 350 mg Cafeïne (energie en focus) Verkrijgbaar in 2 smaken, Rainbow Fruit Candy en Sour Blue Razz.",out of stock,new,37.84 EUR,,https://thehealthhouse.nl/product/shatter-pre-workout-20-servings/,https://thehealthhouse.nl/wp-content/uploads/2026/08/45651.jpg,,Muscletech,Pre Workout,MUT3005
52646,Xpel Diuretic (80 Caps),"Maximale sterkte kruidendiureticum voor mannen en vrouwen Vermindert een opgeblazen gevoel en ondersteunt gewichtsverlies Meer energie met groene thee &#038; Guarana Vult elektrolyten aan Beproefd, miljoenen flessen verkocht",out of stock,new,37.84 EUR,,https://thehealthhouse.nl/product/xpel-diuretic-80-caps/,https://thehealthhouse.nl/wp-content/uploads/2026/08/45645.jpg,,MHP,Fatburners,MHP5201
52652,Ashwagandha (30 Caps),"Gepatenteerde KSM-66 Hoge concentratie, volledig spectrum wortelextract met BioPerine® Precisie gedoseerd in lijn met onderzoeksproeven. Geschikt voor veganisten 30 caps (30 dagen)",out of stock,new,26.84 EUR,,https://thehealthhouse.nl/product/ashwagandha-30-caps/,https://thehealthhouse.nl/wp-content/uploads/2026/08/45097.jpg,,USN,Vitamines,USN4210
52655,Hardcore Whey gH (2kg),"All-In-One-Protein-Complex 26g eiwit per portie Slechts 1.3g suiker Crea-Grow Stack (creatine &#038; taurine) TestoBolic Z-Mag Stack",out of stock,new,92.84 EUR,,https://thehealthhouse.nl/product/hardcore-whey-gh-2kg/,https://thehealthhouse.nl/wp-content/uploads/2026/08/45088.jpg,,USN,Eiwitten,USN1204-2
52661,Vivaxl® (20 zakjes),Verhoog uw gevoel van welzijn Verhelder de stemming Bevorder een gezonde seksuele functie 20 zakjes Smaak: Tropical Fruit,out of stock,new,65.34 EUR,,https://thehealthhouse.nl/product/vivaxl-20-zakjes/,https://thehealthhouse.nl/wp-content/uploads/2026/08/44919.jpg,,Nutraceutics,Pre Workout,NTC3005
52663,ProEndhorpin® (20 zakjes),"Geweldig voor, tijdens of na je training of wedstrijd Perfect voor die middag pick-me-up B-vitamines en aminozuren – de gezonde weg naar energie, uithoudingsvermogen. Heerlijke verfrissende Citrus smaak 20 zakjes",out of stock,new,52.14 EUR,,https://thehealthhouse.nl/product/proendhorpin-20-zakjes/,https://thehealthhouse.nl/wp-content/uploads/2026/08/44915.jpg,,Nutraceutics,Vitaliteit,NTC6001
52665,DOPA Mucuna (180 Vcaps),"Gestandaardiseerd extract van Mucuna Natuurlijk voorkomende 15% L-Dopa Verbetert stemming, concentratievermogen en focus",out of stock,new,48.84 EUR,,https://thehealthhouse.nl/product/dopa-mucuna-180-vcaps/,https://thehealthhouse.nl/wp-content/uploads/2026/08/44824.jpg,,NOW Foods,Vitamines,NOW4161-180
52667,Nitro-Tech® Whey Protein (1.81kg),"Whey Isolaat &#038; Peptiden Mix 100% echt Wei-eiwit 3g creatine per portie 30g eiwit per portie Premium smaken Hoogwaardige kwaliteit!",out of stock,new,92.84 EUR,,https://thehealthhouse.nl/product/nitro-tech-whey-protein-1-81kg/,https://thehealthhouse.nl/wp-content/uploads/2026/08/44791.jpg,,Muscletech,Eiwitten,MUT1201-4
52673,Testrol Platinum (60 tabs),"Premium Testosteron Booster Tot wel 132% toename van je testniveaus Bevat LJ-100® Ondersteunt Libido &#038; Seksuele functie 60 Tabletten",out of stock,new,81.84 EUR,,https://thehealthhouse.nl/product/testrol-platinum-60-tabs/,https://thehealthhouse.nl/wp-content/uploads/2026/08/44316.jpg,,GAT Sport,Test boosters,GAT8103
52683,CARNITOL PLUS (30x25ml),L-Carnitine shot met Cafeïne Bevat L-Carnitine 1000mg Bevat L-Arginine en l-Ornithine Bevat Cafeïne 80mg Voor kracht en duursporters 30 Drink ampullen Smaak: Citrus,out of stock,new,70.84 EUR,,https://thehealthhouse.nl/product/carnitol-plus-30x25ml/,https://thehealthhouse.nl/wp-content/uploads/2026/08/43985.jpg,,SANAS,L-carnitine,SNS5602
52685,CARNITOL (30x25ml),L-Carnitine Shot L-Carnitine 2000mg Zet vet (zuren) om in energie Toename in energie niveaus Voor recreatie en top sporters 30 Drink ampullen Smaak: Orange,out of stock,new,70.84 EUR,,https://thehealthhouse.nl/product/carnitol-30x25ml/,https://thehealthhouse.nl/wp-content/uploads/2026/08/43974.jpg,,SANAS,Fatburners,SNS5601
52705,D-Aspartic Acid (150 Caps),Sterk geconcentreerd D-asparaginezuur Ondersteuning van de productie van testosteron Met DIM voor oestrogeen controle Zeer hoge kwaliteit 150 capsules (30 doseringen),out of stock,new,37.84 EUR,,https://thehealthhouse.nl/product/d-aspartic-acid-150-caps/,https://thehealthhouse.nl/wp-content/uploads/2026/08/43797.jpg,,5% Nutrition,Test boosters,RPI8204
52707,Dexi Burn (120 caps),Bevat Cafeïne (175mg) EGCG 5 Soorten Probiotica 120 Vegetarische capsules,out of stock,new,32.34 EUR,,https://thehealthhouse.nl/product/dexi-burn-120-caps/,https://thehealthhouse.nl/wp-content/uploads/2026/08/43430.jpg,,Stacker2,Fatburners,STC5113
52719,DHEA 50mg (100 tabs),50mg per tablet Ondersteund de algehele gezondheid Ondersteunt evenwichtige hormoonspiegels Voor mannen en vrouwen,out of stock,new,48.84 EUR,,https://thehealthhouse.nl/product/dhea-50mg-100-tabs/,https://thehealthhouse.nl/wp-content/uploads/2026/08/42967.jpg,,Puritan's Pride,Test boosters,PRP8102-50
52721,DHEA 25mg (100 tabs),25mg per tablet Ondersteund de algehele gezondheid Ondersteunt evenwichtige hormoonspiegels Voor mannen en vrouwen,out of stock,new,32.34 EUR,,https://thehealthhouse.nl/product/dhea-25mg-100-tabs/,https://thehealthhouse.nl/wp-content/uploads/2026/08/42962.jpg,,Puritan's Pride,Test boosters,PRP8101-25
52729,FINAFLEX® PURE CARNITINE (30 doseringen),"2.000 mg Carnitine per dosering Super Mix van: L-Carnitine L-Tartrate &#038; Acetyl L-Carnitine 2 heerlijk smaken 30 doseringen",out of stock,new,43.34 EUR,,https://thehealthhouse.nl/product/finaflex-pure-carnitine-30-doseringen/,https://thehealthhouse.nl/wp-content/uploads/2026/08/42590.jpg,,Finaflex,Fatburners,FNF5001
52733,Instant Mass® HeavyWeight (2kg),Nieuwe formule met verlaagd suikergehalte 60g eiwit per portie 1000+ calorieën per portie 203 g koolhydraten per portie 18 toegevoegde vitamines en mineralen Creatine en L-Glutamine toegevoegd Laag in suiker Mix van 4 hoogwaardige eiwitbronnen Eiwit van gras gevoerde koeien Verpakkingsgrote 2kg,out of stock,new,48.84 EUR,,https://thehealthhouse.nl/product/instant-mass-heavyweight-2kg/,https://thehealthhouse.nl/wp-content/uploads/2026/08/42129.jpg,,Reflex Nutrition,Weightgainers,RFL2001-2
52743,Snickers High Protein Bar Peanut Brownie (12x50g),Rijk aan eiwitten Laag in suiker en vet Heerlijk en bevredigend Perfect voor als tussendoortje,out of stock,new,43.34 EUR,,https://thehealthhouse.nl/product/snickers-high-protein-bar-peanut-brownie-12x50g/,https://thehealthhouse.nl/wp-content/uploads/2026/08/41919.jpg,,Mars Protein,Eiwitrepen > Eiwitten,MRS9508
52751,Glutamine Powder (600 gram),Glutamine Powder: 600 gram glutaminepoeder om zelf een drankje te mengen.,out of stock,new,43.34 EUR,,https://thehealthhouse.nl/product/glutamine-powder-600-gram/,https://thehealthhouse.nl/wp-content/uploads/2026/08/41537.jpg,,Yamamoto Nutrition,Glutamine,YAM3010
52753,Fish Oil (90 Softgels),"Fish oil, 100% natuurlijk Omega-3! EPA en DHA zijn goed voor het hart en bloedvaten 90 Softgels voordeel verpakking",out of stock,new,19.14 EUR,,https://thehealthhouse.nl/product/fish-oil-90-softgels/,https://thehealthhouse.nl/wp-content/uploads/2026/08/41530.jpg,,Yamamoto Nutrition,Vitamines,YAM4501-90
52767,"Collagen Peptides, Unflavored (284 g)","Collageen ondersteunt een gezonde huid, nagels en haar Niet-gearomatiseerd poeder dat zowel in warme als koude drankjes kan worden gemengd Per portie bomvol 20 g hoogwaardige collageenpeptiden van runderen Vital Proteins Collagen Peptides is zowel gluten- als zuivelvrij De verpakking van 284 gram bevat ongeveer 14 doseringen",out of stock,new,37.84 EUR,,https://thehealthhouse.nl/product/collagen-peptides-unflavored-284-g/,https://thehealthhouse.nl/wp-content/uploads/2026/08/41010.jpg,,Vital Proteins,Joints / Gewrichten,VTA1501-254
52769,Cell-Tech™ US (2720gram),"Cell-Tech™ US creatinepoeder met BCAA, in een extra grote verpakking van 2720 gram.",out of stock,new,81.84 EUR,,https://thehealthhouse.nl/product/cell-tech-us-2720gram/,https://thehealthhouse.nl/wp-content/uploads/2026/08/40984.jpg,,Muscletech,Creatine,MUT7010-US-6
52771,Cell-Tech™ US (1360gram),Cell-Tech™ US is creatinepoeder met BCAA in een verpakking van 1360 gram.,out of stock,new,59.84 EUR,,https://thehealthhouse.nl/product/cell-tech-us-1360gram/,https://thehealthhouse.nl/wp-content/uploads/2026/08/40976.jpg,,Muscletech,Creatine,MUT7010-US-3
52781,TURK (Turkesterone) (60 caps),TURK met turkesterone: 60 capsules van 500 mg.,out of stock,new,54.34 EUR,,https://thehealthhouse.nl/product/turk-turkesterone-60-caps/,https://thehealthhouse.nl/wp-content/uploads/2026/08/40218.jpg,,Chaos Crew,Test boosters,CCR-8201-60
52783,Pump Cap Max (120 Caps),5G Pepform® Citrulline Peptiden (effectiever dan 3G pure L-Citrulline) 1G NO3-T® Betaine Nitraten 255MG VasoDrive-AP™ Stimulantvrije pompformule Combineer met favoriete STIM PRE Handige capsules voor onderweg,out of stock,new,59.84 EUR,,https://thehealthhouse.nl/product/pump-cap-max-120-caps/,https://thehealthhouse.nl/wp-content/uploads/2026/08/40212.jpg,,RYSE Supplements,Pre Workout,RYS3201
52787,Reflex Instant Mass® HeavyWeight (5.4kg),Nieuwe formule met verlaagd suikergehalte 60g eiwit per portie 1000+ calorieën per portie 203 g koolhydraten per portie 18 toegevoegde vitamines en mineralen Creatine en L-Glutamine toegevoegd Laag in suiker Mix van 4 hoogwaardige eiwitbronnen Eiwit van gras gevoerde koeien Verpakkingsgrote 5.4kg,out of stock,new,81.84 EUR,,https://thehealthhouse.nl/product/reflex-instant-mass-heavyweight-5-4kg/,https://thehealthhouse.nl/wp-content/uploads/2026/08/40168.jpg,,Reflex Nutrition,Weightgainers,RFL2001-5
52797,Horny Goat Weed Complex (120 Caps),Gestandaardiseerd Horny Goat Weed extract Bevat Tribulus en Maca Passie formule 120 capsules,out of stock,new,54.34 EUR,,https://thehealthhouse.nl/product/horny-goat-weed-complex-120-caps/,https://thehealthhouse.nl/wp-content/uploads/2026/08/39581.jpg,,Sunwarrior,Test boosters,SWA4220
52805,Mutant Deluxe Shakebeker (1L),Robuuste 1 liter shaker Bevat een zeef voor een klontvrije shake Gemaakt van duurzaam plastic Vrij van BPA en DEHP,out of stock,new,15.84 EUR,,https://thehealthhouse.nl/product/mutant-deluxe-shakebeker-1l/,https://thehealthhouse.nl/wp-content/uploads/2026/08/39406.jpg,,Mutant,Gear,A-MUT506
52815,Natrol DHEA 25mg (90 tabs),25mg per tablet Ondersteund de algehele gezondheid Voor mannen en vrouwen Verkrijgbaar in 90 en 300 tabs,out of stock,new,37.84 EUR,,https://thehealthhouse.nl/product/natrol-dhea-25mg-90-tabs/,https://thehealthhouse.nl/wp-content/uploads/2026/08/42643.jpg,,Natrol,Test boosters,NAT8202-90
52827,DHEA 25 Micronized (180 Caps),25mg per capsule Ondersteund de algehele gezondheid Voor mannen en vrouwen 180 capsules,out of stock,new,48.84 EUR,,https://thehealthhouse.nl/product/dhea-25-micronized-180-caps/,https://thehealthhouse.nl/wp-content/uploads/2026/08/37833.jpg,,Best Naturals,Test boosters,BNA8201
52847,Omega-3 (90 Softgels),2.400 mg visolie per portie 960 mg EPA en 720 mg DHA Gemaakt met enterisch gecoate softgel capsules Ontworpen om maagklachten te beperken,out of stock,new,26.84 EUR,,https://thehealthhouse.nl/product/omega-3-90-softgels/,https://thehealthhouse.nl/wp-content/uploads/2026/08/36401.jpg,,Gaspari Nutrition,Vitamines,GSP4301
52863,Arginine PRO Cambridge Assured™ (80 tabs),2000mg per dosering Gefermenteerde L-Arginine HCI Nitric oxide (NO) precursor Verkrijgbaar in 80 tabletten,out of stock,new,15.84 EUR,,https://thehealthhouse.nl/product/arginine-pro-cambridge-assured-80-tabs/,https://thehealthhouse.nl/wp-content/uploads/2026/08/34353.jpg,,Yamamoto Nutrition,Pump,YAM32021-80
52867,Gaspari Water Jug (1.89L),"Gesloten met een handel en handige drink opening Waterbus met grote capaciteit 1.89l Lekvrije watercontainer Hoogwaardige opdruk De Gaspari Jug is vaatwasmachinebestendig Vrij van schadelijke stoffen: BPA, aluminium en cadmium De waterjug heeft toxiciteitstests doorstaan ​​in een gecertificeerd TÜV Rheinland-centrum Ingebouwd pillendoosje voor tabletten en capsules Het neemt de geur van vloeistoffen die erin zijn opgeslagen niet over",out of stock,new,21.34 EUR,,https://thehealthhouse.nl/product/gaspari-water-jug-1-89l/,https://thehealthhouse.nl/wp-content/uploads/2026/08/34043.jpg,,Gaspari Nutrition,Gear,A-GSP501
52873,NXT Nutrition TNT Nuclear Shots (12 pack),‘S Werelds sterkste pre-workout shot 3000 mg Beta-Alanine 3000 mg Arginine AKG 350 mg Cafeïne Geen verboden ingrediënten Geen suiker Geen vet 1 shot 60ml (2 doseringen) Verkrijgbaar in 7 smaken,out of stock,new,34.54 EUR,,https://thehealthhouse.nl/product/nxt-nutrition-tnt-nuclear-shots-12-pack/,https://thehealthhouse.nl/wp-content/uploads/2026/08/33585.jpg,,NXT Nutrition,Pre Workout,NXT3901
52875,"Alka Bad, Basisch Badzout pH 8,5 (600 gram)","Alka Bad basisch badzout met pH 8,5 in een verpakking van 600 gram.",out of stock,new,23.05 EUR,,https://thehealthhouse.nl/product/alka-bad-basisch-badzout-ph-85-600-gram/,https://thehealthhouse.nl/wp-content/uploads/2026/08/32979.jpg,,Alka,Liver Support,ALK5801-600
52887,"Alka Tabs Magnesium, Basische Capsules met Magnesium (60 Caps)",Help zure afvalstoffen te neutraliseren en op te lossen Vult de magnesiumdepots weer aan Geeft extra energie bij vermoeidheid Helpt spieren soepel te houden,out of stock,new,34.60 EUR,,https://thehealthhouse.nl/product/alka-tabs-magnesium-basische-capsules-met-magnesium-60-caps/,https://thehealthhouse.nl/wp-content/uploads/2026/08/32918.jpg,,Alka,Liver Support,ALK5101
52889,"Alka Tabs Calcium, Basische Capsules met Calcium (60 caps)",Ontzuren én calciumsuppletie in 1 capsule Draagt bij tot een gezond zuur-base evenwicht Helpt bij het behoud van sterke botten Ondersteunt de gezonde werking van spijsverteringsenzymen,out of stock,new,34.60 EUR,,https://thehealthhouse.nl/product/alka-tabs-calcium-basische-capsules-met-calcium-60-caps/,https://thehealthhouse.nl/wp-content/uploads/2026/08/32912.jpg,,Alka,Liver Support,ALK5202
52905,Creatine Creapure® (250 gr),Verbeterd fysiek prestaties Geschikt voor veganisten Creatine poeder (Creapure®) Circa 83 porties,out of stock,new,32.34 EUR,,https://thehealthhouse.nl/product/creatine-creapure-250-gr/,https://thehealthhouse.nl/wp-content/uploads/2026/08/32623.jpg,,Reflex Nutrition,Creatine,RFL7001-250
52911,Creatine Creapure® (500 gr),Verbeterd fysiek prestaties Geschikt voor veganisten Creatine poeder (Creapure®) Circa 100 porties,out of stock,new,43.34 EUR,,https://thehealthhouse.nl/product/creatine-creapure-500-gr/,https://thehealthhouse.nl/wp-content/uploads/2026/08/32251.jpg,,Reflex Nutrition,Creatine,RFL7001-500
52921,The Omen! (100 caps),300 mg cafeïne per portie Verhoogt metabolische verbranding* Extreme energie en mentale focus* Onderdrukking eetlust Uitzonderlijke resultaten,out of stock,new,37.84 EUR,,https://thehealthhouse.nl/product/the-omen-100-caps/,https://thehealthhouse.nl/wp-content/uploads/2026/08/31609.jpg,,JNX Sports,Fatburners,JNX5201
52923,ZMAG-T™ (90 Vcaps),Verhogen van de testosteronniveaus Verbetert het herstel Betere nachtrust Bevat Boron (Albion® Bororganic Glycine),out of stock,new,26.84 EUR,,https://thehealthhouse.nl/product/zmag-t-90-vcaps/,https://thehealthhouse.nl/wp-content/uploads/2026/08/31537.jpg,,GAT Sport,ZMA,GAT8206
52927,Extreme Energy (90 Vcaps),Energie productie Mentale oplettendheid Natuurlijke cafeïne Met B-vitamines 90 Vegetarische Capsules,out of stock,new,37.84 EUR,,https://thehealthhouse.nl/product/extreme-energy-90-vcaps/,https://thehealthhouse.nl/wp-content/uploads/2026/08/31212.webp,,NOW Foods,Vitaliteit,NOW6204
52931,Energy (60 Veggi Caps),350mg Cafeïne Langdurige werking 60 Vegetarische caps,out of stock,new,32.34 EUR,,https://thehealthhouse.nl/product/energy-60-veggi-caps/,https://thehealthhouse.nl/wp-content/uploads/2026/08/31050.jpg,,5% Nutrition,Vitaliteit,RPI6203
52933,Nootropic (120 Veggi Caps),Messcherpe focus Verbeterd alertheid en geheugen 120 Vegetarische caps,out of stock,new,32.34 EUR,,https://thehealthhouse.nl/product/nootropic-120-veggi-caps/,https://thehealthhouse.nl/wp-content/uploads/2026/08/5242.jpg,,5% Nutrition,Gezondheidsproducten,RPI6202
52935,Vitamine C 1000 (240 Veggi Caps),Boost je immuunsysteem Vitamine C1000 mg Zinc 10mg 240 Vegetarische caps,out of stock,new,29.04 EUR,,https://thehealthhouse.nl/product/vitamine-c-1000-240-veggi-caps/,https://thehealthhouse.nl/wp-content/uploads/2026/08/31037.jpg,,5% Nutrition,Vitamines,RPI4210
52949,Ripped Pro “Limited Edition” (90 caps),"Snel resultaat Sterke thermogene werking Energie &#038; mentale focus Onderdruk eetlust 300 mg cafeïne",out of stock,new,48.84 EUR,,https://thehealthhouse.nl/product/ripped-pro-limited-edition-90-caps/,https://thehealthhouse.nl/wp-content/uploads/2026/08/28603.jpg,,Stacker2,Fatburners,STC5112
52953,Black Burn (120 caps),De sterkste vetverbrander van heel Europa Extreme toename van de stofwisseling Geeft energie en onderdrukt honger Verlaagt je lichaamsvet sneller dan ooit tevoren. Combineer met Black Burn STIM Free* 120 capsules per verpakking,out of stock,new,43.34 EUR,,https://thehealthhouse.nl/product/black-burn-120-caps/,https://thehealthhouse.nl/wp-content/uploads/2026/08/28545.jpg,,Stacker2,Fatburners,STC5110
52961,Sodium Ascorbate (227gr),Gebufferde vitamine C Ondersteuning van antioxidanten en collageen* Zeer goed oplosbaar,out of stock,new,30.14 EUR,,https://thehealthhouse.nl/product/sodium-ascorbate-227gr/,https://thehealthhouse.nl/wp-content/uploads/2026/08/27758.jpg,,NutriBiotic,Vitamines,NBI4002
52965,Maltesers Hi-Protein Chocolate Malt (450 gram),In heerlijke Maltesers Chocolade smaak 15gr eiwit per shake Slechts 99 kcal per shake 18 porties per verpakking,out of stock,new,32.34 EUR,,https://thehealthhouse.nl/product/maltesers-hi-protein-chocolate-malt-450-gram/,https://thehealthhouse.nl/wp-content/uploads/2026/08/27941.jpg,,Mars Protein,Eiwitten,MRS1007
52967,Bounty Hi-Protein Chocolate Coconut (875 gram),Met de traditionele echte Chocolade/Cocos smaak 21gr eiwit per shake Slechts 147 kcal per shake 25 porties per verpakking Een eiwitrijke manier om van de smaak van een Bounty te genieten.,out of stock,new,43.34 EUR,,https://thehealthhouse.nl/product/bounty-hi-protein-chocolate-coconut-875-gram/,https://thehealthhouse.nl/wp-content/uploads/2026/08/27932.jpg,,Mars Protein,Eiwitten,MRS1006
52969,M&M’s Hi-Protein Chocolate (875 gram),"Met de traditionele geweldige Chocolade smaak 21gr eiwit per shake Slechts 141 kcal per shake 25 porties per verpakking Een eiwitrijke manier om van de smaak van een M&#038;M’s te genieten.",out of stock,new,43.34 EUR,,https://thehealthhouse.nl/product/mms-hi-protein-chocolate-875-gram/,https://thehealthhouse.nl/wp-content/uploads/2026/08/27929.jpg,,Mars Protein,Eiwitten,MRS1005
52971,Snickers Hi-Protein White Chocolate (875 gram),"Met een geweldige witte chocolade, karamel &#038; pindasmaak 21gr eiwit per shake Slechts 144 kcal per shake 25 porties per verpakking Een eiwitrijke manier om van de smaak van een Snickers te genieten.",out of stock,new,43.34 EUR,,https://thehealthhouse.nl/product/snickers-hi-protein-white-chocolate-875-gram/,https://thehealthhouse.nl/wp-content/uploads/2026/08/27899.jpg,,Mars Protein,Eiwitten,MRS1004
52977,Boom Stick Testosterone Support (300 caps),Ondersteunt gezonde testosteron niveaus Beter libido Met D-asparaginezuur 3210mg,out of stock,new,70.84 EUR,,https://thehealthhouse.nl/product/boom-stick-testosterone-support-300-caps/,https://thehealthhouse.nl/wp-content/uploads/2026/08/5359.jpg,,Redcon1,Test boosters,RED8201
52979,Pre-Kaged Sport (20 Servings),"Levert soepele, schone energie. Verbetert mentale helderheid. Bevordert uithoudingsvermogen + hydratatie. Creatine vrij. Geen smaken of kleuren van kunstmatige bronnen. Clean Label + Veilig voor atleten. Informed-Sport gecertificeerd.",out of stock,new,48.84 EUR,,https://thehealthhouse.nl/product/pre-kaged-sport-20-servings/,https://thehealthhouse.nl/wp-content/uploads/2026/08/27473.jpg,,Kaged,Pre Workout,UNI3001
52983,Magnesium Bisglycinate Powder (227 gram),"Zeer goed opneembare vorm van magnesium. Gemakkelijk te doseren en in te nemen poeder, vrij van toevoegingen en vulmiddelen. Ondersteunt de werking van de spieren en het zenuwstelsel. Levert een bijdrage aan de elektrolytenbalans. Voor het behoud van sterke botten en tanden.",out of stock,new,32.34 EUR,,https://thehealthhouse.nl/product/magnesium-bisglycinate-powder-227-gram/,https://thehealthhouse.nl/wp-content/uploads/2026/08/27432.webp,,NOW Foods,Nachtrust en herstel,NOW4008
52999,Dedicated Wrist Wraps,2 Wraps per set Lengte: 50 cm Breedte: 8cm Duurzaam elastisch materiaal Klittenbandsluiting Met duim lus Geborduurd logo-patroon,out of stock,new,21.34 EUR,,https://thehealthhouse.nl/product/dedicated-wrist-wraps/,https://thehealthhouse.nl/wp-content/uploads/2026/08/26509.jpg,,DEDICATED,Gear,T-DDC106
53007,Ashwagandha Extract 450mg (180 Vcaps),Ashwagandha-extract van 450 mg in een ruime verpakking met 180 plantaardige capsules.,out of stock,new,48.84 EUR,,https://thehealthhouse.nl/product/ashwagandha-extract-450mg-180-vcaps/,https://thehealthhouse.nl/wp-content/uploads/2026/08/26027.webp,,NOW Foods,Vitaliteit,NOW4151-180
53021,MOAB (30 servings),Calcium HMB 3.000 mg HICA 1.000 mg Epicatechin 300 mg,out of stock,new,70.84 EUR,,https://thehealthhouse.nl/product/moab-30-servings/,https://thehealthhouse.nl/wp-content/uploads/2026/08/24913.jpg,,Redcon1,Muscle Builders,RED3006
53027,Animal Cuts Powder (42 servings),"Complete Thermogene Fatburner Gebaseerd op twee verschillende vormen L‑Carnitine Makkelijk oplosbaar in je drank naar keuze Gemakkelijk opneembaar Verkrijgbaar in twee heerlijke smaken, Ice Pop en Orange Mango Zowel voor mannen als vrouwen de beste partner voor versneld resultaat",out of stock,new,70.84 EUR,,https://thehealthhouse.nl/product/animal-cuts-powder-42-servings/,https://thehealthhouse.nl/wp-content/uploads/2026/08/21084.jpg,,Universal Nutrition,Fatburners,UNI5001
53031,DHEA 25 (120 caps),25mg per capsule 120 capsules/verpakking Ondersteund de algehele gezondheid Natuurlijke voorloper van oestrogeen en testosteron Voor mannen en vrouwen,out of stock,new,32.34 EUR,,https://thehealthhouse.nl/product/dhea-25-120-caps/,https://thehealthhouse.nl/wp-content/uploads/2026/08/20823.jpg,,Sunwarrior,Test boosters,SWA8101
53033,DHEA 50 (120 caps),50mg per capsule 120 capsules/verpakking Ondersteund de algehele gezondheid Natuurlijke voorloper van oestrogeen en testosteron Voor mannen en vrouwen,out of stock,new,48.84 EUR,,https://thehealthhouse.nl/product/dhea-50-120-caps/,https://thehealthhouse.nl/wp-content/uploads/2026/08/20816.jpg,,Sunwarrior,Test boosters,SWA8102
53035,Ultra DHEA 100 (60 caps),100mg per capsule Extra hoge dosering DHEA Ondersteund de algehele gezondheid Natuurlijke voorloper van oestrogeen en testosteron Voor mannen en vrouwen,out of stock,new,37.84 EUR,,https://thehealthhouse.nl/product/ultra-dhea-100-60-caps/,https://thehealthhouse.nl/wp-content/uploads/2026/08/20810.jpg,,Sunwarrior,Test boosters,SWA8103
53043,Shake Time (757-817 gr),"Superieure eiwitmix Volledige opname zonder opgeblazen gevoel Paleo &#038; Keto goedgekeurd Ondersteunt de spiergroei/herstel 2 Geweldige smaken",out of stock,new,59.84 EUR,,https://thehealthhouse.nl/product/shake-time-757-817-gr/,https://thehealthhouse.nl/wp-content/uploads/2026/08/20549.jpg,,5% Nutrition,Eiwitten,RPI1101
53045,Apple Fiber Pure Powder (340 g),"Vegan appelvezelpoeder van 340 gram, ook geschikt voor vegetariërs.",out of stock,new,19.14 EUR,,https://thehealthhouse.nl/product/apple-fiber-pure-powder-340-g/,https://thehealthhouse.nl/wp-content/uploads/2026/08/20330.jpg,,NOW Foods,Gezondheidsproducten,NOW4602
53063,Certified Organic Flax Seed Oil (710 ml),Koudgeperst en ongeraffineerd Van biologische lijnzaad Essentiële vetzuren Kan gebruikt worden in smoothies of over salades,out of stock,new,37.84 EUR,,https://thehealthhouse.nl/product/certified-organic-flax-seed-oil-710-ml/,https://thehealthhouse.nl/wp-content/uploads/2026/08/19448.jpg,,NOW Foods,Joints / Gewrichten,NOW4511
53071,Men’s Libido (60 Veggi Caps),"Verbetert het verlangen 22 hele kruiden Niet-GMO-product Glutenvrij Vegetarisch Getest door derden Bevordert Sex Drive Ondersteunt snel herstel Horny Goat Weed &#038; Korean Red Ginseng",out of stock,new,56.54 EUR,,https://thehealthhouse.nl/product/mens-libido-60-veggi-caps/,https://thehealthhouse.nl/wp-content/uploads/2026/08/19267.jpg,,Crystal Star,Test boosters,CRS8302
53079,Pregnenolone 30mg (60 Veggi Caps),"Gecertificeerd glutenvrij HPLC getest op potentie en zuiverheid Ondersteunt de immuun-, bot- en cardiovasculaire gezondheid 60 vegetarische capsules 30mg capsules",out of stock,new,37.84 EUR,,https://thehealthhouse.nl/product/pregnenolone-30mg-60-veggi-caps/,https://thehealthhouse.nl/wp-content/uploads/2026/08/19221.jpg,,Country Life,Nachtrust en herstel,COL8202
53083,Animal Pump PRO (20 Servings),Stimulant vrije formule Krachtige pomp Messcherpe focus 20 doseringen 2 smaken: Green Apple en Strawberry Lemonade,out of stock,new,67.54 EUR,,https://thehealthhouse.nl/product/animal-pump-pro-20-servings/,https://thehealthhouse.nl/wp-content/uploads/2026/08/19165.jpg,,Universal Nutrition,Pre Workout,UNI3005
53085,All Day You May Natty BCAA Recovery Drink (30 doseringen),"Gezoet met Stevia Natuurlijke smaak Sucralose vrij Bevat Elektrolyten Bevat verschillende aminozuren Met oa. creatine, aminozuren en glucosamine Gebruik voor, tijdens, na training of gedurende de dag.",out of stock,new,48.84 EUR,,https://thehealthhouse.nl/product/all-day-you-may-natty-bcaa-recovery-drink-30-doseringen/,https://thehealthhouse.nl/wp-content/uploads/2026/08/19137.jpg,,5% Nutrition,EAA,RPI3006
53087,Insulomin-R® (60 tabs),"Bevat plantenextracten, chroom en R-alfa-Liponzuur Draagt ​​bij tot de instandhouding van normale bloedglucosespiegels 30 porties Draagt ​​bij tot een normaal metabolisme van macronutriënten",out of stock,new,37.84 EUR,,https://thehealthhouse.nl/product/insulomin-r-60-tabs/,https://thehealthhouse.nl/wp-content/uploads/2026/08/18818.jpg,,Yamamoto Nutrition,Fatburners,YAM4115
53089,Truvia Natural Sweetener Spoonable Refill (482 gram),"Slechts ¾ theelepel geeft dezelfde zoetheid als twee theelepels suiker. Bestrooi in koffie, thee, yoghurt of ontbijtgranen zoeter te maken. #1 Stevia in America Handige voordelige navulverpakking.",out of stock,new,26.84 EUR,,https://thehealthhouse.nl/product/truvia-natural-sweetener-spoonable-refill-482-gram/,https://thehealthhouse.nl/wp-content/uploads/2026/08/18615.jpg,,Truvia,Food,TRV9604
53097,Animal Nitro (44 Packs),Voor sporters die iets extra’s nodig hebben Voor high-intensity training Voor dieet met veel eiwitinname Verkrijgbaar in 30 en 44 packs,out of stock,new,87.34 EUR,,https://thehealthhouse.nl/product/animal-nitro-44-packs/,https://thehealthhouse.nl/wp-content/uploads/2026/08/18230.jpg,,Universal Nutrition,EAA,UNI3206-44
53099,Colostrum 500mg (120 Veg Capsules),Vegetarische capsules 120 v-caps 500mg Colostrum per capsule,out of stock,new,37.84 EUR,,https://thehealthhouse.nl/product/colostrum-500mg-120-veg-capsules/,https://thehealthhouse.nl/wp-content/uploads/2026/08/18173.webp,,NOW Foods,EAA,NOW3220
53119,Elderberry & Zinc Lozenges (90 Zuigtabletten),"Suikervrije zuigtabletten met vlierbes, vitamine C en zink, verpakt per 90 stuks.",out of stock,new,26.84 EUR,,https://thehealthhouse.nl/product/elderberry-zinc-lozenges-90-zuigtabletten/,https://thehealthhouse.nl/wp-content/uploads/2026/08/17955.jpg,,NOW Foods,Vitamines,NOW4431
53121,Mens Multi+Test (150 tabs),Geformuleerd voor de actieve man Met Tribulus Terrestris 75 doseringen/2.5 maand verpakking,out of stock,new,59.84 EUR,,https://thehealthhouse.nl/product/mens-multitest-150-tabs/,https://thehealthhouse.nl/wp-content/uploads/2026/08/17912.jpg,,GAT Sport,Test boosters,GAT4101-150
53123,Better Stevia® Organic (75 Packets),"Biologische steviazoetstof in 75 handige portiezakjes, vegan en suikervrij.",out of stock,new,21.34 EUR,,https://thehealthhouse.nl/product/better-stevia-organic-75-packets/,https://thehealthhouse.nl/wp-content/uploads/2026/08/17907.jpg,,NOW Foods,Food,NOW9602
53125,Truvia Natural Sweetener Packets (400 Packets),Truvia-zoetstof in 400 afzonderlijke zakjes voor gemakkelijk portioneren.,out of stock,new,48.84 EUR,,https://thehealthhouse.nl/product/truvia-natural-sweetener-packets-400-packets/,https://thehealthhouse.nl/wp-content/uploads/2026/08/17765.jpg,,Truvia,Food,TRV9601-400
53127,Truvia Natural Sweetener Packets (140 Packets),Truvia-zoetstof in 140 losse zakjes voor een overzichtelijke voorraad.,out of stock,new,30.14 EUR,,https://thehealthhouse.nl/product/truvia-natural-sweetener-packets-140-packets/,https://thehealthhouse.nl/wp-content/uploads/2026/08/17760.jpg,,Truvia,Food,TRV9601-140
53129,Truvia Natural Sweetener Packets (80 Packets),Truvia-zoetstof in een compacte verpakking met 80 portiezakjes.,out of stock,new,21.34 EUR,,https://thehealthhouse.nl/product/truvia-natural-sweetener-packets-80-packets/,https://thehealthhouse.nl/wp-content/uploads/2026/08/17744.jpg,,Truvia,Food,TRV9601-80
53133,Berberine Glucose Support (90 Softgels),400 mg Berberine HCl 700 mg MCT olie 90 softgels,out of stock,new,48.84 EUR,,https://thehealthhouse.nl/product/berberine-glucose-support-90-softgels/,https://thehealthhouse.nl/wp-content/uploads/2026/08/17621.webp,,NOW Foods,Fatburners,NOW4316
53143,Daily Vits (120 Vcaps),"Multi Vitamine en Mineralen Perfect voor sporters Voor mannen en vrouwen Eén capsule per dag Met Fruit &#038; Veggie Blend, Luteïne &#038; Lycopeen",out of stock,new,32.34 EUR,,https://thehealthhouse.nl/product/daily-vits-120-vcaps/,https://thehealthhouse.nl/wp-content/uploads/2026/08/17126.webp,,NOW Foods,Vitamines,NOW4310
53161,"Vitamin A 25,000 (100 softgels)","7.500 mcg (25.000 IE) Ondersteunt de gezondheid van ogen, huid en immuunsysteem* 100 Softgels",out of stock,new,32.34 EUR,,https://thehealthhouse.nl/product/vitamin-a-25000-100-softgels/,https://thehealthhouse.nl/wp-content/uploads/2026/08/15635.webp,,NOW Foods,Vitamines,NOW4174
53171,Collagen Peptides Grass Fed (280 gram),"1,5 miljard CFU Lactobacillus plantarum Niet-ggo getest en gecertificeerd, keto-gecertificeerd, gecertificeerd paleovriendelijk en glutenvrij Bevat geen smaakstoffen Kan eenvoudig worden gemengd in warme of koude dranken, smoothies en in gebakjes",out of stock,new,37.84 EUR,,https://thehealthhouse.nl/product/collagen-peptides-grass-fed-280-gram/,https://thehealthhouse.nl/wp-content/uploads/2026/08/15295.jpg,,Garden of Life,Joints / Gewrichten,GAL1501
53185,R1 LBS (5.460 gram),Weight gainer-poeder met creatine monohydraat en glutamine in een pot van 5.460 gram.,out of stock,new,103.84 EUR,,https://thehealthhouse.nl/product/r1-lbs-5-460-gram/,https://thehealthhouse.nl/wp-content/uploads/2026/08/14233.jpg,,Rule One,Weightgainers,RUL2001-5
53187,R1 LBS (2.730 gram),"Weight gainer-poeder met creatine monohydraat en glutamine, verpakt per 2.730 gram.",out of stock,new,59.84 EUR,,https://thehealthhouse.nl/product/r1-lbs-2-730-gram/,https://thehealthhouse.nl/wp-content/uploads/2026/08/14199.jpg,,Rule One,Weightgainers,RUL2001-2
53195,Tribest™ 750 (60 Veggi Caps),Gestandaardiseerd op 60% steroïdale saponinen Kan Libido en magere spieren ondersteunen Bevat L-Arginine 60 vegetarische capsules,out of stock,new,37.84 EUR,,https://thehealthhouse.nl/product/tribest-750-60-veggi-caps/,https://thehealthhouse.nl/wp-content/uploads/2026/08/13530.jpg,,MRM Nutrition,Test boosters,MRM8306
53201,Mutant Pump (154 caps),"3 complexen actieve ingrediënten Met o.a. L-arginine, niacine, vitamine C en elektrolyten 154 capsules per verpakking",out of stock,new,48.84 EUR,,https://thehealthhouse.nl/product/mutant-pump-154-caps/,https://thehealthhouse.nl/wp-content/uploads/2026/08/13515.jpg,,Mutant,Pre Workout,MTA3205
53225,Carbo Plus (1000 gr) Naturel,"Geoptimaliseerde koolhydraatmix voor uithoudingsvermogen Voeg toe aan je favoriete eiwit shake voor energie Energierijke, pure drankmix zonder smaak 1000gr per pot",out of stock,new,26.84 EUR,,https://thehealthhouse.nl/product/carbo-plus-1000-gr-naturel/,https://thehealthhouse.nl/wp-content/uploads/2026/08/12287.jpg,,Universal Nutrition,Post workout,UNI6005
53227,Carb Max (30 servings),"4 verschillende Koolhydraten Snel &#038; langzaam opneembare Toegevoegde Elektrolyten 30 doseringen Verkrijgbaar in 2 smaken; Fruit Punch en Orange",out of stock,new,26.84 EUR,,https://thehealthhouse.nl/product/carb-max-30-servings/,https://thehealthhouse.nl/wp-content/uploads/2026/08/12275.jpg,,Universal Nutrition,Post workout,UNI6001
53229,Himalaya Pill Box White,Himalaya Pill Box White Small,out of stock,new,8.14 EUR,,https://thehealthhouse.nl/product/himalaya-pill-box-white/,https://thehealthhouse.nl/wp-content/uploads/2026/08/5137.jpg,,Himalaya,Gear,A-HIM501
53253,Creatine Monohydrate (60 servings),Creatine Monohydraat Verhoogt het uithoudingsvermogen 60 doseringen,out of stock,new,32.34 EUR,,https://thehealthhouse.nl/product/creatine-monohydrate-60-servings/,https://thehealthhouse.nl/wp-content/uploads/2026/08/11125.jpg,,Redcon1,Creatine,RED7010
53263,Waterboard (10 servings),"Ideaal voor bodybuilding, fotoshoots Ontworpen om die hardnekkige laag water te verwijderen * 10 porties per verpakking",out of stock,new,48.84 EUR,,https://thehealthhouse.nl/product/waterboard-10-servings/,https://thehealthhouse.nl/wp-content/uploads/2026/08/11014.jpg,,Redcon1,Fatburners,RED5205
53265,Fade Out Sleep Formula (30 servings),Verhoogd natuurlijke HGH Diepere slaap en beter herstel Heerlijke smaak 30 doseringen per verpakking,out of stock,new,59.84 EUR,,https://thehealthhouse.nl/product/fade-out-sleep-formula-30-servings/,https://thehealthhouse.nl/wp-content/uploads/2026/08/11008.jpg,,Redcon1,EAA,RED3005
53269,Daily Immune (60 tabletten),Dagelijks tablettensupplement met vitamine C en zink in een verpakking van 60 tabletten.,out of stock,new,34.54 EUR,,https://thehealthhouse.nl/product/daily-immune-60-tabletten/,https://thehealthhouse.nl/wp-content/uploads/2026/08/10922.jpg,,Universal Nutrition,Vitamines,UNI4216
53271,Animal Immune Pak (30 Packs),"Animal-supplement in 30 handige packs met vitamine C, zink en calcium.",out of stock,new,48.84 EUR,,https://thehealthhouse.nl/product/animal-immune-pak-30-packs/,https://thehealthhouse.nl/wp-content/uploads/2026/08/10816.jpg,,Universal Nutrition,Vitamines,UNI4110-30
53273,Animal Immune Pak Powder (327 gr),"Animal Immune Pak als poeder met vitamine C, zink en calcium in een pot van 327 gram.",out of stock,new,48.84 EUR,,https://thehealthhouse.nl/product/animal-immune-pak-powder-327-gr/,https://thehealthhouse.nl/wp-content/uploads/2026/08/10837.jpg,,Universal Nutrition,Vitamines,UNI4015
53275,Snickers Hi-Protein Bars (12x57g) Peanut Butter,"Snackreep voor de lekkere trek! Bevat 20 gram eiwitten per bar Eiwitten dragen bij tot de groei en instandhouding van de spiermassa Fantastische combinatie van caramel, melkchocolade en pindakaas Bevat 12 eiwitrepen",out of stock,new,43.34 EUR,,https://thehealthhouse.nl/product/snickers-hi-protein-bars-12x57g-peanut-butter/,https://thehealthhouse.nl/wp-content/uploads/2026/08/10719.jpg,,Mars Protein,Eiwitrepen > Eiwitten,MRS9506
53279,Gain Fast (2.26kg),"Veel gebruikt door professionele bodybuilders Zeer geschikt voor hard gainers Toegevoegde bcaa&#8217;s, glutamine, creatine, l-carnitine, vitamines en mineralen",out of stock,new,59.84 EUR,,https://thehealthhouse.nl/product/gain-fast-2-26kg/,https://thehealthhouse.nl/wp-content/uploads/2026/08/10526.jpg,,Universal Nutrition,Weightgainers,UNI2001
53281,Glutamine Powder (300 gr),100% Pure L-Glutamine Poeder HPLC geteste kwaliteit Verbeterd de prestaties en het herstel 5000 mg glutamine per dosering,out of stock,new,37.84 EUR,,https://thehealthhouse.nl/product/glutamine-powder-300-gr/,https://thehealthhouse.nl/wp-content/uploads/2026/08/10423.jpeg,,Universal Nutrition,Glutamine,UNI3110-300
53283,Storm (759 gr),All-In-One Creatine Formule 5000 mg Creatine Complex 6 unieke vormen van creatine Circa 80 doseringen 3 smaak varianten,out of stock,new,76.34 EUR,,https://thehealthhouse.nl/product/storm-759-gr/,https://thehealthhouse.nl/wp-content/uploads/2026/08/10404.jpg,,Universal Nutrition,Creatine,UNI7010
53285,Dextrose Powder (1000 gr),100% pure glucose powder Hoge glycemische index Perfect te mixen met eiwitten Perfect in combinatie met creatine,out of stock,new,21.34 EUR,,https://thehealthhouse.nl/product/dextrose-powder-1000-gr/,https://thehealthhouse.nl/wp-content/uploads/2026/08/10338.jpg,,Yamamoto Nutrition,Weightgainers,YAM6001
53289,Muscle Whey Complex (2000 gr),"20 gram eiwit per portie (chocolade smaak) 5,1 gram BCAA&#8217;s per portie Laag suikergehalte",out of stock,new,81.84 EUR,,https://thehealthhouse.nl/product/muscle-whey-complex-2000-gr/,https://thehealthhouse.nl/wp-content/uploads/2026/08/10286.jpg,,Yamamoto Nutrition,Eiwitten,YAM1006-2
53295,Menopause Support (90 Vcaps),Vrouwelijke endocriene ondersteuning Kalmerende kruidenmix Botanisch / kruiden Gestandaardiseerde extracten Vegetarisch / veganistisch,out of stock,new,32.34 EUR,,https://thehealthhouse.nl/product/menopause-support-90-vcaps/,https://thehealthhouse.nl/wp-content/uploads/2026/08/10189.webp,,NOW Foods,Gezondheidsproducten,NOW4280
53311,Adam Superior Men’s Multi (120 Tabl),Multivitaminesupplement voor mannen met zink in een verpakking van 120 tabletten.,out of stock,new,59.84 EUR,,https://thehealthhouse.nl/product/adam-superior-mens-multi-120-tabl/,https://thehealthhouse.nl/wp-content/uploads/2026/08/9549.webp,,NOW Foods,Vitamines,NOW4246-120
53325,Natural Resveratrol 200 (120 Vcaps),Biologisch resveratrolsupplement met 200 mg in 120 plantaardige capsules.,out of stock,new,59.84 EUR,,https://thehealthhouse.nl/product/natural-resveratrol-200-120-vcaps/,https://thehealthhouse.nl/wp-content/uploads/2026/08/9451.webp,,NOW Foods,Gezondheidsproducten,NOW8102-120
53335,Mushroom Immune Renew (90 Vcaps),"Gestandaardiseerd Astragalus-extract Unieke blend van 8 biologische paddenstoelen Hoge concentratie 1,3 Beta Glucan",out of stock,new,30.14 EUR,,https://thehealthhouse.nl/product/mushroom-immune-renew-90-vcaps/,https://thehealthhouse.nl/wp-content/uploads/2026/08/9239.webp,,NOW Foods,Gezondheidsproducten,NOW4165
53339,Animal Pak (30 packs),Animal Pak in 30 afzonderlijke packs met BCAA en L-carnitine.,out of stock,new,59.84 EUR,,https://thehealthhouse.nl/product/animal-pak-30-packs/,https://thehealthhouse.nl/wp-content/uploads/2026/08/3772.jpg,,Universal Nutrition,Vitamines,UNI4104-30
53343,Natural Sterol Complex (180 tabs),"Levert energie tijdens de training Kracht toename Vet verbranding &#038; Metabolisme Spierherstel en Definitie Verbeterde Prestaties Veterend met EFA&#8217;s",out of stock,new,54.34 EUR,,https://thehealthhouse.nl/product/natural-sterol-complex-180-tabs/,https://thehealthhouse.nl/wp-content/uploads/2026/08/3592.jpg,,Universal Nutrition,Test boosters,UNI4114
53345,Animal Nitro (30 Packs),Voor sporters die iets extra’s nodig hebben Voor high-intensity training Voor dieet met veel eiwitinname,out of stock,new,70.84 EUR,,https://thehealthhouse.nl/product/animal-nitro-30-packs/,https://thehealthhouse.nl/wp-content/uploads/2026/08/3562.jpg,,Universal Nutrition,EAA,UNI3206-30
53349,Uni-Liver (500 tabs),"Natuurlijke gedroogde en ontvette Argentijnse lever Koud verwerkt voor absolute zuiverheid Afkomstig van gras gevoerde, hormoonvrije runderen",out of stock,new,65.34 EUR,,https://thehealthhouse.nl/product/uni-liver-500-tabs/,https://thehealthhouse.nl/wp-content/uploads/2026/08/3550.jpg,,Universal Nutrition,EAA,UNI3106
53353,Gold Standard 100% Plant (684 gram),"Vegan blend met compleet aminozuren profiel Bevat 4 gram BCAA’s, 4 gram glutamine en 24 gram plantaardige eiwitten Met vitamine C en vitamine B12 Vrij van kunstmatige smaak-, kleur- of zoetstoffen Smaken: Berry, Chocolate en Vanilla",out of stock,new,37.84 EUR,,https://thehealthhouse.nl/product/gold-standard-100-plant-684-gram/,https://thehealthhouse.nl/wp-content/uploads/2026/08/8827.jpg,,Optimum Nutrition,Eiwitten > Eiwitten Vegan,OPT1501
53359,Daily Dose (180 caps),1 capsule bevat 13 vitamines en 9 mineralen in de juiste verhoudingen! Voor dagelijks gebruik 180 porties! 1 verpakking voor circa 90/180 dagen!,out of stock,new,26.84 EUR,,https://thehealthhouse.nl/product/daily-dose-180-caps/,https://thehealthhouse.nl/wp-content/uploads/2026/08/8458.jpg,,EVOLITE Nutrition,Vitamines,EVL4201
53365,Joint Defender (200 Capsules),"Type II Collageen Makkelijk te slikken gel capsule Verbeterde atletische prestaties Met D-Glucosamine &#038; MSM",out of stock,new,48.84 EUR,,https://thehealthhouse.nl/product/joint-defender-200-capsules/,https://thehealthhouse.nl/wp-content/uploads/2026/08/8252.jpg,,5% Nutrition,Joints / Gewrichten,RPI4206
53367,Pro Leather Lifting Straps,"Met de echte lederen Pro Lifting Straps van Harbinger krijg je maximale grip op de lifting stang, waardoor je met zwaardere gewichten kan trainen.",out of stock,new,32.34 EUR,,https://thehealthhouse.nl/product/pro-leather-lifting-straps/,https://thehealthhouse.nl/wp-content/uploads/2026/08/8190.jpg,,Harbinger Fitness,Gear,T-HBI202-PLLS
53371,ANIMAL Shaker Cup Black 700 ml,Zwarte ANIMAL shaker cup met een inhoud van 700 ml.,out of stock,new,14.74 EUR,,https://thehealthhouse.nl/product/animal-shaker-cup-black-700-ml/,https://thehealthhouse.nl/wp-content/uploads/2026/08/7931.jpg,,Animal,Gear,A-UNI507
53375,ANIMAL Military Green Whey Iconic Black Shaker,ANIMAL Military Green Whey Iconic Black Shaker met 700 ml inhoud.,out of stock,new,14.74 EUR,,https://thehealthhouse.nl/product/animal-military-green-whey-iconic-black-shaker/,https://thehealthhouse.nl/wp-content/uploads/2026/08/7923.jpg,,Animal,Gear,A-UNI503
53383,CLA 3000 (90 Softgels),1000 mg CLA per softgel Vrij van stimulanten Perfect voor bodybuilders en sporters Maandverpakking,out of stock,new,26.84 EUR,,https://thehealthhouse.nl/product/cla-3000-90-softgels/,https://thehealthhouse.nl/wp-content/uploads/2026/08/7864.jpg,,ProSupps,Fatburners,PRS5501
53385,Creatine 200 (40 Servings),Eersteklas creatine monohydraat † Toename van kracht † Bevordert het herstel †,out of stock,new,26.84 EUR,,https://thehealthhouse.nl/product/creatine-200-40-servings/,https://thehealthhouse.nl/wp-content/uploads/2026/08/7699.jpg,,ProSupps,Creatine,PRS7001
53389,Mutant BCAA 9.7 Energy (30 servings),"9,7 g BCAA&#8217;s 140 mg Cafeïne 5 mg BioPerine 240 mg aan elektrolyten Suikervrij en koolhydraatarm BCAA-supplement met de beste smaak",out of stock,new,37.84 EUR,,https://thehealthhouse.nl/product/mutant-bcaa-9-7-energy-30-servings/,https://thehealthhouse.nl/wp-content/uploads/2026/08/7545.jpg,,Mutant,EAA,MTA3004-30
53391,Mars Hi-Protein Chocolate & Caramel (875 gram),"Eiwit shake met de voor Mars kenmerkende chocolate karamel smaak Hoge kwaliteit whey concentraat 21g whey eiwit 5,3g koolhydraten, waarvan 3,7g suikers 5.4g BCAA&#8217;s per dosering",out of stock,new,43.34 EUR,,https://thehealthhouse.nl/product/mars-hi-protein-chocolate-caramel-875-gram/,https://thehealthhouse.nl/wp-content/uploads/2026/08/7527.jpg,,Mars Protein,Eiwitten,MRS1001
53393,Twix Hi-Protein Chocolate Biscuit & Caramel (875 gram),"Met een geweldige chocolade, biscuit &#038; karamel smaak 21gr eiwit per shake Slechts 141 kcal per shake 25 porties per verpakking Een eiwitrijke manier om van de smaak van een Twix te genieten.",out of stock,new,43.34 EUR,,https://thehealthhouse.nl/product/twix-hi-protein-chocolate-biscuit-caramel-875-gram/,https://thehealthhouse.nl/wp-content/uploads/2026/08/7531.jpg,,Mars Protein,Eiwitten,MRS1003
53395,Snickers Hi-Protein Chocolate Caramel & Peanut (875 gram),"Met een geweldige chocolade, karamel &#038; pindasmaak 21gr eiwit per shake Slechts 141 kcal per shake 25 porties per verpakking Een eiwitrijke manier om van de smaak van een Snickers te genieten.",out of stock,new,43.34 EUR,,https://thehealthhouse.nl/product/snickers-hi-protein-chocolate-caramel-peanut-875-gram/,https://thehealthhouse.nl/wp-content/uploads/2026/08/7529.jpg,,Mars Protein,Eiwitten,MRS1002
53399,Mutant BCAA 9.7 (30 servings),9.7 gram BCAA blend per serving! 8 toegevoegde Elektrolyten Instant voor superieure oplossing Fantastische smaken,out of stock,new,31.24 EUR,,https://thehealthhouse.nl/product/mutant-bcaa-9-7-30-servings/,https://thehealthhouse.nl/wp-content/uploads/2026/08/4619.jpg,,Mutant,EAA,PVL3003-30
53401,Profi Wrist Wraps,Extra sterke kwaliteit hardcore wrist wraps van Olimp. Voor de echte diehards! Kenmerken: Hardcore geel/zwarte looks Elastische pols-straps met klittenband Verstevigde polsen tijdens de training,out of stock,new,26.84 EUR,,https://thehealthhouse.nl/product/profi-wrist-wraps/,https://thehealthhouse.nl/wp-content/uploads/2026/08/5712.jpg,,OLIMP,Gear,T-OLI106
53403,VasoMax Pre-Workout (20 servings),Bevordert “opgepompt” gevoel Verhoogt spier vasculariteit en volheid Verbetert de concentratie en focus Verhoogt atletisch uithoudingsvermogen Stimulant en cafeïnevrij,out of stock,new,48.84 EUR,,https://thehealthhouse.nl/product/vasomax-pre-workout-20-servings/,https://thehealthhouse.nl/wp-content/uploads/2026/08/5701.jpg,,Performax Labs,Pre Workout,PFL3002
53411,DIM 200 Diindolylmethane (90 Vcaps),Levert de goede kracht van kruisbloemige groentes Met Calcium-D-glucarate Elke capsule levert 200 mg DIM Diindolylmethane 90 V-Caps per verpakking,out of stock,new,45.54 EUR,,https://thehealthhouse.nl/product/dim-200-diindolylmethane-90-vcaps/,https://thehealthhouse.nl/wp-content/uploads/2026/08/5684.jpg,,NOW Foods,Vitamines,NOW4312
53415,Remoulade Style Saus (300 ml),"Vegan remouladesaus van 300 ml, glutenvrij en lactosevrij.",out of stock,new,10.44 EUR,,https://thehealthhouse.nl/product/remoulade-style-saus-300-ml/,https://thehealthhouse.nl/wp-content/uploads/2026/08/5670.jpg,,CALLOWFIT,Fit Sausjes,CAF9501-RES
53417,"Mutant Nation Shaker Cup Black, 800ml",Kenmerken: Grote XXL inhoud 800ml Turbozeef met plastic messen 100% lekvrij,out of stock,new,12.54 EUR,,https://thehealthhouse.nl/product/mutant-nation-shaker-cup-black-800ml/,https://thehealthhouse.nl/wp-content/uploads/2026/08/5668.jpg,,Mutant,Gear,A-MUT502
53419,Towel Yamamoto® 30X90 440 GSM Twisted 20/2,YAMAMOTO NUTRITION Sporthanddoek van het Pro Team Yamamoto. Gymhanddoek van het merk Yamamoto Nutrition.,out of stock,new,14.74 EUR,,https://thehealthhouse.nl/product/towel-yamamoto-30x90-440-gsm-twisted-20-2/,https://thehealthhouse.nl/wp-content/uploads/2026/08/5657.jpg,,Yamamoto Nutrition,Gear,A-YAM506
53421,Yamamoto Pillbox,De Yamamoto® Nutrition capsule/pil-container is ontworpen en onderverdeeld in tien compartimenten om een ​​grote hoeveelheid tabletten en capsules mee te nemen voor dagelijkse suppletie. Afmetingen: 15 x 13 x 4 cm,out of stock,new,12.54 EUR,,https://thehealthhouse.nl/product/yamamoto-pillbox/,https://thehealthhouse.nl/wp-content/uploads/2026/08/5654.jpg,,Yamamoto Nutrition,Gear,A-YAM502
53427,Mars Hi-Protein Bars (12x59g) Salted Caramel,Mars Hi-Protein Bars met Salted Caramel-smaak: 12 repen van 59 gram.,out of stock,new,43.34 EUR,,https://thehealthhouse.nl/product/mars-hi-protein-bars-12x59g-salted-caramel/,https://thehealthhouse.nl/wp-content/uploads/2026/08/5636.jpg,,Mars Protein,Eiwitrepen > Eiwitten,MRS9505
53429,Multivit (90 tabl),Multivitaminen- en mineralencomplex Slechts 1 tablet per dag 90 dagen verpakking,out of stock,new,15.84 EUR,,https://thehealthhouse.nl/product/multivit-90-tabl/,https://thehealthhouse.nl/wp-content/uploads/2026/08/5634.jpg,,Optimum Nutrition,Vitamines,ONP4101
53431,BCAA Tablets (100 tabs),Hoog gedoseerd 2:1:1 verhouding Super scherpe prijs,out of stock,new,15.84 EUR,,https://thehealthhouse.nl/product/bcaa-tablets-100-tabs/,https://thehealthhouse.nl/wp-content/uploads/2026/08/5632.jpg,,Optimum Nutrition,EAA,ONP3101-100
53433,Essential Amino Tablets (240 tabl),Hoogwaardige aminozuren Essentiële aminozuren Uitgebalanceerde formule,out of stock,new,32.34 EUR,,https://thehealthhouse.nl/product/essential-amino-tablets-240-tabl/,https://thehealthhouse.nl/wp-content/uploads/2026/08/5630.jpg,,Optimum Nutrition,EAA,ONP3103
53437,BCAA 4:1:1 (180 tabl),BCAA 4:1:1 is een voedingssupplement met vertakte aminozuren verrijkt met vitamine B1 en B6.,out of stock,new,23.54 EUR,,https://thehealthhouse.nl/product/bcaa-411-180-tabl/,https://thehealthhouse.nl/wp-content/uploads/2026/08/5626.jpg,,Optimum Nutrition,EAA,ONP3102
53439,BCAA Tablets (400 tabs),"Verhouding van 2: 1: 1 Leucine, Isoleucine en Valine. 400 stuks/verpakking Voordelige prijs",out of stock,new,37.84 EUR,,https://thehealthhouse.nl/product/bcaa-tablets-400-tabs/,https://thehealthhouse.nl/wp-content/uploads/2026/08/5624.jpg,,Optimum Nutrition,EAA,ONP3101-400
53441,Mr. Hyde NitroX (30 Servings),"Mr. Hyde NitroX laat geen middel onbeproefd in de checklist vóór de training. Energie Boost + Intense Focus + Ondersteunt spierkracht, kracht en uithoudingsvermogen",out of stock,new,37.84 EUR,,https://thehealthhouse.nl/product/mr-hyde-nitrox-30-servings/,https://thehealthhouse.nl/wp-content/uploads/2026/08/5617.jpg,,ProSupps,Pre Workout,PRS3001
53449,"Pro Knee Wraps, One Size",Deze hoge kwaliteit Chiba Knie bandages zijn onmisbaar wanneer je traint met zwaardere gewichten. Kenmerken: Hoogwaardige kniebandages Voorkomt overbelasting van de enkel Wasbaar op 30° C,out of stock,new,32.34 EUR,,https://thehealthhouse.nl/product/pro-knee-wraps-one-size/,https://thehealthhouse.nl/wp-content/uploads/2026/08/5589.jpg,,CHIBA Fitness,Gear,T-CHI101
53453,Caffeïne TABS (100 Tabs),Caffeïne van farmaceutische kwaliteit Vermindert moeheid en vermoeidheid Kosteneffectieve energiebooster,out of stock,new,15.84 EUR,,https://thehealthhouse.nl/product/caffeine-tabs-100-tabs/,https://thehealthhouse.nl/wp-content/uploads/2026/08/5585.jpg,,Yamamoto Nutrition,Vitaliteit,YAM6201
53455,ArthroMINE (120 Caplets),Bevat Glucosamine 500 mg Bevat MSM 500 mg Bevat chondroïtine 500 mg,out of stock,new,43.34 EUR,,https://thehealthhouse.nl/product/arthromine-120-caplets/,https://thehealthhouse.nl/wp-content/uploads/2026/08/5583.jpg,,Yamamoto Nutrition,Joints / Gewrichten,YAM4105
53457,CLA PRO Clarinol® (120 Softgels),Een premium en gepatenteerde vorm van CLA Gegarandeerd puur en van kwaliteit Stimuleert vetmetabolisme van het lichaam,out of stock,new,43.34 EUR,,https://thehealthhouse.nl/product/cla-pro-clarinol-120-softgels/,https://thehealthhouse.nl/wp-content/uploads/2026/08/5581.jpg,,Yamamoto Nutrition,Fatburners,YAM5501
53459,HMB 1000 (90 Tabs),Behoudt van spiermassa Hoog gedoseerde tabletten Populair bij sportschoolbezoekers en bodybuilders,out of stock,new,26.84 EUR,,https://thehealthhouse.nl/product/hmb-1000-90-tabs/,https://thehealthhouse.nl/wp-content/uploads/2026/08/5579.jpg,,Yamamoto Nutrition,Muscle Builders,YAM3110
53461,BetaALA POWDER (250 gram),Krachtige pre-workout voedingsstof Verhoogt de carnosine-concentratie in de spieren Stelt de vermoeidheid door inspanning uit,out of stock,new,23.54 EUR,,https://thehealthhouse.nl/product/betaala-powder-250-gram/,https://thehealthhouse.nl/wp-content/uploads/2026/08/5568.jpg,,Yamamoto Nutrition,Pre Workout,YAM3007
53463,Argi POWDER (300 gram),Puurste vorm van arginine Cambridge Assured™ Verbetert de bloedstroom en pomp Sneller herstel na inspanningen 100 doseringen,out of stock,new,35.64 EUR,,https://thehealthhouse.nl/product/argi-powder-300-gram/,https://thehealthhouse.nl/wp-content/uploads/2026/08/5566.jpg,,Yamamoto Nutrition,EAA,YAM3006
53473,Omega 3 Fish Oil Liquid (200 ml),Deze natuurlijke visolie wordt moleculair gedestilleerd en geproduceerd in Noorwegen onder strikte kwaliteitscontrolenormen. Kenmerken: 200 per verpakking Citroen smaak Essentieel voor vegetariërs,out of stock,new,32.34 EUR,,https://thehealthhouse.nl/product/omega-3-fish-oil-liquid-200-ml/,https://thehealthhouse.nl/wp-content/uploads/2026/08/5556.jpg,,NOW Foods,Vitamines,NOW4510
53479,Kill It Reloaded (500 gram),Superieure Creatine blend Bevat Vitamine B3 30 servings per pot Verkrijgbaar in verschillende smaken Maar liefst 325 mg Cafeïne,out of stock,new,54.34 EUR,,https://thehealthhouse.nl/product/kill-it-reloaded-500-gram/,https://thehealthhouse.nl/wp-content/uploads/2026/08/5534.jpg,,5% Nutrition,Pre Workout,RPI3001
53483,LIPO-6 L-Carnitine (120 caps),Helpt lichaamsvet te verminderen Helpt vet om te zetten in energie Helpt je uithouding te verhogen Stimulant vrij,out of stock,new,32.34 EUR,,https://thehealthhouse.nl/product/lipo-6-l-carnitine-120-caps/,https://thehealthhouse.nl/wp-content/uploads/2026/08/5527.jpg,,Nutrex,Fatburners,NTR5201
53485,OUTLIFT ™ (253 gram),"Bevordert maximale prestaties Versterkt de spierpomp, vermindert vermoeidheid en ondersteunt het herstel Verhoogt de energie, focus &#038; trainingsintensiteit Zonder suikers of kunstmatige kleurstoffen",out of stock,new,32.34 EUR,,https://thehealthhouse.nl/product/outlift-253-gram/,https://thehealthhouse.nl/wp-content/uploads/2026/08/5523.jpg,,Nutrex,Pre Workout,NTR3004
53487,LIPO-6 Black Training (30 servings),Intense energie pre-workout Verleg je grenzen en ga tot het uiterste Versterkt de spierpomp,out of stock,new,32.34 EUR,,https://thehealthhouse.nl/product/lipo-6-black-training-30-servings/,https://thehealthhouse.nl/wp-content/uploads/2026/08/5518.jpg,,Nutrex,Pre Workout,NTR3003
53489,BCAA 6000 (30 servings),Bevordert spierherstel Verbeterd uithouding Verhoogd de eiwitsynthese Ondersteund spierherstel en kracht Optimale 2:1:1 verhouding,out of stock,new,32.34 EUR,,https://thehealthhouse.nl/product/bcaa-6000-30-servings/,https://thehealthhouse.nl/wp-content/uploads/2026/08/5513.jpg,,Nutrex,EAA,NTR3002
53491,ALPHA PUMP ™ (20 servings),"Ervaar een Superhuman spierpomp. Verbeter de training prestaties, kracht uitspattingen en uithouding. Stimulant Vrije formule (kan gecombineerd worden met elke andere pre-workout)",out of stock,new,37.84 EUR,,https://thehealthhouse.nl/product/alpha-pump-20-servings/,https://thehealthhouse.nl/wp-content/uploads/2026/08/5508.jpg,,Nutrex,Pre Workout,NTR3001
53493,BlueLab 100% Plant Protein (900 gram),"Erwten-, rijst- en hennepproteïne Geen suiker en soja Heerlijk van smaak en makkelijk te mixen",out of stock,new,43.34 EUR,,https://thehealthhouse.nl/product/bluelab-100-plant-protein-900-gram/,https://thehealthhouse.nl/wp-content/uploads/2026/08/5501.jpg,,USN,Eiwitten > Eiwitten Vegan,USN1006
53495,Mutant MASS XXXTREME 2500 (3180 Gram),"Gemaakt voor de extreme hard gainers 2540 calorieën per portie 92 gram 100% pure wei-eiwit per dosering Hoog in BCAA&#8217;s, EAA’s en Glutamine Verrassende Milkshake smaak!",out of stock,new,48.84 EUR,,https://thehealthhouse.nl/product/mutant-mass-xxxtreme-2500-3180-gram/,https://thehealthhouse.nl/wp-content/uploads/2026/08/5492.jpg,,Mutant,Weightgainers,MTA2201-3
53503,Real Carbs + Protein (1430 gram),Echte koolhydraten en eiwitten Langzaam verteerbare koolhydraten Geweldige smaken,out of stock,new,56.54 EUR,,https://thehealthhouse.nl/product/real-carbs-protein-1430-gram/,https://thehealthhouse.nl/wp-content/uploads/2026/08/5447.jpg,,5% Nutrition,Weightgainers,RPI1301
53513,Salty Caramel Saus (300 ml),"Maak je toetje nog net iets lekkerder met deze heerlijke Salty Caramel dessertsaus van Callowfit de nieuwe trend voor een gezonde voeding. Glutenvrij, lactosevrij, vegan en zonder aspartaam",out of stock,new,10.44 EUR,,https://thehealthhouse.nl/product/salty-caramel-saus-300-ml/,https://thehealthhouse.nl/wp-content/uploads/2026/08/5408.jpg,,CALLOWFIT,Fit Sausjes,CAF9601-SCA
53517,"Nutrition Shaker, 700 ml",Met deze Yamamoto Nutrition shaker maak je in een handomdraai de lekkerste en luchtigste shakes! Kenmerken: Heerlijk luchtige shakes Nooit meer knoeien! 700 ml,out of stock,new,11.44 EUR,,https://thehealthhouse.nl/product/nutrition-shaker-700-ml/,https://thehealthhouse.nl/wp-content/uploads/2026/08/5404.jpg,,Yamamoto Nutrition,Gear,A-YAM501
53519,Fish Oil (200 Softgels),"Fish oil, 100% natuurlijk Omega-3! EPA en DHA zijn goed voor het hart en bloedvaten 200 Softgels voordeel verpakking",out of stock,new,29.04 EUR,,https://thehealthhouse.nl/product/fish-oil-200-softgels/,https://thehealthhouse.nl/wp-content/uploads/2026/08/5390.jpg,,Yamamoto Nutrition,Vitamines,YAM4501-200
53521,Ultra Casein Complex (2000 gr),21 g eiwitten per portie Bevat enkel Micellaire Caseïne eiwit Compleet aminozuurprofiel De ideale avond shake,out of stock,new,92.84 EUR,,https://thehealthhouse.nl/product/ultra-casein-complex-2000-gr/,https://thehealthhouse.nl/wp-content/uploads/2026/08/5386.jpg,,Yamamoto Nutrition,Eiwitten > Eiwitten Caseine,YAM1005
53523,Pro-GH Powder (612 gram) Fruit Punch,Ondersteunt gezonde endocriene balans Bevordert een optimale vasculaire respons Keto geschikt,out of stock,new,48.84 EUR,,https://thehealthhouse.nl/product/pro-gh-powder-612-gram-fruit-punch/,https://thehealthhouse.nl/wp-content/uploads/2026/08/5384.jpg,,NOW Foods,Nachtrust en herstel,NOW3006
53527,Big Noise (30 servings),Ondersteunt mentale focus Beter vascularisatie Extreme pomp,out of stock,new,48.84 EUR,,https://thehealthhouse.nl/product/big-noise-30-servings/,https://thehealthhouse.nl/wp-content/uploads/2026/08/5366.jpg,,Redcon1,Pre Workout,RED3003
53529,Tango (30 servings),Ondersteunt de ATP productie Toename van spierkracht Verbeterd uithouding/herstel vermogen,out of stock,new,43.34 EUR,,https://thehealthhouse.nl/product/tango-30-servings/,https://thehealthhouse.nl/wp-content/uploads/2026/08/5361.jpg,,Redcon1,Creatine,RED7001
53531,Silencer (120 Caps),Ondersteunt waterverlies Top stimulant-vrije vetverbrander Geformuleerd voor onderdrukking van eetlust,out of stock,new,54.34 EUR,,https://thehealthhouse.nl/product/silencer-120-caps/,https://thehealthhouse.nl/wp-content/uploads/2026/08/5357.jpg,,Redcon1,Fatburners,RED5201
53539,QuadraLean (150 Caps),QuadraLean van RSP is een 100% stimulant vrije formule voor gewichtsverlies. Kenmerken: Ondersteunt de afbraak van lichaamsvet * Ondersteunt thermogenese in bruin vetweefsel (slecht vet) * Remt de eetlust en ondersteunt stemmingsverbetering *,out of stock,new,43.34 EUR,,https://thehealthhouse.nl/product/quadralean-150-caps/,https://thehealthhouse.nl/wp-content/uploads/2026/08/5325.jpg,,RSP Nutrition,Fatburners,RSP5203
53543,L-Carnitine (120 Caps),Verbetert cellulaire energie Verbetert de atletische prestaties Stimulant vrij,out of stock,new,32.34 EUR,,https://thehealthhouse.nl/product/l-carnitine-120-caps/,https://thehealthhouse.nl/wp-content/uploads/2026/08/5321.jpg,,RSP Nutrition,Fatburners,RSP5201
53545,Liquid L-Carnitine 3000 (473 ml),3000mg per dosering Stimulant vrije formule 2 heerlijke smaken,out of stock,new,26.84 EUR,,https://thehealthhouse.nl/product/liquid-l-carnitine-3000-473-ml/,https://thehealthhouse.nl/wp-content/uploads/2026/08/5316.jpg,,RSP Nutrition,Fatburners,RSP5501
53559,Testo gH (120 caps),Ondersteunt testosteronniveaus Ondersteunt prestatieniveaus Maximale kracht Betere nachtrust,out of stock,new,32.34 EUR,,https://thehealthhouse.nl/product/testo-gh-120-caps/,https://thehealthhouse.nl/wp-content/uploads/2026/08/5274.jpg,,USN,Test boosters,USN8202
53561,Glucosamine & Chondroitin with MSM Liquid (473ml),750 mg Glucosamine 600 mg Chondroïtine 150 mg MSM Werkt zeer snel,out of stock,new,34.54 EUR,,https://thehealthhouse.nl/product/glucosamine-chondroitin-with-msm-liquid-473ml/,https://thehealthhouse.nl/wp-content/uploads/2026/08/5251.webp,,NOW Foods,Joints / Gewrichten,NOW4306
53567,Post Gear PCT Support (240 caps),Verhoging van testosteronniveau Ondersteund de leverfunctie Behoudt van spiermassa Gezond oestrogeenniveau,out of stock,new,70.84 EUR,,https://thehealthhouse.nl/product/post-gear-pct-support-240-caps/,https://thehealthhouse.nl/wp-content/uploads/2026/08/5236.jpg,,5% Nutrition,Test boosters,RPI4202
53569,"HyperAmino, 30 Servings","Verbeterd het herstel Krachtige ondersteuning van Energizer en antioxidanten Verhoogd het uithoudingsvermogen Anti-katabole &#038; anti-cortisol effecten. Lost zeer goed op.",out of stock,new,30.14 EUR,,https://thehealthhouse.nl/product/hyperamino-30-servings/,https://thehealthhouse.nl/wp-content/uploads/2026/08/5229.jpg,,Gaspari Nutrition,EAA,GSP3002
53579,Tasty Toscana Saus (300 ml),"Tasty Toscana saus zonder vet en suiker de nieuwe trend voor een gezonde voeding. Glutenvrij, lactosevrij, vegan en zonder aspartaam",out of stock,new,10.44 EUR,,https://thehealthhouse.nl/product/tasty-toscana-saus-300-ml/,https://thehealthhouse.nl/wp-content/uploads/2026/08/5201.jpg,,CALLOWFIT,Fit Sausjes,CAF9501-TTO
53585,1.000 Island Style Dressing (300 ml),"1.000 Island Style Dressing zonder vet en suiker de nieuwe trend voor een gezonde voeding. Glutenvrij, lactosevrij, vegan en zonder aspartaam",out of stock,new,10.44 EUR,,https://thehealthhouse.nl/product/1-000-island-style-dressing-300-ml/,https://thehealthhouse.nl/wp-content/uploads/2026/08/5194.jpg,,CALLOWFIT,Fit Sausjes,CAF9501-ISL
53593,Knocked The F*ck Out Legendary Series (204 gram),30Mg – 5-HTP 50Mg – L-tryptofaan 750Mg – GABA 750Mg – L-tyrosine Kruiden en aminozuren,out of stock,new,59.84 EUR,,https://thehealthhouse.nl/product/knocked-the-fck-out-legendary-series-204-gram/,https://thehealthhouse.nl/wp-content/uploads/2026/08/5184.jpg,,5% Nutrition,Nachtrust en herstel,RPI3004-1
53597,Sweet Sweat Coconut Gel (383 gram),"Versnelt opwarming en hersteltijd Pakt traag reagerende probleem gebieden en gebieden met een blessure aan Bevordert een extra toename van bloedcirculatie, zweten en motivatie Bestrijdt spiervermoeidheid en pijnlijke verwondingen zoals overbelasting van het scheenbeen, stijve/harde spieren en -overbelasting van spieren Heerlijke cocos geur",out of stock,new,70.84 EUR,,https://thehealthhouse.nl/product/sweet-sweat-coconut-gel-383-gram/,https://thehealthhouse.nl/wp-content/uploads/2026/08/5169.jpg,,Sports Research,Gear,T-SPR543-13
53599,Sweet Sweat Gel (383 gram),Sweet Sweat Gel in een royale verpakking van 383 gram.,out of stock,new,70.84 EUR,,https://thehealthhouse.nl/product/sweet-sweat-gel-383-gram/,https://thehealthhouse.nl/wp-content/uploads/2026/08/5167.jpg,,Sports Research,Gear,T-SPR541-13
53601,Sweet Sweat Gel (185 gram),Sweet Sweat Gel in een compacte verpakking van 185 gram.,out of stock,new,48.84 EUR,,https://thehealthhouse.nl/product/sweet-sweat-gel-185-gram/,https://thehealthhouse.nl/wp-content/uploads/2026/08/5165.jpg,,Sports Research,Gear,T-SPR541-6
53603,Sweet Sweat Stick 182 gram,"Versnelt opwarming en hersteltijd Pakt traag reagerende probleem gebieden en gebieden met een blessure aan Bevordert een extra toename van bloedcirculatie, zweten en motivatie Bestrijdt spiervermoeidheid en pijnlijke verwondingen zoals overbelasting van het scheenbeen, stijve/harde spieren en -overbelasting van spieren Handige stick",out of stock,new,48.84 EUR,,https://thehealthhouse.nl/product/sweet-sweat-stick-182-gram/,https://thehealthhouse.nl/wp-content/uploads/2026/08/5163.jpg,,Sports Research,Gear,T-SPR542-6-OR
53609,KetoAsalt BHB Salts (252 gram),"5% Nutrition heeft de nieuwe KetoAsalt geformuleerd om uw lichaam ketose sneller te laten bereiken en voor degenen die reeds in ketose zijn, uw ketogene toestand te behouden. Kenmerken: 11 g BHB zouten per portie versnelt het proces om je lichaam in ketose te brengen Heerlijke Cherry Limeade-smaak",out of stock,new,59.84 EUR,,https://thehealthhouse.nl/product/ketoasalt-bhb-salts-252-gram/,https://thehealthhouse.nl/wp-content/uploads/2026/08/5152.jpg,,5% Nutrition,Fatburners,RPI5001
53611,Carnitine 1000 (90 tabs),Geschikt voor mannen en vrouwen 1000 mg per tablet 1 tot 2 maanden verpakking Zeer geliefd bij uithoudingssporten,out of stock,new,26.84 EUR,,https://thehealthhouse.nl/product/carnitine-1000-90-tabs/,https://thehealthhouse.nl/wp-content/uploads/2026/08/5126.jpg,,Yamamoto Nutrition,Fatburners,YAM5101
53613,Glutamine Pro Kyowa® Quality (200 tabs),Zuiverste kwaliteit verkrijgbaar Kyowa® Quality 1000mg per tablet Makkelijk mee te nemen,out of stock,new,32.34 EUR,,https://thehealthhouse.nl/product/glutamine-pro-kyowa-quality-200-tabs/,https://thehealthhouse.nl/wp-content/uploads/2026/08/5120.jpg,,Yamamoto Nutrition,Glutamine,YAM3201-200
53615,Ultra B-Complex (60 caps),"bescherming van cellulaire structuren tegen oxidatieve stress (vitamine B2) normale functie van het immuunsysteem (vitamine B12, foliumzuur) vermindering van vermoeidheid (niacine) normaal zenuw- en psychisch functioneren (vitamine B6) Normaal energiemetabolisme (vitamine B1",out of stock,new,15.84 EUR,,https://thehealthhouse.nl/product/ultra-b-complex-60-caps/,https://thehealthhouse.nl/wp-content/uploads/2026/08/5116.jpg,,Yamamoto Nutrition,Vitamines,YAM4201
53617,Arginine PRO Cambridge Assured™ (240 tabs),2000mg per dosering Gefermenteerde L-Arginine Nitric oxide (NO) precursor Verkrijgbaar in 80/240 tabletten,out of stock,new,37.84 EUR,,https://thehealthhouse.nl/product/arginine-pro-cambridge-assured-240-tabs/,https://thehealthhouse.nl/wp-content/uploads/2026/08/5110.jpg,,Yamamoto Nutrition,Pump,YAM3201-240
53619,ZMA PRO (120 caps),Verbeterde spiergroei en herstel Krachtstoename Ondersteuning afweersysteem Meer energie Zorgt voor een diepere slaap en verbeterde nachtrust,out of stock,new,19.14 EUR,,https://thehealthhouse.nl/product/zma-pro-120-caps/,https://thehealthhouse.nl/wp-content/uploads/2026/08/5106.jpg,,Yamamoto Nutrition,ZMA,YAM8201
53621,BCAA POWDER 8:1:1 (300 gram),Uiterst efficiënte verhouding 8:1:1 Hoog in L-Leucine 4000mg Hardcore formule 60 doseringen,out of stock,new,34.54 EUR,,https://thehealthhouse.nl/product/bcaa-powder-811-300-gram/,https://thehealthhouse.nl/wp-content/uploads/2026/08/5103.jpg,,Yamamoto Nutrition,EAA,YAM3002
53629,Jetfuel® Diuretic (90 caps),"Negen botanische extracten die helpen bij de uitdrijving van vocht, waaronder paardenbloem, venkel, peterselie en biet. * Calcium en kalium (elektrolyten) zijn toegevoegd om deze te vervangen die verloren zijn gegaan door vochtverlies. * MCT&#8217;s gedistilleerd uit kokosolie om de efficiënte levering van actieve ingrediënten te bevorderen. Perfecte om te combineren met andere thermogene producten.",out of stock,new,48.84 EUR,,https://thehealthhouse.nl/product/jetfuel-diuretic-90-caps/,https://thehealthhouse.nl/wp-content/uploads/2026/08/5079.jpg,,GAT Sport,Fatburners,GAT5201
53651,All Day You May Caffeinated 10:1:1 BCAA (500 gram),"6 g BCAA&#8217;s met een 10: 1: 1 verhouding Met o.a.. creatine, aminozuren en glucosamine Verbetert energie en uithoudingsvermogen Gebruik voor, tijdens, na training of gedurende de dag.",out of stock,new,54.34 EUR,,https://thehealthhouse.nl/product/all-day-you-may-caffeinated-1011-bcaa-500-gram/,https://thehealthhouse.nl/wp-content/uploads/2026/08/5003.jpg,,5% Nutrition,EAA,RPI3007
53653,L-Arginine 3000mg (90 tabs),Bevordert uithoudingsvermogen en prestaties Ondersteunt seksuele gezondheid Ondersteunt vasculaire gezondheid Ondersteunt de synthese van spiereiwitten.† Ondersteunt vasodilatatie om de bloedstroom te verbeteren Speelt een rol bij de gezondheid van het hart,out of stock,new,37.84 EUR,,https://thehealthhouse.nl/product/l-arginine-3000mg-90-tabs/,https://thehealthhouse.nl/wp-content/uploads/2026/08/4983.jpg,,Natrol,Pump,NAT3101
53655,5-HTP – Maximum Strength 200mg (60 Vcaps),"200 mg 5-HTP Voorloper van serotonine 60 Vcap per verpakking, voor 60 dagen",out of stock,new,23.54 EUR,,https://thehealthhouse.nl/product/5-htp-maximum-strength-200mg-60-vcaps/,https://thehealthhouse.nl/wp-content/uploads/2026/08/4981.jpg,,Swanson,Nachtrust en herstel,SWS4301
53681,ZMA Pro (180 caps),"180 capsules 10,5mg Vitamine B6 450mg Magnesium 30mg Zink",out of stock,new,59.84 EUR,,https://thehealthhouse.nl/product/zma-pro-180-caps/,https://thehealthhouse.nl/wp-content/uploads/2026/08/4945.jpg,,Universal Nutrition,ZMA,UNI8201-180
53703,"Official Mutant Shakebeker, 1000ml",BPA-vrij Perfecte grip Luchtige shakes zonder klontjes Inhoud 1000ml DEHP-vrij,out of stock,new,13.64 EUR,,https://thehealthhouse.nl/product/official-mutant-shakebeker-1000ml/,https://thehealthhouse.nl/wp-content/uploads/2026/08/4839.jpg,,Mutant,Gear,A-MUT501
53719,Drink Sleep Grow (444 gram),"Bevat alle essentiële aminozuren. Bevordert de eiwitsynthese, zelfs terwijl u slaapt. Biedt ook voordelen voor gewrichtsondersteuning en IGF-1-herstel.",out of stock,new,59.84 EUR,,https://thehealthhouse.nl/product/drink-sleep-grow-444-gram/,https://thehealthhouse.nl/wp-content/uploads/2026/08/4731.jpg,,5% Nutrition,EAA,RPI3003
53723,Cholesterol Support (90 Vcaps),"Cardiovasculaire gezondheid Ondersteunt gezonde cholesterolwaarden al binnen het normale bereik Policosanol, Tocotrienols, Guggul en Garlic",out of stock,new,32.34 EUR,,https://thehealthhouse.nl/product/cholesterol-support-90-vcaps/,https://thehealthhouse.nl/wp-content/uploads/2026/08/4694.webp,,NOW Foods,Gezondheidsproducten,NOW4507
53733,Snickers Hi-Protein Bars (12x55g) Original,"20 gram eiwit per eiwitreep! Boordevol pinda’s, karamel en nougat 12 Snickers eiwitrepen per doos",out of stock,new,43.34 EUR,,https://thehealthhouse.nl/product/snickers-hi-protein-bars-12x55g-original/,https://thehealthhouse.nl/wp-content/uploads/2026/08/4676.jpg,,Mars Protein,Eiwitrepen > Eiwitten,MRS9502
53745,Animal Fury (20 Servings),Pre-Workout 5g BCAA 6g Citrulline Malate Verkrijgbaar in verschillende frisse smaken,out of stock,new,48.84 EUR,,https://thehealthhouse.nl/product/animal-fury-20-servings/,https://thehealthhouse.nl/wp-content/uploads/2026/08/4572.jpg,,Universal Nutrition,Pre Workout,UNI3007
53771,Cystone (60 tabs)(india),Cystone helpt bij het veilig en voorzichtig doorspoelen van de urinewegen Cystone behoudt een reguliere samenstelling van de urine Cystone bevordert reguliere gezonde nieren Cystone bevordert reguliere gezonde urinewegen,out of stock,new,19.14 EUR,,https://thehealthhouse.nl/product/cystone-60-tabsindia/,https://thehealthhouse.nl/wp-content/uploads/2026/08/4419.jpg,,Himalaya,Liver Support,HIM4202-60
53809,Natrol DHEA 25mg (300 tabs),25mg per tablet Ondersteund de algehele gezondheid Voor mannen en vrouwen Voordeelverpakking 300 tabs,out of stock,new,70.84 EUR,,https://thehealthhouse.nl/product/natrol-dhea-25mg-300-tabs/,https://thehealthhouse.nl/wp-content/uploads/2026/08/4320.jpg,,Natrol,Test boosters,NAT8202-300
53813,Shaker Bottle Universal,"Deze Universal Shake beker maakt het mogelijk. Deze shaker bevat een speciaal shake-element waarmee je in slechts een paar seconden, een heerlijke romige shake kunt maken!",out of stock,new,14.74 EUR,,https://thehealthhouse.nl/product/shaker-bottle-universal/,https://thehealthhouse.nl/wp-content/uploads/2026/08/4262.jpg,,Universal Nutrition,Gear,A-UNI902
53819,Tribulus Extreme (90 Vcaps),Man prestaties Formule * Bevordert een gezonde seksuele functie * Energie en vitaliteit *,out of stock,new,43.34 EUR,,https://thehealthhouse.nl/product/tribulus-extreme-90-vcaps/,https://thehealthhouse.nl/wp-content/uploads/2026/08/4256.jpg,,NOW Foods,Test boosters,NOW8103
53821,Adrenal Stress Support (90 Veg caps),Voorheen Super Cortisol Support Ondersteunt een gezonde bijnierrespons Eetlustbeheersing Veganistisch Glutenvrij,out of stock,new,43.34 EUR,,https://thehealthhouse.nl/product/adrenal-stress-support-90-veg-caps/,https://thehealthhouse.nl/wp-content/uploads/2026/08/4254.webp,,NOW Foods,Gezondheidsproducten,NOW4139
53827,Rhodiola 500 mg (60 Vcaps),Rhodiola van Now Foods bevat een sterk Rhodiola-extract dat uitstekend door het lichaam wordt opgenomen.,out of stock,new,43.34 EUR,,https://thehealthhouse.nl/product/rhodiola-500-mg-60-vcaps/,https://thehealthhouse.nl/wp-content/uploads/2026/08/4244.webp,,NOW Foods,Vitamines,NOW4137
53831,Probiotic Defense (90 Veggi Caps),"Gezonde darmflora 1 miljard organismen, inclusief bodemorganismen Hoeft niet gekoeld bewaard te worden",out of stock,new,43.34 EUR,,https://thehealthhouse.nl/product/probiotic-defense-90-veggi-caps/,https://thehealthhouse.nl/wp-content/uploads/2026/08/4238.webp,,NOW Foods,Gezondheidsproducten,NOW4135
53871,Dipping Belt,Door middel van de dipriem en met behulp van halterschijven worden dip en chin oefeningen zwaarder gemaakt.,out of stock,new,32.34 EUR,,https://thehealthhouse.nl/product/dipping-belt/,https://thehealthhouse.nl/wp-content/uploads/2026/08/4177.jpg,,CHIBA Fitness,Gear,T-CBI106
53895,Vitamin B-100 (100 Vcaps),B-Complex voor maximale effectiviteit Ondersteunt energieproductie* 100 Vegetarische capsules,out of stock,new,32.34 EUR,,https://thehealthhouse.nl/product/vitamin-b-100-100-vcaps/,https://thehealthhouse.nl/wp-content/uploads/2026/08/4078.jpg,,NOW Foods,Vitamines,NOW4117
53913,Easy Cleanse™ AM PM (120 Veg Caps),Eenvoudig programma van 15 dagen Zachte reinigingsformule * Ondersteunt spijsvertering en metabolische gezondheid * Ondersteunt een gezond spijsverteringssysteem * Helpt bij het elimineren van gifstoffen * Ondersteunt een gezonde eliminatie * Ondersteunt regelmaat * AM – 60 plantaardige capsules PM – 60 plantaardige capsules,out of stock,new,32.34 EUR,,https://thehealthhouse.nl/product/easy-cleanse-am-pm-120-veg-caps/,https://thehealthhouse.nl/wp-content/uploads/2026/08/4016.jpg,,NOW Foods,Liver Support,NOW4115
53921,Natrol DHEA 50mg (60 tabs),Eigenschappen Natrol DHEA 50mg: 50mg per capsulle Ondersteund de algehele gezondheid Voor mannnen en vrouwen,out of stock,new,32.34 EUR,,https://thehealthhouse.nl/product/natrol-dhea-50mg-60-tabs/,https://thehealthhouse.nl/wp-content/uploads/2026/08/3987.jpg,,Natrol,Test boosters,NAT8201
53935,Mutant Amino (300 tabl),BCAA-tabletten in een ruime verpakking van 300 tabletten voor je trainingsroutine.,out of stock,new,32.34 EUR,,https://thehealthhouse.nl/product/mutant-amino-300-tabl/,https://thehealthhouse.nl/wp-content/uploads/2026/08/3959.jpg,,Mutant,EAA,MTA3203-300
53937,Pro WristWrap Gloves,De Pro WristWrap Gloves is een fitness handschoen die je maximale ondersteuning en flexibiliteit biedt tijdens het deadliften of liften van zware dumbbells.,out of stock,new,37.84 EUR,,https://thehealthhouse.nl/product/pro-wristwrap-gloves/,https://thehealthhouse.nl/wp-content/uploads/2026/08/3875.jpg,,Harbinger Fitness,Gear,T-HBI213
53959,Animal PM (30 packs),"Helpt bij het bevorderen van een efficiëntere en rustgevende slaap Verhoogt op natuurlijke wijze GH en verbetert het spierherstel Niet-verslavende, volledig natuurlijke formule met melatonine",out of stock,new,92.84 EUR,,https://thehealthhouse.nl/product/animal-pm-30-packs/,https://thehealthhouse.nl/wp-content/uploads/2026/08/3818.jpg,,Universal Nutrition,Nachtrust en herstel,UNI3204
53985,Animal Pump (30 packs),Cel volume Creatine Matrix Pomptransport Complex NO Blast Complex Energie complex,out of stock,new,87.34 EUR,,https://thehealthhouse.nl/product/animal-pump-30-packs/,https://thehealthhouse.nl/wp-content/uploads/2026/08/3682.jpg,,Universal Nutrition,Pre Workout,UNI3301
53987,WLH,"Recommended for pull-ups, dead lifts and shrugs, Helps prevent hand fatigue, Neoprene padded heavy duty woven strap for comfort and durability,Steel hook with rugged fabric covering, Metal D-ring adjustable closure",out of stock,new,36.74 EUR,,https://thehealthhouse.nl/product/wlh/,https://thehealthhouse.nl/wp-content/uploads/2026/08/3709.jpg,,Valeo (ocelot),Gear,T-VAL701
54001,ZMA Pro (90 caps),"90 capsules 10,5 mg Vitamine B6 450 mg Magnesium 30 mg Zink",out of stock,new,37.84 EUR,,https://thehealthhouse.nl/product/zma-pro-90-caps/,https://thehealthhouse.nl/wp-content/uploads/2026/08/3625.jpg,,Universal Nutrition,ZMA,UNI8201-90
54003,Super Cuts 3 (130 tabs),"Voedingssupplement Vet metaboliserende formule Verbeterd met L-Carnitine &#038; Groene thee-extract",out of stock,new,37.84 EUR,,https://thehealthhouse.nl/product/super-cuts-3-130-tabs/,https://thehealthhouse.nl/wp-content/uploads/2026/08/3597.jpg,,Universal Nutrition,Fatburners,UNI5211
54005,Buffered Vitamin C 1000 (100 tabs),"Hoge dosering Bioflavonoïden en rozenbottel Gebufferde vitamine C, dus maagvriendelijk! Time realeased Vitamine C Belangrijk bij sport en dieet 100 dagen verpakking",out of stock,new,32.34 EUR,,https://thehealthhouse.nl/product/buffered-vitamin-c-1000-100-tabs/,https://thehealthhouse.nl/wp-content/uploads/2026/08/3586.jpg,,Universal Nutrition,Vitamines,UNI4210
54011,Vitamin B-Complex (100 tabs),Ondersteunt de gezondheid van hart en zenuwstelsel Verbetert het energiemetabolisme Ondersteunt de gezondheid van het immuunsysteem 100 tabletten,out of stock,new,24.64 EUR,,https://thehealthhouse.nl/product/vitamin-b-complex-100-tabs/,https://thehealthhouse.nl/wp-content/uploads/2026/08/3571.jpg,,Universal Nutrition,Vitamines,UNI4003
54019,Amino 1900 (300 Tabs),Amino 1900 in tabletvorm — 300 tabletten voor sporters die amino’s verkiezen.,out of stock,new,54.34 EUR,,https://thehealthhouse.nl/product/amino-1900-300-tabs/,https://thehealthhouse.nl/wp-content/uploads/2026/08/3489.jpg,,Universal Nutrition,EAA,UNI3003-3
56019,Applied Nutrition AN Hydration+,Applied Nutrition AN Hydration+,out of stock,new,30.79 EUR,,https://thehealthhouse.nl/product/applied-nutrition-an-hydration/,https://thehealthhouse.nl/wp-content/uploads/2026/08/live-ap0423.png,,Applied Nutrition,Duursport > Elektrolyten,
56027,Applied Nutrition Pure Creatine Gummies,Applied Nutrition Pure Creatine Gummies,out of stock,new,24.19 EUR,,https://thehealthhouse.nl/product/applied-nutrition-pure-creatine-gummies/,https://thehealthhouse.nl/wp-content/uploads/2026/08/live-ap0419.png,,Applied Nutrition,Creatine > Creatine monohydraat,
56035,Cellucor COR Performance Flavored Creatine,Cellucor COR Performance Flavored Creatine,out of stock,new,21.99 EUR,,https://thehealthhouse.nl/product/cellucor-cor-performance-flavored-creatine/,https://thehealthhouse.nl/wp-content/uploads/2026/08/live-c40062.png,,Cellucor,Creatine > Creatine monohydraat,
56097,ESN Isoclear Vegan Protein – 420 gram,ESN Isoclear Vegan Protein – 420 gram,out of stock,new,21.99 EUR,,https://thehealthhouse.nl/product/esn-isoclear-vegan-protein-420-gram/,https://thehealthhouse.nl/wp-content/uploads/2026/08/live-esn0026.png,,ESN,Clear whey > Eiwitten,ESN0026
56101,Dope! Metal Waterjug – 2200 ml,Dope! Metal Waterjug – 2200 ml,out of stock,new,21.99 EUR,,https://thehealthhouse.nl/product/dope-metal-waterjug-2200-ml/,https://thehealthhouse.nl/wp-content/uploads/2026/08/live-dope0007.png,,Dope!,Accessoires / Shakers,DOPE0007
56149,Quamtrax Pure Creatine,Quamtrax Pure Creatine,out of stock,new,13.19 EUR,,https://thehealthhouse.nl/product/quamtrax-pure-creatine/,https://thehealthhouse.nl/wp-content/uploads/2026/08/live-qn0486.png,,Quamtrax,Creatine > Creatine monohydraat,
56199,EAA – 296 g,EAA – 296 g,out of stock,new,27.49 EUR,,https://thehealthhouse.nl/product/eaa-296-g/,https://thehealthhouse.nl/wp-content/uploads/2026/08/live-xt0021.png,,The Health House,Aminozuren > EAA,XT0021
56201,The Original BCAA – 456 g,The Original BCAA – 456 g,out of stock,new,27.49 EUR,,https://thehealthhouse.nl/product/the-original-bcaa-456-g/,https://thehealthhouse.nl/wp-content/uploads/2026/08/live-xt0016.png,,The Health House,Aminozuren > BCAA,XT0016
56301,Quamtrax Isopro CFM,Quamtrax Isopro CFM,out of stock,new,38.49 EUR,,https://thehealthhouse.nl/product/quamtrax-isopro-cfm/,https://thehealthhouse.nl/wp-content/uploads/2026/08/live-qn0485.png,,Quamtrax,Eiwitten > Eiwitten Isolaat,
56325,Nutrend Flexit Gold Drink,Nutrend Flexit Gold Drink,out of stock,new,21.99 EUR,,https://thehealthhouse.nl/product/nutrend-flexit-gold-drink/,https://thehealthhouse.nl/wp-content/uploads/2026/08/live-nu0216.png,,Nutrend,"Botten &amp; gewrichten > Gezondheidsproducten",
56339,Cellucor C4 Original Shot,Cellucor C4 Original Shot,out of stock,new,27.49 EUR,,https://thehealthhouse.nl/product/cellucor-c4-original-shot/,https://thehealthhouse.nl/wp-content/uploads/2026/08/live-c40057.png,,Cellucor,Pre Workout > Pre-workout shots,
56367,Applied Nutrition Pump 3G,Applied Nutrition Pump 3G,out of stock,new,26.39 EUR,,https://thehealthhouse.nl/product/applied-nutrition-pump-3g/,https://thehealthhouse.nl/wp-content/uploads/2026/08/live-ap0440.png,,Applied Nutrition,Pre Workout > Pre-workout zonder cafeïne,
56385,Rabeko Zero Speculoos – 20 x 10 g,Rabeko Zero Speculoos – 20 x 10 g,out of stock,new,4.39 EUR,,https://thehealthhouse.nl/product/rabeko-zero-speculoos-20-x-10-g/,https://thehealthhouse.nl/wp-content/uploads/2026/08/live-rk0036.png,,Rabeko,Caloriearm > Gewichtsbeheersing > Snacks,RK0036
56389,Applied Nutrition ISO-XP,Applied Nutrition ISO-XP,out of stock,new,76.99 EUR,,https://thehealthhouse.nl/product/applied-nutrition-iso-xp/,https://thehealthhouse.nl/wp-content/uploads/2026/08/live-ap0008.png,,Applied Nutrition,Eiwitten > Eiwitten Isolaat,
56403,Applied Nutrition Carb X,Applied Nutrition Carb X,out of stock,new,28.59 EUR,,https://thehealthhouse.nl/product/applied-nutrition-carb-x/,https://thehealthhouse.nl/wp-content/uploads/2026/08/live-ap0089.png,,Applied Nutrition,Duursport > Koolhydraten,
56405,Applied Nutrition Critical Mass,Applied Nutrition Critical Mass,out of stock,new,38.49 EUR,,https://thehealthhouse.nl/product/applied-nutrition-critical-mass/,https://thehealthhouse.nl/wp-content/uploads/2026/08/live-ap0135.png,,Applied Nutrition,Eiwitten > Weightgainers,
56411,Applied Nutrition Critical Mass Original,Applied Nutrition Critical Mass Original,out of stock,new,49.48 EUR,,https://thehealthhouse.nl/product/applied-nutrition-critical-mass-original/,https://thehealthhouse.nl/wp-content/uploads/2026/08/live-ap0144.png,,Applied Nutrition,Eiwitten > Weightgainers,
56415,Applied Nutrition Diet Whey Protein,Applied Nutrition Diet Whey Protein,out of stock,new,30.24 EUR,,https://thehealthhouse.nl/product/applied-nutrition-diet-whey-protein/,https://thehealthhouse.nl/wp-content/uploads/2026/08/live-ap0174.png,,Applied Nutrition,Eiwitten > Whey eiwit,
56419,Applied Nutrition Shred X,Applied Nutrition Shred X,out of stock,new,38.49 EUR,,https://thehealthhouse.nl/product/applied-nutrition-shred-x/,https://thehealthhouse.nl/wp-content/uploads/2026/08/live-ap0295.png,,Applied Nutrition,Afslanksupplementen > Gewichtsbeheersing,
56423,Applied Nutrition Flavoured Creatine Monohydrate,Applied Nutrition Flavoured Creatine Monohydrate,out of stock,new,21.99 EUR,,https://thehealthhouse.nl/product/applied-nutrition-flavoured-creatine-monohydrate/,https://thehealthhouse.nl/wp-content/uploads/2026/08/live-ap0359.png,,Applied Nutrition,Creatine > Creatine monohydraat,
56425,Applied Nutrition Collagen Powder,Applied Nutrition Collagen Powder,out of stock,new,21.99 EUR,,https://thehealthhouse.nl/product/applied-nutrition-collagen-powder/,https://thehealthhouse.nl/wp-content/uploads/2026/08/live-ap0362.png,,Applied Nutrition,"Botten &amp; gewrichten > Collageen > Gezondheidsproducten",
56453,Barebells Protein Milkshake Drinks,Barebells Protein Milkshake Drinks,out of stock,new,27.49 EUR,,https://thehealthhouse.nl/product/barebells-protein-milkshake-drinks/,https://thehealthhouse.nl/wp-content/uploads/2026/08/live-bb0012.png,,Barebells,Dranken > Eiwitten > Ready to drink eiwit,
56481,Barebells Fast Food,Barebells Fast Food,out of stock,new,16.49 EUR,,https://thehealthhouse.nl/product/barebells-fast-food/,https://thehealthhouse.nl/wp-content/uploads/2026/08/live-bb0049.png,,Barebells,Voeding,
56485,Barebells Clear Whey – 350 gram,Barebells Clear Whey – 350 gram,out of stock,new,43.99 EUR,,https://thehealthhouse.nl/product/barebells-clear-whey-350-gram/,https://thehealthhouse.nl/wp-content/uploads/2026/08/live-bb0057.png,,Barebells,Clear whey > Eiwitten,BB0057
56489,Cellucor C4 Original,Cellucor C4 Original,out of stock,new,27.49 EUR,,https://thehealthhouse.nl/product/cellucor-c4-original/,https://thehealthhouse.nl/wp-content/uploads/2026/08/live-c40005.png,,Cellucor,Pre Workout > Pre-workout met cafeïne,
56501,Cellucor C4 Ultimate,Cellucor C4 Ultimate,out of stock,new,38.49 EUR,,https://thehealthhouse.nl/product/cellucor-c4-ultimate/,https://thehealthhouse.nl/wp-content/uploads/2026/08/live-c40042.png,,Cellucor,Pre Workout > Pre-workout met cafeïne,
56503,Dope! Creatine Monohydrat – 500 gram,Dope! Creatine Monohydrat – 500 gram,out of stock,new,21.99 EUR,,https://thehealthhouse.nl/product/dope-creatine-monohydrat-500-gram/,https://thehealthhouse.nl/wp-content/uploads/2026/08/live-dope0009.png,,Dope!,Creatine > Creatine monohydraat,DOPE0009
56509,ESN Crank Pump Pro,ESN Crank Pump Pro,out of stock,new,41.79 EUR,,https://thehealthhouse.nl/product/esn-crank-pump-pro/,https://thehealthhouse.nl/wp-content/uploads/2026/08/live-esn0015.png,,ESN,Pre Workout > Pre-workout zonder cafeïne,
56527,Ghost Whey,Ghost Whey,out of stock,new,49.50 EUR,,https://thehealthhouse.nl/product/ghost-whey/,https://thehealthhouse.nl/wp-content/uploads/2026/08/live-ghost0006.png,,Ghost,Eiwitten > Whey eiwit,
56589,NOCCO BCAA Drink,NOCCO BCAA Drink,out of stock,new,27.49 EUR,,https://thehealthhouse.nl/product/nocco-bcaa-drink/,https://thehealthhouse.nl/wp-content/uploads/2026/08/live-no0013.png,,NOCCO,Aminozuurdrank > Dranken > Energiedrank,
56633,Nutrend Mass Gain,Nutrend Mass Gain,out of stock,new,38.49 EUR,,https://thehealthhouse.nl/product/nutrend-mass-gain/,https://thehealthhouse.nl/wp-content/uploads/2026/08/live-nu0082.png,,Nutrend,Eiwitten > Weightgainers,
56647,Nutrend Hydro Whey,Nutrend Hydro Whey,out of stock,new,49.48 EUR,,https://thehealthhouse.nl/product/nutrend-hydro-whey/,https://thehealthhouse.nl/wp-content/uploads/2026/08/live-nu0144.png,,Nutrend,Eiwitten > Whey eiwit,
56663,Nutrend Whey Core,Nutrend Whey Core,out of stock,new,49.48 EUR,,https://thehealthhouse.nl/product/nutrend-whey-core/,https://thehealthhouse.nl/wp-content/uploads/2026/08/live-nu0181.png,,Nutrend,Eiwitten > Whey eiwit,
56665,Nutrend Mass Core,Nutrend Mass Core,out of stock,new,54.99 EUR,,https://thehealthhouse.nl/product/nutrend-mass-core/,https://thehealthhouse.nl/wp-content/uploads/2026/08/live-nu0214.png,,Nutrend,Eiwitten > Weightgainers,
56667,Nutrend Flexit Drink,Nutrend Flexit Drink,out of stock,new,21.99 EUR,,https://thehealthhouse.nl/product/nutrend-flexit-drink/,https://thehealthhouse.nl/wp-content/uploads/2026/08/live-nu0215.png,,Nutrend,"Botten &amp; gewrichten > Gezondheidsproducten",
56691,PEScience High Volume,PEScience High Volume,out of stock,new,41.79 EUR,,https://thehealthhouse.nl/product/pescience-high-volume/,https://thehealthhouse.nl/wp-content/uploads/2026/08/live-ps0010.png,,PEScience,Pre Workout > Pre-workout zonder cafeïne,
56813,RAW CBUM Thavage Pre Workout,RAW CBUM Thavage Pre Workout,out of stock,new,49.50 EUR,,https://thehealthhouse.nl/product/raw-cbum-thavage-pre-workout/,https://thehealthhouse.nl/wp-content/uploads/2026/08/live-raw0004.png,,RAW,Pre Workout > Pre-workout met cafeïne,
56883,Applied Nutrition Turk X – 60 capsules,Applied Nutrition Turk X – 60 capsules,out of stock,new,25.29 EUR,,https://thehealthhouse.nl/product/applied-nutrition-turk-x-60-capsules/,https://thehealthhouse.nl/wp-content/uploads/2026/08/live-ap0343.png,,Applied Nutrition,Gezondheidsproducten > Kruidenextracten,AP0343
56885,Applied Nutrition Vitamin B Complex – 90 capsules,Applied Nutrition Vitamin B Complex – 90 capsules,out of stock,new,16.49 EUR,,https://thehealthhouse.nl/product/applied-nutrition-vitamin-b-complex-90-capsules/,https://thehealthhouse.nl/wp-content/uploads/2026/08/live-ap0058.png,,Applied Nutrition,Vitamine B > Vitamines,AP0058
56887,Himalaya Liv.52 – 100 tabletten,Himalaya Liv.52 – 100 tabletten,out of stock,new,13.19 EUR,,https://thehealthhouse.nl/product/himalaya-liv-52-100-tabletten/,https://thehealthhouse.nl/wp-content/uploads/2026/08/live-hm0001.png,,Himalaya,Gezondheidsproducten > Organen,HM0001
56889,Nutrend Beta-Alanine Compressed Caps – 90 capsules,Nutrend Beta-Alanine Compressed Caps – 90 capsules,out of stock,new,16.49 EUR,,https://thehealthhouse.nl/product/nutrend-beta-alanine-compressed-caps-90-capsules/,https://thehealthhouse.nl/wp-content/uploads/2026/08/live-nu0132.png,,Nutrend,Actieve ingrediënten > Pre Workout,NU0132
56891,Nutrend Glutamine,Nutrend Glutamine,out of stock,new,18.69 EUR,,https://thehealthhouse.nl/product/nutrend-glutamine/,https://thehealthhouse.nl/wp-content/uploads/2026/08/live-nu0143.png,,Nutrend,Aminozuren > Glutamine,
56895,Nutrend Taurine – 120 capsules,Nutrend Taurine – 120 capsules,out of stock,new,14.29 EUR,,https://thehealthhouse.nl/product/nutrend-taurine-120-capsules/,https://thehealthhouse.nl/wp-content/uploads/2026/08/live-nu0089.png,,Nutrend,Actieve ingrediënten > Pre Workout,NU0089
56899,Quamtrax Creatine,Quamtrax Creatine,out of stock,new,16.49 EUR,,https://thehealthhouse.nl/product/quamtrax-creatine/,https://thehealthhouse.nl/wp-content/uploads/2026/08/live-qn0121.png,,Quamtrax,Creatine > Creatine monohydraat,
56913,Nutrend Thermoboosters Compressed Caps – 60 capsules,Nutrend Thermoboosters Compressed Caps – 60 capsules,out of stock,new,21.99 EUR,,https://thehealthhouse.nl/product/nutrend-thermoboosters-compressed-caps-60-capsules/,https://thehealthhouse.nl/wp-content/uploads/2026/08/live-nu0090.png,,Nutrend,Afslanksupplementen > Gewichtsbeheersing,NU0090
56925,Applied Nutrition ABE Jug – 2500 ml,Applied Nutrition ABE Jug – 2500 ml,out of stock,new,10.99 EUR,,https://thehealthhouse.nl/product/applied-nutrition-abe-jug-2500-ml/,https://thehealthhouse.nl/wp-content/uploads/2026/08/live-ap0353.png,,Applied Nutrition,Accessoires / Shakers,AP0353
56927,Applied Nutrition Creatine Monohydrate,Applied Nutrition Creatine Monohydrate,out of stock,new,21.99 EUR,,https://thehealthhouse.nl/product/applied-nutrition-creatine-monohydrate/,https://thehealthhouse.nl/wp-content/uploads/2026/08/live-ap0126.png,,Applied Nutrition,Creatine > Creatine monohydraat,
56929,Applied Nutrition Digestive Enzyme – 60 capsules,Applied Nutrition Digestive Enzyme – 60 capsules,out of stock,new,21.99 EUR,,https://thehealthhouse.nl/product/applied-nutrition-digestive-enzyme-60-capsules/,https://thehealthhouse.nl/wp-content/uploads/2026/08/live-ap0190.png,,Applied Nutrition,Enzymen > Gezondheidsproducten,AP0190
56931,Applied Nutrition L-Citrulline 1500 – 120 capsules,Applied Nutrition L-Citrulline 1500 – 120 capsules,out of stock,new,16.49 EUR,,https://thehealthhouse.nl/product/applied-nutrition-l-citrulline-1500-120-capsules/,https://thehealthhouse.nl/wp-content/uploads/2026/08/live-ap0245.png,,Applied Nutrition,Actieve ingrediënten > Pre Workout,AP0245
56933,Applied Nutrition L-Glutamine Powder,Applied Nutrition L-Glutamine Powder,out of stock,new,16.49 EUR,,https://thehealthhouse.nl/product/applied-nutrition-l-glutamine-powder/,https://thehealthhouse.nl/wp-content/uploads/2026/08/live-ap0247.png,,Applied Nutrition,Aminozuren > Glutamine,
56941,Quamtrax L-Glutamine,Quamtrax L-Glutamine,out of stock,new,21.99 EUR,,https://thehealthhouse.nl/product/quamtrax-l-glutamine/,https://thehealthhouse.nl/wp-content/uploads/2026/08/live-qn0262.png,,Quamtrax,Aminozuren > Glutamine,
56947,Quamtrax Vitamin D3 – 60 capsules,Quamtrax Vitamin D3 – 60 capsules,out of stock,new,11.00 EUR,,https://thehealthhouse.nl/product/quamtrax-vitamin-d3-60-capsules/,https://thehealthhouse.nl/wp-content/uploads/2026/08/live-qn0408.png,,Quamtrax,Vitamine D > Vitamines,QN0408
56979,Applied Nutrition Critical Greens – 250,Applied Nutrition Critical Greens – 250,out of stock,new,21.99 EUR,,https://thehealthhouse.nl/product/applied-nutrition-critical-greens-250/,https://thehealthhouse.nl/wp-content/uploads/2026/08/live-ap0129.png,,Applied Nutrition,Gezondheidsproducten > Greens,AP0129
57017,Applied Nutrition ABE Gym Towel,Applied Nutrition ABE Gym Towel,out of stock,new,10.99 EUR,,https://thehealthhouse.nl/product/applied-nutrition-abe-gym-towel/,https://thehealthhouse.nl/wp-content/uploads/2026/08/live-ap0354.png,,Applied Nutrition,Accessoires / Shakers > Sporthanddoeken,AP0354
57097,ESN Crank Focus Pro 2.0 – 300 gram,ESN Crank Focus Pro 2.0 – 300 gram,out of stock,new,49.50 EUR,,https://thehealthhouse.nl/product/esn-crank-focus-pro-2-0-300-gram/,https://thehealthhouse.nl/wp-content/uploads/2026/08/live-esn0016.png,,ESN,Focus > Pre Workout > Pre-workout met cafeïne,ESN0016
57163,Maxi Nutrition MaxIsolate,Maxi Nutrition MaxIsolate,out of stock,new,54.99 EUR,,https://thehealthhouse.nl/product/maxi-nutrition-maxisolate/,https://thehealthhouse.nl/wp-content/uploads/2026/08/live-maxi0077.png,,Maxi Nutrition,Eiwitten > Eiwitten Isolaat,
57171,Maxi Nutrition MaxClear,Maxi Nutrition MaxClear,out of stock,new,29.69 EUR,,https://thehealthhouse.nl/product/maxi-nutrition-maxclear/,https://thehealthhouse.nl/wp-content/uploads/2026/08/live-maxi0084.png,,Maxi Nutrition,Clear whey > Eiwitten,
57173,Maxi Nutrition MaxPresso – 300 gram,Maxi Nutrition MaxPresso – 300 gram,out of stock,new,16.49 EUR,,https://thehealthhouse.nl/product/maxi-nutrition-maxpresso-300-gram/,https://thehealthhouse.nl/wp-content/uploads/2026/08/live-maxi0086.png,,Maxi Nutrition,Eiwitten > Whey eiwit,MAXI0086
57187,More Protein – 360 gram,More Protein – 360 gram,out of stock,new,27.49 EUR,,https://thehealthhouse.nl/product/more-protein-360-gram/,https://thehealthhouse.nl/wp-content/uploads/2026/08/live-more0002.png,,More,Eiwitten > Whey eiwit,MORE0002
57309,Applied Nutrition Vitamin D3 – 90 capsules,Applied Nutrition Vitamin D3 – 90 capsules,out of stock,new,15.40 EUR,,https://thehealthhouse.nl/product/applied-nutrition-vitamin-d3-90-capsules/,https://thehealthhouse.nl/wp-content/uploads/2026/08/live-ap0324.png,,Applied Nutrition,Vitamine D > Vitamines,AP0324
57315,Nutrend Glutamine Compressed Caps – 120 capsules,Nutrend Glutamine Compressed Caps – 120 capsules,out of stock,new,18.69 EUR,,https://thehealthhouse.nl/product/nutrend-glutamine-compressed-caps-120-capsules/,https://thehealthhouse.nl/wp-content/uploads/2026/08/live-nu0141.png,,Nutrend,Aminozuren > Glutamine,NU0141
57323,Applied Nutrition ABE Bullet Shaker – 400 ml,Applied Nutrition ABE Bullet Shaker – 400 ml,out of stock,new,10.99 EUR,,https://thehealthhouse.nl/product/applied-nutrition-abe-bullet-shaker-400-ml/,https://thehealthhouse.nl/wp-content/uploads/2026/08/live-ap0387.png,,Applied Nutrition,Accessoires / Shakers,AP0387
57325,Nutrend Amino Power Liquid,Nutrend Amino Power Liquid,out of stock,new,16.49 EUR,,https://thehealthhouse.nl/product/nutrend-amino-power-liquid/,https://thehealthhouse.nl/wp-content/uploads/2026/08/live-nu0126.png,,Nutrend,Aminozuren > EAA,
57359,Applied Nutrition CLA Gold 1000 – 100 softgels,Applied Nutrition CLA Gold 1000 – 100 softgels,out of stock,new,21.99 EUR,,https://thehealthhouse.nl/product/applied-nutrition-cla-gold-1000-100-softgels/,https://thehealthhouse.nl/wp-content/uploads/2026/08/live-ap0098.png,,Applied Nutrition,CLA > Gewichtsbeheersing,AP0098
57361,"Applied Nutrition Calcium &#038; Magnesium – 60 capsules","Applied Nutrition Calcium &#038; Magnesium – 60 capsules",out of stock,new,16.49 EUR,,https://thehealthhouse.nl/product/applied-nutrition-calcium-magnesium-60-capsules/,https://thehealthhouse.nl/wp-content/uploads/2026/08/live-ap0088.png,,Applied Nutrition,Calcium > Magnesium > Mineralen,AP0088
57365,Applied Nutrition L-Carnitine 1500 – 120 capsules,Applied Nutrition L-Carnitine 1500 – 120 capsules,out of stock,new,21.99 EUR,,https://thehealthhouse.nl/product/applied-nutrition-l-carnitine-1500-120-capsules/,https://thehealthhouse.nl/wp-content/uploads/2026/08/live-ap0240.png,,Applied Nutrition,Gewichtsbeheersing > L-carnitine,AP0240
57367,Applied Nutrition Multi-Vitamin Complex – 90 capsules,Applied Nutrition Multi-Vitamin Complex – 90 capsules,out of stock,new,15.40 EUR,,https://thehealthhouse.nl/product/applied-nutrition-multi-vitamin-complex-90-capsules/,https://thehealthhouse.nl/wp-content/uploads/2026/08/live-ap0262.png,,Applied Nutrition,Multivitamine > Vitamines,AP0262
57369,Applied Nutrition Shaker – 700 ml,Applied Nutrition Shaker – 700 ml,out of stock,new,6.49 EUR,,https://thehealthhouse.nl/product/applied-nutrition-shaker-700-ml/,https://thehealthhouse.nl/wp-content/uploads/2026/08/live-ap0291.png,,Applied Nutrition,Accessoires / Shakers,AP0291
57373,Applied Nutrition Tri-Omega 3 6 9 – 100 softgels,Applied Nutrition Tri-Omega 3 6 9 – 100 softgels,out of stock,new,17.59 EUR,,https://thehealthhouse.nl/product/applied-nutrition-tri-omega-3-6-9-100-softgels/,https://thehealthhouse.nl/wp-content/uploads/2026/08/live-ap0301.png,,Applied Nutrition,Gezondheidsproducten > Omega 3,AP0301
57375,Cellucor C4 Shaker – 750 ml,Cellucor C4 Shaker – 750 ml,out of stock,new,10.99 EUR,,https://thehealthhouse.nl/product/cellucor-c4-shaker-750-ml/,https://thehealthhouse.nl/wp-content/uploads/2026/08/live-c40051.png,,Cellucor,Accessoires / Shakers,C40051
57379,Nutrend Sport Bottle Bidon – 1000 ml,Nutrend Sport Bottle Bidon – 1000 ml,out of stock,new,10.99 EUR,,https://thehealthhouse.nl/product/nutrend-sport-bottle-bidon-1000-ml/,https://thehealthhouse.nl/wp-content/uploads/2026/08/live-nu0224.png,,Nutrend,Accessoires / Shakers,NU0224
57515,Nutrend Fat Direct Shot – 20 x 60 ml,Nutrend Fat Direct Shot – 20 x 60 ml,out of stock,new,38.49 EUR,,https://thehealthhouse.nl/product/nutrend-fat-direct-shot-20-x-60-ml/,https://thehealthhouse.nl/wp-content/uploads/2026/08/live-nu0063.png,,Nutrend,Afslanksupplementen > Gewichtsbeheersing,NU0063
57517,"Applied Nutrition CLA, L-Carnitine &#038; Green Tea – 100 softgels","Applied Nutrition CLA, L-Carnitine &#038; Green Tea – 100 softgels",out of stock,new,32.99 EUR,,https://thehealthhouse.nl/product/applied-nutrition-cla-l-carnitine-green-tea-100-softgels/,https://thehealthhouse.nl/wp-content/uploads/2026/08/live-ap0097.png,,Applied Nutrition,Aminozuren > CLA > Gewichtsbeheersing,AP0097
57533,Applied Nutrition Omega 3 – 100 softgels,Applied Nutrition Omega 3 – 100 softgels,out of stock,new,17.59 EUR,,https://thehealthhouse.nl/product/applied-nutrition-omega-3-100-softgels/,https://thehealthhouse.nl/wp-content/uploads/2026/08/live-ap0264.png,,Applied Nutrition,Gezondheidsproducten > Omega 3,AP0264
57615,Maxi Nutrition EAA-Powder – 250 gram,Maxi Nutrition EAA-Powder – 250 gram,out of stock,new,27.49 EUR,,https://thehealthhouse.nl/product/maxi-nutrition-eaa-powder-250-gram/,https://thehealthhouse.nl/wp-content/uploads/2026/08/live-maxi0087.png,,Maxi Nutrition,Aminozuren > EAA,MAXI0087
57623,More Protein Satisbites – 12 x 50 gram,More Protein Satisbites – 12 x 50 gram,out of stock,new,38.49 EUR,,https://thehealthhouse.nl/product/more-protein-satisbites-12-x-50-gram/,https://thehealthhouse.nl/wp-content/uploads/2026/08/live-more0001.png,,More,Eiwitrepen > Eiwitten > Voeding,MORE0001
57869,Red Bull Energy Drink – 24 x 250 ml,Red Bull Energy Drink – 24 x 250 ml,out of stock,new,43.99 EUR,,https://thehealthhouse.nl/product/red-bull-energy-drink-24-x-250-ml/,https://thehealthhouse.nl/wp-content/uploads/2026/08/live-rb0005-1.png,,Red Bull,Dranken > Energiedrank,RB0005